+ . /scratch/lus/arw/model/slurm/modelenv.sh
++ source /scratch/lus/arw/.bash_profile
++ export START_DATE=2026081812
++ START_DATE=2026081812
++ export MPAS_WITH_DUST=yes
++ MPAS_WITH_DUST=yes
++ export USE_WRF_RESTART_FACLITY=yes
++ USE_WRF_RESTART_FACLITY=yes
++ export COMPILER=intel
++ COMPILER=intel
++ export COMPILER_MPAS=cce
++ COMPILER_MPAS=cce
++ export COMPILER_WRF=cce
++ COMPILER_WRF=cce
++ export COMPILER_WRFDA=intel
++ COMPILER_WRFDA=intel
++ export COMPILER_JEDI=intel
++ COMPILER_JEDI=intel
++ export WRF_VERSION=4.7.1
++ WRF_VERSION=4.7.1
++ export MPAS_RESOLUTION=12
++ MPAS_RESOLUTION=12
++ export MPAS_LEVS=56
++ MPAS_LEVS=56
++ export WRFVAR_CRTM_VERSION=2.3.0
++ WRFVAR_CRTM_VERSION=2.3.0
++ export GSI_CRTM_VERSION=2.3.0
++ GSI_CRTM_VERSION=2.3.0
++ export WRFDA_VERSION=4.7.1
++ WRFDA_VERSION=4.7.1
++ export GSI_VERSION=3.7
++ GSI_VERSION=3.7
++ export LBC_TYPE=GFS
++ LBC_TYPE=GFS
++ export LBC_TYPE=MPAS
++ LBC_TYPE=MPAS
++ export SIZE_METGRID_MPAS=7083982280
++ SIZE_METGRID_MPAS=7083982280
++ export SIZE_METGRID_GFS=7083983428
++ SIZE_METGRID_GFS=7083983428
++ export SIZE_UNGRIB_MPAS=5754291504
++ SIZE_UNGRIB_MPAS=5754291504
++ export SIZE_UNGRIB_GFS=5754291504
++ SIZE_UNGRIB_GFS=5754291504
++ export SIZE_UNGRIB_VAR=SIZE_UNGRIB_MPAS
++ SIZE_UNGRIB_VAR=SIZE_UNGRIB_MPAS
++ export SIZE_UNGRIB=5754291504
++ SIZE_UNGRIB=5754291504
++ export SIZE_METGRID_VAR=SIZE_METGRID_MPAS
++ SIZE_METGRID_VAR=SIZE_METGRID_MPAS
++ export SIZE_METGRID=7083982280
++ SIZE_METGRID=7083982280
++ export DIRECTLY_FROM_MPAS=no
++ DIRECTLY_FROM_MPAS=no
++ export NUM_METGRID_LEVELS=42
++ NUM_METGRID_LEVELS=42
++ '[' no = yes ']'
++ '[' yes = yes ']'
++ export MPAS_VERSION=8.0.v
++ MPAS_VERSION=8.0.v
++ export DUST=.dust
++ DUST=.dust
++ export MPASOUT_FILE_SIZE=24000000000
++ MPASOUT_FILE_SIZE=24000000000
++ export NDAYS=7
++ NDAYS=7
++ export FORECAST_LENGTH=168
++ FORECAST_LENGTH=168
++ export LBC_FREQUENCY=3
++ LBC_FREQUENCY=3
++ export GFS_MAX_FORECAST=180
++ GFS_MAX_FORECAST=180
++ export ARCHIVE_FREQUENCY=3
++ ARCHIVE_FREQUENCY=3
++ export GET_LBC_LOCALLY=no
++ GET_LBC_LOCALLY=no
++ export FORECAST_LENGTH_ASSIM=9
++ FORECAST_LENGTH_ASSIM=9
++ export LBC_FREQUENCY_ASSIM=3
++ LBC_FREQUENCY_ASSIM=3
++ export BUFR=1
++ BUFR=1
++ export CRTM=1
++ CRTM=1
++ export EM_CORE=1
++ EM_CORE=1
++ export WRF_EM_CORE=1
++ WRF_EM_CORE=1
++ export NMM_CORE=0
++ NMM_CORE=0
++ export COAMPS_CORE=0
++ COAMPS_CORE=0
++ export WRF_NMM_CORE=0
++ WRF_NMM_CORE=0
++ export WRFIO_NCD_LARGE_FILE_SUPPORT=1
++ WRFIO_NCD_LARGE_FILE_SUPPORT=1
++ export WRF_CHEM=1
++ WRF_CHEM=1
++ export WRF_KPP=1
++ WRF_KPP=1
++ export WRF_DOMAIN=AFAD
++ WRF_DOMAIN=AFAD
++ export WLON=-180.
++ WLON=-180.
++ export ELON=180.
++ ELON=180.
++ export SLAT=-90.
++ SLAT=-90.
++ export NLAT=90.
++ NLAT=90.
++ export MPAS_DOMAIN=GLOBAL
++ MPAS_DOMAIN=GLOBAL
++ export MPAS_FORECAST_LENGTH=10_00:00:00
++ MPAS_FORECAST_LENGTH=10_00:00:00
++ export MPAS_FORECAST_LENGTH_HOURS=240
++ MPAS_FORECAST_LENGTH_HOURS=240
++ export GFS_LEVS=42
++ GFS_LEVS=42
++ export STAT_NMC=yes
++ STAT_NMC=yes
++ export CHEM_IN_OPT=0
++ CHEM_IN_OPT=0
++ export HYBRID_OPT=2
++ HYBRID_OPT=2
++ export USE_THETA_M=1
++ USE_THETA_M=1
++ export IO_API=PNETCDF
++ IO_API=PNETCDF
++ export CV_OPTIONS=3
++ CV_OPTIONS=3
++ export FGAT=yes
++ FGAT=yes
++ export BLEND=yes
++ BLEND=yes
++ export FIRST_GUESS=MPAS
++ FIRST_GUESS=MPAS
++ export WIND_THIN=5
++ WIND_THIN=5
++ export OGR_GEOMETRY_ACCEPT_UNCLOSED_RING=YES
++ OGR_GEOMETRY_ACCEPT_UNCLOSED_RING=YES
++ export TILESERVER=maptiler/tileserver-gl
++ TILESERVER=maptiler/tileserver-gl
++ export TILESERVER=tileserver-gl-light
++ TILESERVER=tileserver-gl-light
++ export SOFT_ROOT=/scratch/lus/dev
++ SOFT_ROOT=/scratch/lus/dev
++ export MODEL_ROOT=/scratch/lus/arw/model
++ MODEL_ROOT=/scratch/lus/arw/model
++ export ASCII_ROOT=/scratch/lus/arw/model/src/ascii
++ ASCII_ROOT=/scratch/lus/arw/model/src/ascii
++ export OBS_SRC=/scratch/lus/arw/model/src/obs
++ OBS_SRC=/scratch/lus/arw/model/src/obs
++ export MODEL_RUN=/scratch/lus/tmp/arw/day/
++ MODEL_RUN=/scratch/lus/tmp/arw/day/
++ export WORKDIR=/scratch/lus/tmp
++ WORKDIR=/scratch/lus/tmp
++ export ARCHIVE=/scratch/lus/archive/
++ ARCHIVE=/scratch/lus/archive/
++ export INSTALLROOT=/scratch/lus/arw/model/wps
++ INSTALLROOT=/scratch/lus/arw/model/wps
++ export EXT_DATAROOT=/scratch/lus/arw/model/wps/domains/AFAD
++ EXT_DATAROOT=/scratch/lus/arw/model/wps/domains/AFAD
++ export MOAD_DATAROOT=/scratch/lus/arw/model/wps/domains/AFAD
++ MOAD_DATAROOT=/scratch/lus/arw/model/wps/domains/AFAD
++ export JASPERLIB=/scratch/lus/dev/lib
++ JASPERLIB=/scratch/lus/dev/lib
++ export JASPERINC=/scratch/lus/dev/include
++ JASPERINC=/scratch/lus/dev/include
++ export RTTOV=/scratch/lus/arw/model/var/rttov
++ RTTOV=/scratch/lus/arw/model/var/rttov
++ export MODEL_LOG=/scratch/lus/arw/model/log
++ MODEL_LOG=/scratch/lus/arw/model/log
++ export LOG=/scratch/lus/arw/model/log
++ LOG=/scratch/lus/arw/model/log
++ export LASTLOG=/scratch/lus/arw/model/lastlog
++ LASTLOG=/scratch/lus/arw/model/lastlog
++ export WRF_DIR=/scratch/lus/arw/model/src/wrf/cce/4.7.1/WRF
++ WRF_DIR=/scratch/lus/arw/model/src/wrf/cce/4.7.1/WRF
++ export VAR_DIR=/scratch/lus/arw/model/src/wrf/intel/4.7.1/WRFDA/var
++ VAR_DIR=/scratch/lus/arw/model/src/wrf/intel/4.7.1/WRFDA/var
++ export WPS_DIR=/scratch/lus/arw/model/src/wrf/cce/4.7.1/WPS
++ WPS_DIR=/scratch/lus/arw/model/src/wrf/cce/4.7.1/WPS
++ export GSI_DIR=/scratch/lus/arw/model/src/gsi/intel/3.7
++ GSI_DIR=/scratch/lus/arw/model/src/gsi/intel/3.7
++ export GSI_FIX_DIR=/scratch/lus/arw/model/src/gsi/intel/3.7/fix
++ GSI_FIX_DIR=/scratch/lus/arw/model/src/gsi/intel/3.7/fix
++ export CRTM_DIR=/scratch/lus/arw/model/src/crtm
++ CRTM_DIR=/scratch/lus/arw/model/src/crtm
++ export WPS_GEOG=/scratch/lus/arw/model/wps/WPS_GEOG
++ WPS_GEOG=/scratch/lus/arw/model/wps/WPS_GEOG
++ export WRF_DOM=/scratch/lus/arw/model/wps/domains/AFAD/geogrid/modis/4.7.1
++ WRF_DOM=/scratch/lus/arw/model/wps/domains/AFAD/geogrid/modis/4.7.1
++ export MPAS_DIR=/scratch/lus/arw/model/src/mpas/cce/8.0.v
++ MPAS_DIR=/scratch/lus/arw/model/src/mpas/cce/8.0.v
++ export MESH_DIR=/scratch/lus/arw/model/src/mpas/meshes/12/
++ MESH_DIR=/scratch/lus/arw/model/src/mpas/meshes/12/
++ export UNIPOST_DIR=/scratch/lus/arw/model/src/post/intel/UPPV4.1
++ UNIPOST_DIR=/scratch/lus/arw/model/src/post/intel/UPPV4.1
++ export UNIPOST_CRTM_DIR=/scratch/lus/arw/model/src/post/intel/UPPV4.1/sorc/comlibs/crtm2/src/fix
++ UNIPOST_CRTM_DIR=/scratch/lus/arw/model/src/post/intel/UPPV4.1/sorc/comlibs/crtm2/src/fix
++ export POST_OUT_FORMAT=grib2
++ POST_OUT_FORMAT=grib2
++ export GSI_CRTM=/scratch/lus/arw/model/src/crtm/2.3.0
++ GSI_CRTM=/scratch/lus/arw/model/src/crtm/2.3.0
++ export GFS_LBC_DIR=/scratch/lus/tmp/arw/day/gfs
++ GFS_LBC_DIR=/scratch/lus/tmp/arw/day/gfs
++ export MPAS_LBC_DIR=/scratch/lus/tmp/arw/day
++ MPAS_LBC_DIR=/scratch/lus/tmp/arw/day
++ export LOCAL_LBC_DIR=/scratch/lus/tmp/arw/day/lbc
++ LOCAL_LBC_DIR=/scratch/lus/tmp/arw/day/lbc
++ export ARCHIVE_WRF=/scratch/lus/archive/wrf
++ ARCHIVE_WRF=/scratch/lus/archive/wrf
++ export ARCHIVE_MPAS=/scratch/lus/archive/mps
++ ARCHIVE_MPAS=/scratch/lus/archive/mps
++ export ARCHIVE_GFS=/scratch/lus/archive/gfs
++ ARCHIVE_GFS=/scratch/lus/archive/gfs
++ export REMOTE_ARCHIVE=/home/data1/arw/oper
++ REMOTE_ARCHIVE=/home/data1/arw/oper
++ export GRAPH_WRF=/scratch/lus/data/WRF
++ GRAPH_WRF=/scratch/lus/data/WRF
++ export REMOTE_GRAPH_MPAS=/opt/MPS
++ REMOTE_GRAPH_MPAS=/opt/MPS
++ export REMOTE_GRAPH_WRF=/opt/WRF
++ REMOTE_GRAPH_WRF=/opt/WRF
++ export REMOTE_GRAPH_GFS=/home/GFS
++ REMOTE_GRAPH_GFS=/home/GFS
++ export REMOTE_GRAPH_AIGFS=/home/AIGFS
++ REMOTE_GRAPH_AIGFS=/home/AIGFS
++ export REMOTE_GRAPH_AIFS=/home/AIFS
++ REMOTE_GRAPH_AIFS=/home/AIFS
++ export REMOTE_GRAPH_PANGU=/home/PANGU
++ REMOTE_GRAPH_PANGU=/home/PANGU
++ export REMOTE_GRAPH_GCAST=/home/GCAST
++ REMOTE_GRAPH_GCAST=/home/GCAST
++ export GRAPH_MPAS=/scratch/lus/data/MPS
++ GRAPH_MPAS=/scratch/lus/data/MPS
++ export GRAPH_GFS=/scratch/lus/data/GFS
++ GRAPH_GFS=/scratch/lus/data/GFS
++ export GRAPH_AIGFS=/scratch/lus/data/AIGFS
++ GRAPH_AIGFS=/scratch/lus/data/AIGFS
++ export GRAPH_AIFS=/scratch/lus/data/AIFS
++ GRAPH_AIFS=/scratch/lus/data/AIFS
++ export GRAPH_PANGU=/scratch/lus/data/PANGU
++ GRAPH_PANGU=/scratch/lus/data/PANGU
++ export GRAPH_GCAST=/scratch/lus/data/GCAST
++ GRAPH_GCAST=/scratch/lus/data/GCAST
++ export GRAPH_ECM=/scratch/lus/data/ECM
++ GRAPH_ECM=/scratch/lus/data/ECM
++ export GRAPH_ICN=/scratch/lus/data/ICN
++ GRAPH_ICN=/scratch/lus/data/ICN
++ export GRIB_LOC=/scratch/lus/data/LOC
++ GRIB_LOC=/scratch/lus/data/LOC
++ export SMS_ROOT=/scratch/lus/tmp/arw/day/sms/
++ SMS_ROOT=/scratch/lus/tmp/arw/day/sms/
++ export T=/scratch/lus/tmp
++ T=/scratch/lus/tmp
++ export R=/scratch/lus/arw/model/log
++ R=/scratch/lus/arw/model/log
++ export B=/scratch/lus/tmp/arw/day/lbc
++ B=/scratch/lus/tmp/arw/day/lbc
++ export D=/scratch/lus/tmp/arw/day
++ D=/scratch/lus/tmp/arw/day
++ export O=/scratch/lus/archive/
++ O=/scratch/lus/archive/
++ export DAD=/scratch/lus/tmp/arw/day//assim
++ DAD=/scratch/lus/tmp/arw/day//assim
++ export ECMWF_HOST=https://data.ecmwf.int/forecasts
++ ECMWF_HOST=https://data.ecmwf.int/forecasts
++ export ECMWF_DIR=ifs/0p25/oper
++ ECMWF_DIR=ifs/0p25/oper
++ export NCEP=ftpprd.ncep.noaa.gov
++ NCEP=ftpprd.ncep.noaa.gov
++ export NCEP_DIR=/pub/data/nccf/com/obsproc/prod/
++ NCEP_DIR=/pub/data/nccf/com/obsproc/prod/
++ export NCEP_SITE1=ftp://ftpprd.ncep.noaa.gov/
++ NCEP_SITE1=ftp://ftpprd.ncep.noaa.gov/
++ export NCEP_SITE2=https://nomads.ncep.noaa.gov
++ NCEP_SITE2=https://nomads.ncep.noaa.gov
++ export NCEP_SITE=https://nomads.ncep.noaa.gov
++ NCEP_SITE=https://nomads.ncep.noaa.gov
++ export JAVA_ROOT=/usr/lib64/jvm/java
++ JAVA_ROOT=/usr/lib64/jvm/java
++ export JAVA_HOME=/usr/lib64/jvm/java
++ JAVA_HOME=/usr/lib64/jvm/java
++ export JAVA_BINDIR=/usr/lib64/jvm/java/bin
++ JAVA_BINDIR=/usr/lib64/jvm/java/bin
++ export PB2LTR=/scratch/lus/arw/model/src/obs/converter/pb2ltr.exe
++ PB2LTR=/scratch/lus/arw/model/src/obs/converter/pb2ltr.exe
++ export LTR2NDG=/scratch/lus/arw/model/src/obs/converter/RT_fdda_reformat_obsnud.pl
++ LTR2NDG=/scratch/lus/arw/model/src/obs/converter/RT_fdda_reformat_obsnud.pl
++ export SMSDATE=/scratch/lus/dev/bin/smsdate
++ SMSDATE=/scratch/lus/dev/bin/smsdate
++ export JSMIN=/scratch/lus/dev/bin/jsmin
++ JSMIN=/scratch/lus/dev/bin/jsmin
++ export 'JSMIN=jq -c . '
++ JSMIN='jq -c . '
++ export SQUEUE=/usr/bin/squeue
++ SQUEUE=/usr/bin/squeue
++ export SCANCEL=/usr/bin/scancel
++ SCANCEL=/usr/bin/scancel
++ export SBATCH=/usr/bin/sbatch
++ SBATCH=/usr/bin/sbatch
++ export 'STIME=/usr/bin/time -v'
++ STIME='/usr/bin/time -v'
++ export LFTP=/scratch/lus/dev/bin/lftp
++ LFTP=/scratch/lus/dev/bin/lftp
++ export NCL=/scratch/lus/dev/bin/ncl
++ NCL=/scratch/lus/dev/bin/ncl
++ export NCATTED=/scratch/lus/dev/bin/ncatted
++ NCATTED=/scratch/lus/dev/bin/ncatted
++ export COPYGB=/scratch/lus/dev/bin/copygb.exe
++ COPYGB=/scratch/lus/dev/bin/copygb.exe
++ export PCOPYGB=/scratch/lus/dev/bin/pcopygb.py
++ PCOPYGB=/scratch/lus/dev/bin/pcopygb.py
++ export CDO=/scratch/lus/dev/bin/cdo
++ CDO=/scratch/lus/dev/bin/cdo
++ export WGRIB2=/scratch/lus/dev/bin/wgrib2
++ WGRIB2=/scratch/lus/dev/bin/wgrib2
++ export WGRIB=/scratch/lus/dev/bin/wgrib
++ WGRIB=/scratch/lus/dev/bin/wgrib
++ export 'GRB1TO2=/scratch/lus/dev/bin/grb1to2.pl '
++ GRB1TO2='/scratch/lus/dev/bin/grb1to2.pl '
++ export GRIB2CTL=/scratch/lus/dev/bin/grib2ctl.pl
++ GRIB2CTL=/scratch/lus/dev/bin/grib2ctl.pl
++ export GBLAV2CTL=/scratch/lus/arw/bin/gblav2ctl.pl
++ GBLAV2CTL=/scratch/lus/arw/bin/gblav2ctl.pl
++ export G2CTL=/scratch/lus/dev/bin/g2ctl.pl
++ G2CTL=/scratch/lus/dev/bin/g2ctl.pl
++ export ALTG2CTL=/scratch/lus/dev/bin/alt_g2ctl
++ ALTG2CTL=/scratch/lus/dev/bin/alt_g2ctl
++ export GRIBMAP=/scratch/lus/dev/opengrads/gribmap
++ GRIBMAP=/scratch/lus/dev/opengrads/gribmap
++ export ALTGRIBMAP=/scratch/lus/dev/bin/alt_gmp
++ ALTGRIBMAP=/scratch/lus/dev/bin/alt_gmp
++ export PB2NC=/scratch/lus/arw/model/src/met.new/bin/pb2nc
++ PB2NC=/scratch/lus/arw/model/src/met.new/bin/pb2nc
++ export POINTSTAT=/scratch/lus/arw/model/src/met.new/bin/point_stat
++ POINTSTAT=/scratch/lus/arw/model/src/met.new/bin/point_stat
++ export GRIB2JSON=/scratch/lus/dev/bin/grib2json
++ GRIB2JSON=/scratch/lus/dev/bin/grib2json
++ export CNVGRIB=/scratch/lus/dev/bin/cnvgrib
++ CNVGRIB=/scratch/lus/dev/bin/cnvgrib
++ export PCNVGRIB=/scratch/lus/dev/bin/pcnvgrib.py
++ PCNVGRIB=/scratch/lus/dev/bin/pcnvgrib.py
++ export GDALPOLYGON=/scratch/lus/dev/bin/gdal_polygonize.py
++ GDALPOLYGON=/scratch/lus/dev/bin/gdal_polygonize.py
++ export OGR2OGR=/scratch/lus/dev/bin/ogr2ogr
++ OGR2OGR=/scratch/lus/dev/bin/ogr2ogr
++ export OGRMERGE=/scratch/lus/dev/bin/ogrmerge.py
++ OGRMERGE=/scratch/lus/dev/bin/ogrmerge.py
++ export LABELS=/scratch/lus/dev/bin/lab.py
++ LABELS=/scratch/lus/dev/bin/lab.py
++ export 'GDALWARP=/scratch/lus/dev/bin/gdalwarp -t_srs '\''+proj=latlong +datum=WGS84'\'' '
++ GDALWARP='/scratch/lus/dev/bin/gdalwarp -t_srs '\''+proj=latlong +datum=WGS84'\'' '
++ export 'GDALWARP=/scratch/lus/dev/bin/gdalwarp -t_srs EPSG:4326 '
++ GDALWARP='/scratch/lus/dev/bin/gdalwarp -t_srs EPSG:4326 '
++ export MAX_ZOOM_TILES=7
++ MAX_ZOOM_TILES=7
++ export OBS2IODA=/scratch/lus/arw/model/src/obs2ioda/obs2ioda.x
++ OBS2IODA=/scratch/lus/arw/model/src/obs2ioda/obs2ioda.x
++ export 'TILEJOIN=/scratch/lus/dev/bin/tile-join -pk '
++ TILEJOIN='/scratch/lus/dev/bin/tile-join -pk '
++ export GDALCONT=/scratch/lus/dev/bin/gdal_contour
++ GDALCONT=/scratch/lus/dev/bin/gdal_contour
++ export GDAL_TRANSLATE=/scratch/lus/dev/bin/gdal_translate
++ GDAL_TRANSLATE=/scratch/lus/dev/bin/gdal_translate
++ export 'GDALBAND=/scratch/lus/dev/bin/gdal_contour -p'
++ GDALBAND='/scratch/lus/dev/bin/gdal_contour -p'
++ export ISOBANDS=/scratch/lus/dev/bin/isobands.matplot_lib
++ ISOBANDS=/scratch/lus/dev/bin/isobands.matplot_lib
++ export 'RASTER_TO_GEOJSON=/scratch/lus/dev/bin/raster_to_geojson '
++ RASTER_TO_GEOJSON='/scratch/lus/dev/bin/raster_to_geojson '
++ export GDALCALC=/scratch/lus/dev/bin/gdal_calc.py
++ GDALCALC=/scratch/lus/dev/bin/gdal_calc.py
++ export OGR2OGR=/scratch/lus/dev/bin/ogr2ogr
++ OGR2OGR=/scratch/lus/dev/bin/ogr2ogr
++ export OGRMERGE=/scratch/lus/dev/bin/ogrmerge.py
++ OGRMERGE=/scratch/lus/dev/bin/ogrmerge.py
++ export DOCKER=/usr/bin/docker
++ DOCKER=/usr/bin/docker
++ export 'GDALPERF= -multi --config GDAL_CACHEMAX 512 --config GDAL_NUM_THREADS ALL_CPUS '
++ GDALPERF=' -multi --config GDAL_CACHEMAX 512 --config GDAL_NUM_THREADS ALL_CPUS '
++ export GRADS=/scratch/lus/dev/opengrads/grads
++ GRADS=/scratch/lus/dev/opengrads/grads
++ export 'MBUTIL=/scratch/lus/dev/bin/mb-util --image_format=pbf '
++ MBUTIL='/scratch/lus/dev/bin/mb-util --image_format=pbf '
++ MONTHS=("jan" "feb" "mar" "apr" "may" "jun" "jul" "aug" "sep" "oct" "nov" "dec")
++ export MONTHS
++ export UNGRIB=/scratch/lus/arw/model/src/wrf/intel/4.2.2/WPS/orig/WPS-master/ungrib/src/ungrib.exe
++ UNGRIB=/scratch/lus/arw/model/src/wrf/intel/4.2.2/WPS/orig/WPS-master/ungrib/src/ungrib.exe
++ export METGRID_MPAS=/scratch/lus/arw/model/src/util/metgrid_mpas/metgrid/src/metgrid.exe
++ METGRID_MPAS=/scratch/lus/arw/model/src/util/metgrid_mpas/metgrid/src/metgrid.exe
++ export TIPPECANOE_MAX_THREADS=4
++ TIPPECANOE_MAX_THREADS=4
++ export 'TPCANOE=/scratch/lus/dev/bin/tippecanoe   --no-feature-limit   --temporary-directory=/dev/shm   --extend-zooms-if-still-dropping   --no-tiny-polygon-reduction   --no-simplification-of-shared-nodes   -P -f -z7'
++ TPCANOE='/scratch/lus/dev/bin/tippecanoe   --no-feature-limit   --temporary-directory=/dev/shm   --extend-zooms-if-still-dropping   --no-tiny-polygon-reduction   --no-simplification-of-shared-nodes   -P -f -z7'
++ export MPICH_ENV_DISPLAY=0
++ MPICH_ENV_DISPLAY=0
++ export MPICH_VERSION_DISPLAY=0
++ MPICH_VERSION_DISPLAY=0
++ export PMI_VERSION_DISPLAY=0
++ PMI_VERSION_DISPLAY=0
++ export MPICH_ABORT_ON_ERROR=1
++ MPICH_ABORT_ON_ERROR=1
++ export MPICH_RANK_REORDER_DISPLAY=0
++ MPICH_RANK_REORDER_DISPLAY=0
++ export MPICH_MPIIO_HINTS_DISPLAY=0
++ MPICH_MPIIO_HINTS_DISPLAY=0
++ export MPICH_MPIIO_AGGREGATOR_PLACEMENT_DISPLAY=0
++ MPICH_MPIIO_AGGREGATOR_PLACEMENT_DISPLAY=0
++ export USE_UCX=yes
++ USE_UCX=yes
++ export USE_OLD_MPICH=no
++ USE_OLD_MPICH=no
++ export 'MPICH_OFI_USE_PROVIDER=verbs;ofi_rxm'
++ MPICH_OFI_USE_PROVIDER='verbs;ofi_rxm'
++ export FI_OFI_RXM_TX_SIZE=128000
++ FI_OFI_RXM_TX_SIZE=128000
++ export FI_OFI_RXM_RX_SIZE=128000
++ FI_OFI_RXM_RX_SIZE=128000
++ ulimit -s unlimited
++ ulimit -a
core file size          (blocks, -c) 0
data seg size           (kbytes, -d) unlimited
scheduling priority             (-e) 0
file size               (blocks, -f) unlimited
pending signals                 (-i) 1026535
max locked memory       (kbytes, -l) unlimited
max memory size         (kbytes, -m) 214843392
open files                      (-n) 131072
pipe size            (512 bytes, -p) 8
POSIX message queues     (bytes, -q) 819200
real-time priority              (-r) 0
stack size              (kbytes, -s) unlimited
cpu time               (seconds, -t) unlimited
max user processes              (-u) 1026535
virtual memory          (kbytes, -v) unlimited
file locks                      (-x) unlimited
++ ulimit -c 0
++ export WEB_HOST=10.253.2.12
++ WEB_HOST=10.253.2.12
++ export WEB=10.253.2.12
++ WEB=10.253.2.12
++ export CLM1=10.253.2.11
++ CLM1=10.253.2.11
++ export CLM2=10.253.2.12
++ CLM2=10.253.2.12
++ export HP1=10.253.2.13
++ HP1=10.253.2.13
++ export HP2=10.253.2.14
++ HP2=10.253.2.14
++ export HP3=10.253.2.15
++ HP3=10.253.2.15
++ export WEB_DIR=/home/web_site/secure
++ WEB_DIR=/home/web_site/secure
++ export NWPOUT_HOST=172.16.20.54
++ NWPOUT_HOST=172.16.20.54
++ export NWPOUT_USER=nwpout
++ NWPOUT_USER=nwpout
+ module purge
++ /opt/cray/pe/modules/3.2.11.7/bin/modulecmd bash purge
+ eval LD_LIBRARY_PATH=/scratch/lus/dev/ncl/lib:/scratch/lus/dev/paraview/lib:/scratch/lus/dev/paraview/lib/paraview-5.11:/scratch/lus/dev/lib64:/scratch/lus/dev/lib:/scratch/lus/dev/lib64:/scratch/lus/dev/lib:/scratch/lus/dev/lib:/scratch/lus/dev/lib64:/scratch/lus/dev/ncl/lib:/opt/cray/pe/netcdf/4.9.0.13/INTEL/2023.2/lib:/opt/cray/pe/libsci/24.07.0/INTEL/2023.2/x86_64/lib:/opt/cray/pe/mpich/8.1.30/ofi/intel/2022.1/lib:/opt/cray/pe/mpich/8.1.30/gtl/lib:/opt/cray/pe/dsmml/0.3.0/dsmml/lib:/opt/cray/pe/perftools/24.07.0/lib64:/scratch/lus/dev/degrib/tcltk/lib:/scratch/lus/dev/ncl/lib:/scratch/lus/dev/paraview/lib:/scratch/lus/dev/paraview/lib/paraview-5.11:/scratch/lus/dev/lib64:/scratch/lus/dev/lib:/scratch/lus/dev/lib64:/scratch/lus/dev/lib:/scratch/lus/dev/lib:/scratch/lus/dev/lib64:/scratch/lus/dev/ncl/lib:/opt/cray/pe/netcdf/4.9.0.13/INTEL/2023.2/lib:/opt/cray/pe/libsci/24.07.0/INTEL/2023.2/x86_64/lib:/opt/cray/pe/mpich/8.1.30/ofi/intel/2022.1/lib:/opt/cray/pe/mpich/8.1.30/gtl/lib:/opt/cray/pe/dsmml/0.3.0/dsmml/lib:/opt/cray/pe/perftools/24.07.0/lib64:/scratch/lus/dev/degrib/tcltk/lib:/scratch/lus/dev/ncl/lib:/scratch/lus/dev/paraview/lib:/scratch/lus/dev/paraview/lib/paraview-5.11:/scratch/lus/dev/lib64:/scratch/lus/dev/lib:/scratch/lus/dev/lib64:/scratch/lus/dev/lib:/scratch/lus/dev/lib:/scratch/lus/dev/lib64:/scratch/lus/dev/ncl/lib:/opt/cray/pe/libsci/24.07.0/CRAY/17.0/x86_64/lib:/opt/cray/pe/mpich/8.1.30/ofi/cray/17.0/lib:/opt/cray/pe/mpich/8.1.30/gtl/lib:/opt/cray/pe/dsmml/0.3.0/dsmml/lib:/opt/cray/pe/cce/18.0.0/cce-clang/x86_64/lib:/opt/cray/pe/cce/18.0.0/cce/x86_64/lib:/opt/cray/pe/perftools/24.07.0/lib64:/scratch/lus/dev/degrib/tcltk/lib:/scratch/lus/dev/ncl/lib:/scratch/lus/dev/lib:/scratch/lus/arw/model/src/iodaconv/lib64:/scratch/lus/arw/model/src/ioda/lib64:/scratch/lus/arw/model/src/jedi/lib64:/scratch/lus/dev/ncl/lib:/scratch/lus/dev/lib:/scratch/lus/arw/model/src/iodaconv/lib64:/scratch/lus/arw/model/src/ioda/lib64:/scratch/lus/arw/model/src/jedi/lib64:/scratch/lus/dev/ncl/lib:/scratch/lus/dev/lib:/scratch/lus/arw/model/src/iodaconv/lib64:/scratch/lus/arw/model/src/ioda/lib64:/scratch/lus/arw/model/src/jedi/lib64 ';export' 'LD_LIBRARY_PATH;MANPATH=/opt/cray/pe/modules/3.2.11.7/share/man:/opt/cray/pe/modules/3.2.11.7/share/man:/opt/cray/pe/modules/3.2.11.7/share/man:/opt/cray/pe/modules/3.2.11.7/share/man:/opt/cray/pe/modules/3.2.11.7/share/man:/opt/cray/pe/modules/3.2.11.7/share/man:/opt/c3/man:/opt/clmgr/man:/opt/sgi/share/man:/opt/clmgr/share/man:/opt/clmgr/lib/cm-cli/man:/scratch/lus/dev/man:/opt/clmgr/man:/opt/sgi/share/man:/opt/clmgr/share/man:/opt/clmgr/lib/cm-cli/man:/scratch/lus/dev/man:/opt/clmgr/man:/opt/sgi/share/man:/opt/clmgr/share/man:/opt/clmgr/lib/cm-cli/man:/scratch/lus/dev/man' ';export' 'MANPATH;MODULEPATH=/scratch/lus/arw/model/src/nceplibs/modules:/opt/cray/pe/modulefiles:/opt/cray/modulefiles:/opt/modulefiles:/opt/cray/pe/craype-targets/default/modulefiles:/scratch/lus/nvidia/hpc_sdk/modulefiles/:/scratch/lus/modulefiles:/scratch/lus/craysoft/cray/modulefiles' ';export' 'MODULEPATH;PATH=/scratch/lus/dev/paraview/bin:/scratch/lus/dev/bin:/scratch/lus/dev/bin:/scratch/lus/arw/.local/bin:/scratch/lus/dev/bin:/scratch/lus/arw/model/bin:.:/opt/clmgr/sbin:/opt/clmgr/bin:/opt/sgi/sbin:/opt/sgi/bin:/scratch/lus/dev/paraview/bin:/scratch/lus/dev/bin:/scratch/lus/dev/bin:/scratch/lus/arw/.local/bin:/scratch/lus/dev/bin:/scratch/lus/arw/model/bin:.:/opt/clmgr/sbin:/opt/clmgr/bin:/opt/sgi/sbin:/opt/sgi/bin:/scratch/lus/dev/paraview/bin:/scratch/lus/dev/bin:/scratch/lus/dev/bin:/scratch/lus/arw/.local/bin:/scratch/lus/dev/bin:/scratch/lus/arw/model/bin:.:/opt/clmgr/sbin:/opt/clmgr/bin:/opt/sgi/sbin:/opt/sgi/bin:/usr/bin:/bin:/usr/X11R6/bin:/opt/c3/bin:/usr/lib/mit/bin:/sbin:/bin:/sbin:/usr/sbin:/usr/bin:/opt/opengrads:/scratch/lus/dev/opengrads:/scratch/lus/dev/bin:/scratch/lus/arw/model/src/iodaconv/bin:/scratch/lus/arw/model/src/ioda/bin:/scratch/lus/arw/model/src/jedi/bin:/scratch/lus/dev/ncl/bin:/scratch/lus/dev/bin:/scratch/lus/dev/sbin:/pe:/usr/lib/mit/bin:/sbin:/bin:/sbin:/usr/sbin:/usr/bin:/opt/opengrads:/scratch/lus/dev/opengrads:/scratch/lus/dev/bin:/scratch/lus/arw/model/src/iodaconv/bin:/scratch/lus/arw/model/src/ioda/bin:/scratch/lus/arw/model/src/jedi/bin:/scratch/lus/dev/ncl/bin:/scratch/lus/dev/bin:/scratch/lus/dev/sbin:/pe:/usr/lib/mit/bin:/sbin:/bin:/sbin:/usr/sbin:/usr/bin:/opt/opengrads:/scratch/lus/dev/opengrads:/scratch/lus/dev/bin:/scratch/lus/arw/model/src/iodaconv/bin:/scratch/lus/arw/model/src/ioda/bin:/scratch/lus/arw/model/src/jedi/bin:/scratch/lus/dev/ncl/bin:/scratch/lus/dev/bin:/scratch/lus/dev/sbin:/pe' ';export' 'PATH;PKG_CONFIG_PATH=/scratch/lus/dev/lib64/pkgconfig:/scratch/lus/dev/lib64/pkgconfig:/scratch/lus/dev/lib64/pkgconfig:/opt/cray/xpmem/default/lib64/pkgconfig:/opt/cray/xpmem/default/lib64/pkgconfig:/opt/cray/xpmem/default/lib64/pkgconfig' ';export' 'PKG_CONFIG_PATH;unset' 'APP2_STATE;unset' 'ATP_CFLAGS;unset' 'ATP_CFLAGS_GNU_FORTRAN;unset' 'CMAKE_PREFIX_PATH;unset' 'CMPLR_ROOT;unset' 'CPATH;unset' 'CRAYPAT_LD_LIBRARY_PATH;unset' 'CRAYPAT_OPTS_EXECUTABLE;unset' 'CRAYPAT_ROOT;unset' 'CRAYPE_DIR;unset' 'CRAYPE_NETWORK_TARGET;unset' 'CRAYPE_VERSION;unset' 'CRAY_CPU_TARGET;unset' 'CRAY_DSMML_BASEDIR;unset' 'CRAY_DSMML_DIR;unset' 'CRAY_DSMML_PREFIX;unset' 'CRAY_DSMML_ROOTDIR;unset' 'CRAY_DSMML_VER;unset' 'CRAY_LD_LIBRARY_PATH;unset' 'CRAY_LIBSCI_BASE_DIR;unset' 'CRAY_LIBSCI_PREFIX;unset' 'CRAY_LIBSCI_PREFIX_DIR;unset' 'CRAY_LIBSCI_VERSION;unset' 'CRAY_MPICH_BASEDIR;unset' 'CRAY_MPICH_DIR;unset' 'CRAY_MPICH_PREFIX;unset' 'CRAY_MPICH_VER;unset' 'CRAY_MPICH_VERSION;unset' 'CRAY_NETCDF_DIR;unset' 'CRAY_NETCDF_PREFIX;unset' 'CRAY_NETCDF_VERSION;unset' 'CRAY_PERFTOOLS_PREFIX;unset' 'CRAY_PERFTOOLS_VERSION;unset' 'CRAY_PE_MODULES;unset' 'CRAY_PRGENVINTEL;unset' 'CRAY_PYTHON_PREFIX;unset' 'CRAY_PYTHON_VERSION;unset' 'CRAY_R_PREFIX;unset' 'CRAY_R_VERSION;unset' 'CRAY_XPMEM_INCLUDE_OPTS;unset' 'CRAY_XPMEM_POST_LINK_OPTS;unset' 'DIAGUTIL_PATH;unset' 'INTEL_COMPILER_TYPE;unset' 'INTEL_PATH;unset' 'INTEL_VERSION;unset' 'LIBRARY_PATH;unset' 'LOADEDMODULES;unset' 'MKLROOT;unset' 'MPICH_DIR;unset' 'NETCDF_DIR;unset' 'OCL_ICD_FILENAMES;unset' 'OFFLOAD_INIT;unset' 'PAT_RT_PERFCTR_DISABLE_COMPONENTS;unset' 'PERFTOOLS_VERSION;unset' 'PE_AOCC_DEFAULT_FIXED_PKGCONFIG_PATH;unset' 'PE_AOCC_FIXED_PKGCONFIG_PATH;unset' 'PE_ATP_PKGCONFIG_VARIABLES;unset' 'PE_CRAYCLANG_DEFAULT_FIXED_PKGCONFIG_PATH;unset' 'PE_CRAYCLANG_FIXED_PKGCONFIG_PATH;unset' 'PE_CRAY_DEFAULT_FIXED_PKGCONFIG_PATH;unset' 'PE_CRAY_FIXED_PKGCONFIG_PATH;unset' 'PE_CXX_PKGCONFIG_LIBS;unset' 'PE_DSMML_DEFAULT_VOLATILE_PKGCONFIG_PATH;unset' 'PE_DSMML_MODULE_NAME;unset' 'PE_DSMML_PKGCONFIG_LIBS;unset' 'PE_DSMML_VOLATILE_PKGCONFIG_PATH;unset' 'PE_ENV;unset' 'PE_FFTW_DEFAULT_TARGET_share;unset' 'PE_FFTW_DEFAULT_TARGET_x86_64;unset' 'PE_FFTW_DEFAULT_TARGET_x86_cascadelake;unset' 'PE_FFTW_DEFAULT_TARGET_x86_genoa;unset' 'PE_FFTW_DEFAULT_TARGET_x86_icelake;unset' 'PE_FFTW_DEFAULT_TARGET_x86_milan;unset' 'PE_FFTW_DEFAULT_TARGET_x86_milan_x;unset' 'PE_FFTW_DEFAULT_TARGET_x86_rome;unset' 'PE_FFTW_DEFAULT_TARGET_x86_skylake;unset' 'PE_FFTW_DEFAULT_TARGET_x86_spr;unset' 'PE_FFTW_DEFAULT_TARGET_x86_trento;unset' 'PE_FFTW_DEFAULT_VOLATILE_PKGCONFIG_PATH;unset' 'PE_FORTRAN_DEFAULT_PKGCONFIG_LIBS;unset' 'PE_FORTRAN_PKGCONFIG_LIBS;unset' 'PE_GNU_DEFAULT_FIXED_PKGCONFIG_PATH;unset' 'PE_GNU_FIXED_PKGCONFIG_PATH;unset' 'PE_HDF5_DEFAULT_FIXED_PRGENV;unset' 'PE_HDF5_PARALLEL_DEFAULT_FIXED_PRGENV;unset' 'PE_HDF5_PARALLEL_DEFAULT_REQUIRED_PRODUCTS;unset' 'PE_INTEL_DEFAULT_FIXED_PKGCONFIG_PATH;unset' 'PE_INTEL_FIXED_PKGCONFIG_PATH;unset' 'PE_LIBSCI_DEFAULT_FIXED_PRGENV;unset' 'PE_LIBSCI_DEFAULT_GENCOMPILERS_AOCC_x86_64;unset' 'PE_LIBSCI_DEFAULT_GENCOMPILERS_CRAYCLANG_x86_64;unset' 'PE_LIBSCI_DEFAULT_GENCOMPILERS_CRAY_x86_64;unset' 'PE_LIBSCI_DEFAULT_GENCOMPILERS_GNU_x86_64;unset' 'PE_LIBSCI_DEFAULT_GENCOMPILERS_INTEL_x86_64;unset' 'PE_LIBSCI_DEFAULT_GENCOMPILERS_NVHPC_x86_64;unset' 'PE_LIBSCI_DEFAULT_GENCOMPILERS_NVIDIA_x86_64;unset' 'PE_LIBSCI_DEFAULT_GENCOMPS_AOCC_x86_64;unset' 'PE_LIBSCI_DEFAULT_GENCOMPS_CRAYCLANG_x86_64;unset' 'PE_LIBSCI_DEFAULT_GENCOMPS_CRAY_x86_64;unset' 'PE_LIBSCI_DEFAULT_GENCOMPS_GNU_x86_64;unset' 'PE_LIBSCI_DEFAULT_GENCOMPS_INTEL_x86_64;unset' 'PE_LIBSCI_DEFAULT_GENCOMPS_NVHPC_x86_64;unset' 'PE_LIBSCI_DEFAULT_GENCOMPS_NVIDIA_x86_64;unset' 'PE_LIBSCI_DEFAULT_OMP_REQUIRES;unset' 'PE_LIBSCI_DEFAULT_OMP_REQUIRES_openmp;unset' 'PE_LIBSCI_DEFAULT_PKGCONFIG_VARIABLES;unset' 'PE_LIBSCI_DEFAULT_VOLATILE_PKGCONFIG_PATH;unset' 'PE_LIBSCI_DEFAULT_VOLATILE_PRGENV;unset' 'PE_LIBSCI_DIR;unset' 'PE_LIBSCI_FIXED_PRGENV;unset' 'PE_LIBSCI_GENCOMPILERS_AOCC_x86_64;unset' 'PE_LIBSCI_GENCOMPILERS_CRAYCLANG_x86_64;unset' 'PE_LIBSCI_GENCOMPILERS_CRAY_x86_64;unset' 'PE_LIBSCI_GENCOMPILERS_GNU_x86_64;unset' 'PE_LIBSCI_GENCOMPILERS_INTEL_x86_64;unset' 'PE_LIBSCI_GENCOMPILERS_NVHPC_x86_64;unset' 'PE_LIBSCI_GENCOMPILERS_NVIDIA_x86_64;unset' 'PE_LIBSCI_GENCOMPS_AOCC_x86_64;unset' 'PE_LIBSCI_GENCOMPS_CRAYCLANG_x86_64;unset' 'PE_LIBSCI_GENCOMPS_CRAY_x86_64;unset' 'PE_LIBSCI_GENCOMPS_GNU_x86_64;unset' 'PE_LIBSCI_GENCOMPS_INTEL_x86_64;unset' 'PE_LIBSCI_GENCOMPS_NVHPC_x86_64;unset' 'PE_LIBSCI_GENCOMPS_NVIDIA_x86_64;unset' 'PE_LIBSCI_MODULE_NAME;unset' 'PE_LIBSCI_OMP_REQUIRES;unset' 'PE_LIBSCI_OMP_REQUIRES_openmp;unset' 'PE_LIBSCI_PKGCONFIG_LIBS;unset' 'PE_LIBSCI_PKGCONFIG_VARIABLES;unset' 'PE_LIBSCI_VOLATILE_PKGCONFIG_PATH;unset' 'PE_LIBSCI_VOLATILE_PRGENV;unset' 'PE_MPICH_DEFAULT_FIXED_PRGENV;unset' 'PE_MPICH_DEFAULT_FORTRAN_PKGCONFIG_LIBS;unset' 'PE_MPICH_DEFAULT_GTL_DIR_amd_gfx906;unset' 'PE_MPICH_DEFAULT_GTL_DIR_amd_gfx908;unset' 'PE_MPICH_DEFAULT_GTL_DIR_amd_gfx90a;unset' 'PE_MPICH_DEFAULT_GTL_DIR_amd_gfx940;unset' 'PE_MPICH_DEFAULT_GTL_DIR_amd_gfx942;unset' 'PE_MPICH_DEFAULT_GTL_DIR_nvidia70;unset' 'PE_MPICH_DEFAULT_GTL_DIR_nvidia80;unset' 'PE_MPICH_DEFAULT_GTL_DIR_nvidia90;unset' 'PE_MPICH_DEFAULT_GTL_DIR_ponteVecchio;unset' 'PE_MPICH_DEFAULT_GTL_LIBS_amd_gfx906;unset' 'PE_MPICH_DEFAULT_GTL_LIBS_amd_gfx908;unset' 'PE_MPICH_DEFAULT_GTL_LIBS_amd_gfx90a;unset' 'PE_MPICH_DEFAULT_GTL_LIBS_amd_gfx940;unset' 'PE_MPICH_DEFAULT_GTL_LIBS_amd_gfx942;unset' 'PE_MPICH_DEFAULT_GTL_LIBS_nvidia70;unset' 'PE_MPICH_DEFAULT_GTL_LIBS_nvidia80;unset' 'PE_MPICH_DEFAULT_GTL_LIBS_nvidia90;unset' 'PE_MPICH_DEFAULT_GTL_LIBS_ponteVecchio;unset' 'PE_MPICH_DEFAULT_PKGCONFIG_LIBS;unset' 'PE_MPICH_DEFAULT_PKGCONFIG_VARIABLES;unset' 'PE_MPICH_DEFAULT_VOLATILE_PKGCONFIG_PATH;unset' 'PE_MPICH_DEFAULT_VOLATILE_PRGENV;unset' 'PE_MPICH_FIXED_PRGENV;unset' 'PE_MPICH_FORTRAN_PKGCONFIG_LIBS;unset' 'PE_MPICH_GENCOMPILERS_AMD;unset' 'PE_MPICH_GENCOMPILERS_AOCC;unset' 'PE_MPICH_GENCOMPILERS_CRAY;unset' 'PE_MPICH_GENCOMPILERS_CRAYCLANG;unset' 'PE_MPICH_GENCOMPILERS_GNU;unset' 'PE_MPICH_GENCOMPILERS_NVIDIA;unset' 'PE_MPICH_GTL_DIR_amd_gfx906;unset' 'PE_MPICH_GTL_DIR_amd_gfx908;unset' 'PE_MPICH_GTL_DIR_amd_gfx90a;unset' 'PE_MPICH_GTL_DIR_amd_gfx940;unset' 'PE_MPICH_GTL_DIR_amd_gfx942;unset' 'PE_MPICH_GTL_DIR_nvidia70;unset' 'PE_MPICH_GTL_DIR_nvidia80;unset' 'PE_MPICH_GTL_DIR_nvidia90;unset' 'PE_MPICH_GTL_DIR_ponteVecchio;unset' 'PE_MPICH_GTL_LIBS_amd_gfx906;unset' 'PE_MPICH_GTL_LIBS_amd_gfx908;unset' 'PE_MPICH_GTL_LIBS_amd_gfx90a;unset' 'PE_MPICH_GTL_LIBS_amd_gfx940;unset' 'PE_MPICH_GTL_LIBS_amd_gfx942;unset' 'PE_MPICH_GTL_LIBS_nvidia70;unset' 'PE_MPICH_GTL_LIBS_nvidia80;unset' 'PE_MPICH_GTL_LIBS_nvidia90;unset' 'PE_MPICH_GTL_LIBS_ponteVecchio;unset' 'PE_MPICH_MODULE_NAME;unset' 'PE_MPICH_PKGCONFIG_LIBS;unset' 'PE_MPICH_PKGCONFIG_VARIABLES;unset' 'PE_MPICH_VOLATILE_PKGCONFIG_PATH;unset' 'PE_MPICH_VOLATILE_PRGENV;unset' 'PE_NETCDF_BASEDIR;unset' 'PE_NETCDF_CXX_PKGCONFIG_LIBS;unset' 'PE_NETCDF_DEFAULT_FIXED_PRGENV;unset' 'PE_NETCDF_DEFAULT_REQUIRED_PRODUCTS;unset' 'PE_NETCDF_FIXED_PRGENV;unset' 'PE_NETCDF_FORTRAN_PKGCONFIG_LIBS;unset' 'PE_NETCDF_HDF5PARALLEL_DEFAULT_FIXED_PRGENV;unset' 'PE_NETCDF_HDF5PARALLEL_DEFAULT_REQUIRED_PRODUCTS;unset' 'PE_NETCDF_MODULE_NAME;unset' 'PE_NETCDF_PKGCONFIG_LIBS;unset' 'PE_NETCDF_REQUIRED_PRODUCTS;unset' 'PE_NVHPC_DEFAULT_FIXED_PKGCONFIG_PATH;unset' 'PE_NVHPC_FIXED_PKGCONFIG_PATH;unset' 'PE_NVIDIA_DEFAULT_FIXED_PKGCONFIG_PATH;unset' 'PE_NVIDIA_FIXED_PKGCONFIG_PATH;unset' 'PE_PAPI_DEFAULT_ACCELL_FAMILY_LIBS;unset' 'PE_PAPI_DEFAULT_ACCEL_FAMILY_LIBS_nvidia;unset' 'PE_PAPI_DEFAULT_ACCEL_LIBS;unset' 'PE_PAPI_DEFAULT_ACCEL_LIBS_nvidia35;unset' 'PE_PAPI_DEFAULT_PKGCONFIG_VARIABLES;unset' 'PE_PARALLEL_NETCDF_DEFAULT_FIXED_PRGENV;unset' 'PE_PERFTOOLS_MPICH_LIBDIR;unset' 'PE_PKGCONFIG_DEFAULT_LIBS;unset' 'PE_PKGCONFIG_DEFAULT_PRODUCTS;unset' 'PE_PKGCONFIG_LIBS;unset' 'PE_PKGCONFIG_PRODUCTS;unset' 'PE_PKGCONFIG_PRODUCTS_DEFAULT;unset' 'PE_PKG_CONFIG_PATH;unset' 'PE_PRODUCT_LIST;unset' 'PE_SMA_DEFAULT_COMPFLAG;unset' 'PE_SMA_DEFAULT_COMPFLAG_GNU;unset' 'PE_SMA_DEFAULT_DIR_CRAY_DEFAULT64;unset' 'PE_SMA_DEFAULT_DIR_PGI_DEFAULT64;unset' 'PE_SMA_DEFAULT_PKGCONFIG_VARIABLES;unset' 'PE_SMA_DEFAULT_VOLATILE_PKGCONFIG_PATH;unset' 'PE_XPMEM_PKGCONFIG_LIBS;unset' 'PKGCONFIG_ENABLED;unset' 'PKG_CONFIG_PATH_DEFAULT;unset' 'PYTHON_PATH;unset' '_LMFILES_;unset' 'intel_already_loaded;'
++ LD_LIBRARY_PATH=/scratch/lus/dev/ncl/lib:/scratch/lus/dev/paraview/lib:/scratch/lus/dev/paraview/lib/paraview-5.11:/scratch/lus/dev/lib64:/scratch/lus/dev/lib:/scratch/lus/dev/lib64:/scratch/lus/dev/lib:/scratch/lus/dev/lib:/scratch/lus/dev/lib64:/scratch/lus/dev/ncl/lib:/opt/cray/pe/netcdf/4.9.0.13/INTEL/2023.2/lib:/opt/cray/pe/libsci/24.07.0/INTEL/2023.2/x86_64/lib:/opt/cray/pe/mpich/8.1.30/ofi/intel/2022.1/lib:/opt/cray/pe/mpich/8.1.30/gtl/lib:/opt/cray/pe/dsmml/0.3.0/dsmml/lib:/opt/cray/pe/perftools/24.07.0/lib64:/scratch/lus/dev/degrib/tcltk/lib:/scratch/lus/dev/ncl/lib:/scratch/lus/dev/paraview/lib:/scratch/lus/dev/paraview/lib/paraview-5.11:/scratch/lus/dev/lib64:/scratch/lus/dev/lib:/scratch/lus/dev/lib64:/scratch/lus/dev/lib:/scratch/lus/dev/lib:/scratch/lus/dev/lib64:/scratch/lus/dev/ncl/lib:/opt/cray/pe/netcdf/4.9.0.13/INTEL/2023.2/lib:/opt/cray/pe/libsci/24.07.0/INTEL/2023.2/x86_64/lib:/opt/cray/pe/mpich/8.1.30/ofi/intel/2022.1/lib:/opt/cray/pe/mpich/8.1.30/gtl/lib:/opt/cray/pe/dsmml/0.3.0/dsmml/lib:/opt/cray/pe/perftools/24.07.0/lib64:/scratch/lus/dev/degrib/tcltk/lib:/scratch/lus/dev/ncl/lib:/scratch/lus/dev/paraview/lib:/scratch/lus/dev/paraview/lib/paraview-5.11:/scratch/lus/dev/lib64:/scratch/lus/dev/lib:/scratch/lus/dev/lib64:/scratch/lus/dev/lib:/scratch/lus/dev/lib:/scratch/lus/dev/lib64:/scratch/lus/dev/ncl/lib:/opt/cray/pe/libsci/24.07.0/CRAY/17.0/x86_64/lib:/opt/cray/pe/mpich/8.1.30/ofi/cray/17.0/lib:/opt/cray/pe/mpich/8.1.30/gtl/lib:/opt/cray/pe/dsmml/0.3.0/dsmml/lib:/opt/cray/pe/cce/18.0.0/cce-clang/x86_64/lib:/opt/cray/pe/cce/18.0.0/cce/x86_64/lib:/opt/cray/pe/perftools/24.07.0/lib64:/scratch/lus/dev/degrib/tcltk/lib:/scratch/lus/dev/ncl/lib:/scratch/lus/dev/lib:/scratch/lus/arw/model/src/iodaconv/lib64:/scratch/lus/arw/model/src/ioda/lib64:/scratch/lus/arw/model/src/jedi/lib64:/scratch/lus/dev/ncl/lib:/scratch/lus/dev/lib:/scratch/lus/arw/model/src/iodaconv/lib64:/scratch/lus/arw/model/src/ioda/lib64:/scratch/lus/arw/model/src/jedi/lib64:/scratch/lus/dev/ncl/lib:/scratch/lus/dev/lib:/scratch/lus/arw/model/src/iodaconv/lib64:/scratch/lus/arw/model/src/ioda/lib64:/scratch/lus/arw/model/src/jedi/lib64
++ export LD_LIBRARY_PATH
++ MANPATH=/opt/cray/pe/modules/3.2.11.7/share/man:/opt/cray/pe/modules/3.2.11.7/share/man:/opt/cray/pe/modules/3.2.11.7/share/man:/opt/cray/pe/modules/3.2.11.7/share/man:/opt/cray/pe/modules/3.2.11.7/share/man:/opt/cray/pe/modules/3.2.11.7/share/man:/opt/c3/man:/opt/clmgr/man:/opt/sgi/share/man:/opt/clmgr/share/man:/opt/clmgr/lib/cm-cli/man:/scratch/lus/dev/man:/opt/clmgr/man:/opt/sgi/share/man:/opt/clmgr/share/man:/opt/clmgr/lib/cm-cli/man:/scratch/lus/dev/man:/opt/clmgr/man:/opt/sgi/share/man:/opt/clmgr/share/man:/opt/clmgr/lib/cm-cli/man:/scratch/lus/dev/man
++ export MANPATH
++ MODULEPATH=/scratch/lus/arw/model/src/nceplibs/modules:/opt/cray/pe/modulefiles:/opt/cray/modulefiles:/opt/modulefiles:/opt/cray/pe/craype-targets/default/modulefiles:/scratch/lus/nvidia/hpc_sdk/modulefiles/:/scratch/lus/modulefiles:/scratch/lus/craysoft/cray/modulefiles
++ export MODULEPATH
++ PATH=/scratch/lus/dev/paraview/bin:/scratch/lus/dev/bin:/scratch/lus/dev/bin:/scratch/lus/arw/.local/bin:/scratch/lus/dev/bin:/scratch/lus/arw/model/bin:.:/opt/clmgr/sbin:/opt/clmgr/bin:/opt/sgi/sbin:/opt/sgi/bin:/scratch/lus/dev/paraview/bin:/scratch/lus/dev/bin:/scratch/lus/dev/bin:/scratch/lus/arw/.local/bin:/scratch/lus/dev/bin:/scratch/lus/arw/model/bin:.:/opt/clmgr/sbin:/opt/clmgr/bin:/opt/sgi/sbin:/opt/sgi/bin:/scratch/lus/dev/paraview/bin:/scratch/lus/dev/bin:/scratch/lus/dev/bin:/scratch/lus/arw/.local/bin:/scratch/lus/dev/bin:/scratch/lus/arw/model/bin:.:/opt/clmgr/sbin:/opt/clmgr/bin:/opt/sgi/sbin:/opt/sgi/bin:/usr/bin:/bin:/usr/X11R6/bin:/opt/c3/bin:/usr/lib/mit/bin:/sbin:/bin:/sbin:/usr/sbin:/usr/bin:/opt/opengrads:/scratch/lus/dev/opengrads:/scratch/lus/dev/bin:/scratch/lus/arw/model/src/iodaconv/bin:/scratch/lus/arw/model/src/ioda/bin:/scratch/lus/arw/model/src/jedi/bin:/scratch/lus/dev/ncl/bin:/scratch/lus/dev/bin:/scratch/lus/dev/sbin:/pe:/usr/lib/mit/bin:/sbin:/bin:/sbin:/usr/sbin:/usr/bin:/opt/opengrads:/scratch/lus/dev/opengrads:/scratch/lus/dev/bin:/scratch/lus/arw/model/src/iodaconv/bin:/scratch/lus/arw/model/src/ioda/bin:/scratch/lus/arw/model/src/jedi/bin:/scratch/lus/dev/ncl/bin:/scratch/lus/dev/bin:/scratch/lus/dev/sbin:/pe:/usr/lib/mit/bin:/sbin:/bin:/sbin:/usr/sbin:/usr/bin:/opt/opengrads:/scratch/lus/dev/opengrads:/scratch/lus/dev/bin:/scratch/lus/arw/model/src/iodaconv/bin:/scratch/lus/arw/model/src/ioda/bin:/scratch/lus/arw/model/src/jedi/bin:/scratch/lus/dev/ncl/bin:/scratch/lus/dev/bin:/scratch/lus/dev/sbin:/pe
++ export PATH
++ PKG_CONFIG_PATH=/scratch/lus/dev/lib64/pkgconfig:/scratch/lus/dev/lib64/pkgconfig:/scratch/lus/dev/lib64/pkgconfig:/opt/cray/xpmem/default/lib64/pkgconfig:/opt/cray/xpmem/default/lib64/pkgconfig:/opt/cray/xpmem/default/lib64/pkgconfig
++ export PKG_CONFIG_PATH
++ unset APP2_STATE
++ unset ATP_CFLAGS
++ unset ATP_CFLAGS_GNU_FORTRAN
++ unset CMAKE_PREFIX_PATH
++ unset CMPLR_ROOT
++ unset CPATH
++ unset CRAYPAT_LD_LIBRARY_PATH
++ unset CRAYPAT_OPTS_EXECUTABLE
++ unset CRAYPAT_ROOT
++ unset CRAYPE_DIR
++ unset CRAYPE_NETWORK_TARGET
++ unset CRAYPE_VERSION
++ unset CRAY_CPU_TARGET
++ unset CRAY_DSMML_BASEDIR
++ unset CRAY_DSMML_DIR
++ unset CRAY_DSMML_PREFIX
++ unset CRAY_DSMML_ROOTDIR
++ unset CRAY_DSMML_VER
++ unset CRAY_LD_LIBRARY_PATH
++ unset CRAY_LIBSCI_BASE_DIR
++ unset CRAY_LIBSCI_PREFIX
++ unset CRAY_LIBSCI_PREFIX_DIR
++ unset CRAY_LIBSCI_VERSION
++ unset CRAY_MPICH_BASEDIR
++ unset CRAY_MPICH_DIR
++ unset CRAY_MPICH_PREFIX
++ unset CRAY_MPICH_VER
++ unset CRAY_MPICH_VERSION
++ unset CRAY_NETCDF_DIR
++ unset CRAY_NETCDF_PREFIX
++ unset CRAY_NETCDF_VERSION
++ unset CRAY_PERFTOOLS_PREFIX
++ unset CRAY_PERFTOOLS_VERSION
++ unset CRAY_PE_MODULES
++ unset CRAY_PRGENVINTEL
++ unset CRAY_PYTHON_PREFIX
++ unset CRAY_PYTHON_VERSION
++ unset CRAY_R_PREFIX
++ unset CRAY_R_VERSION
++ unset CRAY_XPMEM_INCLUDE_OPTS
++ unset CRAY_XPMEM_POST_LINK_OPTS
++ unset DIAGUTIL_PATH
++ unset INTEL_COMPILER_TYPE
++ unset INTEL_PATH
++ unset INTEL_VERSION
++ unset LIBRARY_PATH
++ unset LOADEDMODULES
++ unset MKLROOT
++ unset MPICH_DIR
++ unset NETCDF_DIR
++ unset OCL_ICD_FILENAMES
++ unset OFFLOAD_INIT
++ unset PAT_RT_PERFCTR_DISABLE_COMPONENTS
++ unset PERFTOOLS_VERSION
++ unset PE_AOCC_DEFAULT_FIXED_PKGCONFIG_PATH
++ unset PE_AOCC_FIXED_PKGCONFIG_PATH
++ unset PE_ATP_PKGCONFIG_VARIABLES
++ unset PE_CRAYCLANG_DEFAULT_FIXED_PKGCONFIG_PATH
++ unset PE_CRAYCLANG_FIXED_PKGCONFIG_PATH
++ unset PE_CRAY_DEFAULT_FIXED_PKGCONFIG_PATH
++ unset PE_CRAY_FIXED_PKGCONFIG_PATH
++ unset PE_CXX_PKGCONFIG_LIBS
++ unset PE_DSMML_DEFAULT_VOLATILE_PKGCONFIG_PATH
++ unset PE_DSMML_MODULE_NAME
++ unset PE_DSMML_PKGCONFIG_LIBS
++ unset PE_DSMML_VOLATILE_PKGCONFIG_PATH
++ unset PE_ENV
++ unset PE_FFTW_DEFAULT_TARGET_share
++ unset PE_FFTW_DEFAULT_TARGET_x86_64
++ unset PE_FFTW_DEFAULT_TARGET_x86_cascadelake
++ unset PE_FFTW_DEFAULT_TARGET_x86_genoa
++ unset PE_FFTW_DEFAULT_TARGET_x86_icelake
++ unset PE_FFTW_DEFAULT_TARGET_x86_milan
++ unset PE_FFTW_DEFAULT_TARGET_x86_milan_x
++ unset PE_FFTW_DEFAULT_TARGET_x86_rome
++ unset PE_FFTW_DEFAULT_TARGET_x86_skylake
++ unset PE_FFTW_DEFAULT_TARGET_x86_spr
++ unset PE_FFTW_DEFAULT_TARGET_x86_trento
++ unset PE_FFTW_DEFAULT_VOLATILE_PKGCONFIG_PATH
++ unset PE_FORTRAN_DEFAULT_PKGCONFIG_LIBS
++ unset PE_FORTRAN_PKGCONFIG_LIBS
++ unset PE_GNU_DEFAULT_FIXED_PKGCONFIG_PATH
++ unset PE_GNU_FIXED_PKGCONFIG_PATH
++ unset PE_HDF5_DEFAULT_FIXED_PRGENV
++ unset PE_HDF5_PARALLEL_DEFAULT_FIXED_PRGENV
++ unset PE_HDF5_PARALLEL_DEFAULT_REQUIRED_PRODUCTS
++ unset PE_INTEL_DEFAULT_FIXED_PKGCONFIG_PATH
++ unset PE_INTEL_FIXED_PKGCONFIG_PATH
++ unset PE_LIBSCI_DEFAULT_FIXED_PRGENV
++ unset PE_LIBSCI_DEFAULT_GENCOMPILERS_AOCC_x86_64
++ unset PE_LIBSCI_DEFAULT_GENCOMPILERS_CRAYCLANG_x86_64
++ unset PE_LIBSCI_DEFAULT_GENCOMPILERS_CRAY_x86_64
++ unset PE_LIBSCI_DEFAULT_GENCOMPILERS_GNU_x86_64
++ unset PE_LIBSCI_DEFAULT_GENCOMPILERS_INTEL_x86_64
++ unset PE_LIBSCI_DEFAULT_GENCOMPILERS_NVHPC_x86_64
++ unset PE_LIBSCI_DEFAULT_GENCOMPILERS_NVIDIA_x86_64
++ unset PE_LIBSCI_DEFAULT_GENCOMPS_AOCC_x86_64
++ unset PE_LIBSCI_DEFAULT_GENCOMPS_CRAYCLANG_x86_64
++ unset PE_LIBSCI_DEFAULT_GENCOMPS_CRAY_x86_64
++ unset PE_LIBSCI_DEFAULT_GENCOMPS_GNU_x86_64
++ unset PE_LIBSCI_DEFAULT_GENCOMPS_INTEL_x86_64
++ unset PE_LIBSCI_DEFAULT_GENCOMPS_NVHPC_x86_64
++ unset PE_LIBSCI_DEFAULT_GENCOMPS_NVIDIA_x86_64
++ unset PE_LIBSCI_DEFAULT_OMP_REQUIRES
++ unset PE_LIBSCI_DEFAULT_OMP_REQUIRES_openmp
++ unset PE_LIBSCI_DEFAULT_PKGCONFIG_VARIABLES
++ unset PE_LIBSCI_DEFAULT_VOLATILE_PKGCONFIG_PATH
++ unset PE_LIBSCI_DEFAULT_VOLATILE_PRGENV
++ unset PE_LIBSCI_DIR
++ unset PE_LIBSCI_FIXED_PRGENV
++ unset PE_LIBSCI_GENCOMPILERS_AOCC_x86_64
++ unset PE_LIBSCI_GENCOMPILERS_CRAYCLANG_x86_64
++ unset PE_LIBSCI_GENCOMPILERS_CRAY_x86_64
++ unset PE_LIBSCI_GENCOMPILERS_GNU_x86_64
++ unset PE_LIBSCI_GENCOMPILERS_INTEL_x86_64
++ unset PE_LIBSCI_GENCOMPILERS_NVHPC_x86_64
++ unset PE_LIBSCI_GENCOMPILERS_NVIDIA_x86_64
++ unset PE_LIBSCI_GENCOMPS_AOCC_x86_64
++ unset PE_LIBSCI_GENCOMPS_CRAYCLANG_x86_64
++ unset PE_LIBSCI_GENCOMPS_CRAY_x86_64
++ unset PE_LIBSCI_GENCOMPS_GNU_x86_64
++ unset PE_LIBSCI_GENCOMPS_INTEL_x86_64
++ unset PE_LIBSCI_GENCOMPS_NVHPC_x86_64
++ unset PE_LIBSCI_GENCOMPS_NVIDIA_x86_64
++ unset PE_LIBSCI_MODULE_NAME
++ unset PE_LIBSCI_OMP_REQUIRES
++ unset PE_LIBSCI_OMP_REQUIRES_openmp
++ unset PE_LIBSCI_PKGCONFIG_LIBS
++ unset PE_LIBSCI_PKGCONFIG_VARIABLES
++ unset PE_LIBSCI_VOLATILE_PKGCONFIG_PATH
++ unset PE_LIBSCI_VOLATILE_PRGENV
++ unset PE_MPICH_DEFAULT_FIXED_PRGENV
++ unset PE_MPICH_DEFAULT_FORTRAN_PKGCONFIG_LIBS
++ unset PE_MPICH_DEFAULT_GTL_DIR_amd_gfx906
++ unset PE_MPICH_DEFAULT_GTL_DIR_amd_gfx908
++ unset PE_MPICH_DEFAULT_GTL_DIR_amd_gfx90a
++ unset PE_MPICH_DEFAULT_GTL_DIR_amd_gfx940
++ unset PE_MPICH_DEFAULT_GTL_DIR_amd_gfx942
++ unset PE_MPICH_DEFAULT_GTL_DIR_nvidia70
++ unset PE_MPICH_DEFAULT_GTL_DIR_nvidia80
++ unset PE_MPICH_DEFAULT_GTL_DIR_nvidia90
++ unset PE_MPICH_DEFAULT_GTL_DIR_ponteVecchio
++ unset PE_MPICH_DEFAULT_GTL_LIBS_amd_gfx906
++ unset PE_MPICH_DEFAULT_GTL_LIBS_amd_gfx908
++ unset PE_MPICH_DEFAULT_GTL_LIBS_amd_gfx90a
++ unset PE_MPICH_DEFAULT_GTL_LIBS_amd_gfx940
++ unset PE_MPICH_DEFAULT_GTL_LIBS_amd_gfx942
++ unset PE_MPICH_DEFAULT_GTL_LIBS_nvidia70
++ unset PE_MPICH_DEFAULT_GTL_LIBS_nvidia80
++ unset PE_MPICH_DEFAULT_GTL_LIBS_nvidia90
++ unset PE_MPICH_DEFAULT_GTL_LIBS_ponteVecchio
++ unset PE_MPICH_DEFAULT_PKGCONFIG_LIBS
++ unset PE_MPICH_DEFAULT_PKGCONFIG_VARIABLES
++ unset PE_MPICH_DEFAULT_VOLATILE_PKGCONFIG_PATH
++ unset PE_MPICH_DEFAULT_VOLATILE_PRGENV
++ unset PE_MPICH_FIXED_PRGENV
++ unset PE_MPICH_FORTRAN_PKGCONFIG_LIBS
++ unset PE_MPICH_GENCOMPILERS_AMD
++ unset PE_MPICH_GENCOMPILERS_AOCC
++ unset PE_MPICH_GENCOMPILERS_CRAY
++ unset PE_MPICH_GENCOMPILERS_CRAYCLANG
++ unset PE_MPICH_GENCOMPILERS_GNU
++ unset PE_MPICH_GENCOMPILERS_NVIDIA
++ unset PE_MPICH_GTL_DIR_amd_gfx906
++ unset PE_MPICH_GTL_DIR_amd_gfx908
++ unset PE_MPICH_GTL_DIR_amd_gfx90a
++ unset PE_MPICH_GTL_DIR_amd_gfx940
++ unset PE_MPICH_GTL_DIR_amd_gfx942
++ unset PE_MPICH_GTL_DIR_nvidia70
++ unset PE_MPICH_GTL_DIR_nvidia80
++ unset PE_MPICH_GTL_DIR_nvidia90
++ unset PE_MPICH_GTL_DIR_ponteVecchio
++ unset PE_MPICH_GTL_LIBS_amd_gfx906
++ unset PE_MPICH_GTL_LIBS_amd_gfx908
++ unset PE_MPICH_GTL_LIBS_amd_gfx90a
++ unset PE_MPICH_GTL_LIBS_amd_gfx940
++ unset PE_MPICH_GTL_LIBS_amd_gfx942
++ unset PE_MPICH_GTL_LIBS_nvidia70
++ unset PE_MPICH_GTL_LIBS_nvidia80
++ unset PE_MPICH_GTL_LIBS_nvidia90
++ unset PE_MPICH_GTL_LIBS_ponteVecchio
++ unset PE_MPICH_MODULE_NAME
++ unset PE_MPICH_PKGCONFIG_LIBS
++ unset PE_MPICH_PKGCONFIG_VARIABLES
++ unset PE_MPICH_VOLATILE_PKGCONFIG_PATH
++ unset PE_MPICH_VOLATILE_PRGENV
++ unset PE_NETCDF_BASEDIR
++ unset PE_NETCDF_CXX_PKGCONFIG_LIBS
++ unset PE_NETCDF_DEFAULT_FIXED_PRGENV
++ unset PE_NETCDF_DEFAULT_REQUIRED_PRODUCTS
++ unset PE_NETCDF_FIXED_PRGENV
++ unset PE_NETCDF_FORTRAN_PKGCONFIG_LIBS
++ unset PE_NETCDF_HDF5PARALLEL_DEFAULT_FIXED_PRGENV
++ unset PE_NETCDF_HDF5PARALLEL_DEFAULT_REQUIRED_PRODUCTS
++ unset PE_NETCDF_MODULE_NAME
++ unset PE_NETCDF_PKGCONFIG_LIBS
++ unset PE_NETCDF_REQUIRED_PRODUCTS
++ unset PE_NVHPC_DEFAULT_FIXED_PKGCONFIG_PATH
++ unset PE_NVHPC_FIXED_PKGCONFIG_PATH
++ unset PE_NVIDIA_DEFAULT_FIXED_PKGCONFIG_PATH
++ unset PE_NVIDIA_FIXED_PKGCONFIG_PATH
++ unset PE_PAPI_DEFAULT_ACCELL_FAMILY_LIBS
++ unset PE_PAPI_DEFAULT_ACCEL_FAMILY_LIBS_nvidia
++ unset PE_PAPI_DEFAULT_ACCEL_LIBS
++ unset PE_PAPI_DEFAULT_ACCEL_LIBS_nvidia35
++ unset PE_PAPI_DEFAULT_PKGCONFIG_VARIABLES
++ unset PE_PARALLEL_NETCDF_DEFAULT_FIXED_PRGENV
++ unset PE_PERFTOOLS_MPICH_LIBDIR
++ unset PE_PKGCONFIG_DEFAULT_LIBS
++ unset PE_PKGCONFIG_DEFAULT_PRODUCTS
++ unset PE_PKGCONFIG_LIBS
++ unset PE_PKGCONFIG_PRODUCTS
++ unset PE_PKGCONFIG_PRODUCTS_DEFAULT
++ unset PE_PKG_CONFIG_PATH
++ unset PE_PRODUCT_LIST
++ unset PE_SMA_DEFAULT_COMPFLAG
++ unset PE_SMA_DEFAULT_COMPFLAG_GNU
++ unset PE_SMA_DEFAULT_DIR_CRAY_DEFAULT64
++ unset PE_SMA_DEFAULT_DIR_PGI_DEFAULT64
++ unset PE_SMA_DEFAULT_PKGCONFIG_VARIABLES
++ unset PE_SMA_DEFAULT_VOLATILE_PKGCONFIG_PATH
++ unset PE_XPMEM_PKGCONFIG_LIBS
++ unset PKGCONFIG_ENABLED
++ unset PKG_CONFIG_PATH_DEFAULT
++ unset PYTHON_PATH
++ unset _LMFILES_
++ unset intel_already_loaded
+ unset LD_LIBRARY_PATH
+ unset LIBRARY_PATH
+ unset CPATH
+ unset CMAKE_PREFIX_PATH
+ unset PKG_CONFIG_PATH
+ '[' cce = intel ']'
+ '[' cce = cce ']'
+ module load PrgEnv-cray/8.5.0
++ /opt/cray/pe/modules/3.2.11.7/bin/modulecmd bash load PrgEnv-cray/8.5.0
+ eval ASSEMBLER_AARCH64=/opt/cray/pe/cce/18.0.0/binutils/cross/x86_64-aarch64/aarch64-linux-gnu/bin/as ';export' 'ASSEMBLER_AARCH64;ASSEMBLER_X86_64=/opt/cray/pe/cce/18.0.0/binutils/x86_64/x86_64-pc-linux-gnu/bin/as' ';export' 'ASSEMBLER_X86_64;ATP_CFLAGS=' ';export' 'ATP_CFLAGS;ATP_CFLAGS_GNU_FORTRAN=-fno-backtrace' ';export' 'ATP_CFLAGS_GNU_FORTRAN;CC_X86_64=/opt/cray/pe/cce/18.0.0/cce/x86_64' ';export' 'CC_X86_64;COMPILERRT_PATH_X86_64=/opt/cray/pe/cce/18.0.0/cce-clang/x86_64/lib/clang/18/lib/linux' ';export' 'COMPILERRT_PATH_X86_64;CRAYLIBS_AARCH64=/opt/cray/pe/cce/18.0.0/cce/aarch64/lib' ';export' 'CRAYLIBS_AARCH64;CRAYLIBS_X86_64=/opt/cray/pe/cce/18.0.0/cce/x86_64/lib' ';export' 'CRAYLIBS_X86_64;CRAYPE_DIR=/opt/cray/pe/craype/2.7.32' ';export' 'CRAYPE_DIR;CRAYPE_NETWORK_TARGET=ofi' ';export' 'CRAYPE_NETWORK_TARGET;CRAYPE_VERSION=2.7.32' ';export' 'CRAYPE_VERSION;CRAY_BINUTILS_BIN=/opt/cray/pe/cce/18.0.0/binutils/x86_64/bin' ';export' 'CRAY_BINUTILS_BIN;CRAY_BINUTILS_BIN_AARCH64=/opt/cray/pe/cce/18.0.0/binutils/cross/x86_64-aarch64/aarch64-linux-gnu/bin' ';export' 'CRAY_BINUTILS_BIN_AARCH64;CRAY_BINUTILS_BIN_X86_64=/opt/cray/pe/cce/18.0.0/binutils/x86_64/bin' ';export' 'CRAY_BINUTILS_BIN_X86_64;CRAY_BINUTILS_ROOT=/opt/cray/pe/cce/18.0.0/binutils/x86_64/x86_64-pc-linux-gnu/../' ';export' 'CRAY_BINUTILS_ROOT;CRAY_BINUTILS_ROOT_AARCH64=/opt/cray/pe/cce/18.0.0/binutils/cross/x86_64-aarch64/aarch64-linux-gnu/../' ';export' 'CRAY_BINUTILS_ROOT_AARCH64;CRAY_BINUTILS_ROOT_X86_64=/opt/cray/pe/cce/18.0.0/binutils/x86_64/x86_64-pc-linux-gnu/../' ';export' 'CRAY_BINUTILS_ROOT_X86_64;CRAY_BINUTILS_VERSION=/opt/cray/pe/cce/18.0.0' ';export' 'CRAY_BINUTILS_VERSION;CRAY_CCE_CLANGSHARE=/opt/cray/pe/cce/18.0.0/cce-clang/x86_64/share' ';export' 'CRAY_CCE_CLANGSHARE;CRAY_CCE_SHARE=/opt/cray/pe/cce/18.0.0/cce/x86_64/share' ';export' 'CRAY_CCE_SHARE;CRAY_CC_VERSION=18.0.0' ';export' 'CRAY_CC_VERSION;CRAY_CXX_IPA_LIBS=/opt/cray/pe/cce/18.0.0/cce/x86_64/lib/libcray-c++-rts.a' ';export' 'CRAY_CXX_IPA_LIBS;CRAY_CXX_IPA_LIBS_AARCH64=/opt/cray/pe/cce/18.0.0/cce/aarch64/lib/libcray-c++-rts.a' ';export' 'CRAY_CXX_IPA_LIBS_AARCH64;CRAY_CXX_IPA_LIBS_X86_64=/opt/cray/pe/cce/18.0.0/cce/x86_64/lib/libcray-c++-rts.a' ';export' 'CRAY_CXX_IPA_LIBS_X86_64;CRAY_DSMML_BASEDIR=/opt/cray/pe/dsmml/0.3.0' ';export' 'CRAY_DSMML_BASEDIR;CRAY_DSMML_DIR=/opt/cray/pe/dsmml/0.3.0/dsmml' ';export' 'CRAY_DSMML_DIR;CRAY_DSMML_PREFIX=/opt/cray/pe/dsmml/0.3.0/dsmml' ';export' 'CRAY_DSMML_PREFIX;CRAY_DSMML_ROOTDIR=/opt/cray/pe/dsmml/0.3.0' ';export' 'CRAY_DSMML_ROOTDIR;CRAY_DSMML_VER=0.3.0' ';export' 'CRAY_DSMML_VER;CRAY_FTN_VERSION=18.0.0' ';export' 'CRAY_FTN_VERSION;CRAY_LD_LIBRARY_PATH=/opt/cray/pe/libsci/24.07.0/CRAY/17.0/x86_64/lib:/opt/cray/pe/mpich/8.1.30/ofi/cray/17.0/lib:/opt/cray/pe/mpich/8.1.30/gtl/lib:/opt/cray/pe/dsmml/0.3.0/dsmml/lib:/opt/cray/pe/cce/18.0.0/cce-clang/x86_64/lib:/opt/cray/pe/cce/18.0.0/cce/x86_64/lib' ';export' 'CRAY_LD_LIBRARY_PATH;CRAY_LIBSCI_BASE_DIR=/opt/cray/pe/libsci/24.07.0' ';export' 'CRAY_LIBSCI_BASE_DIR;CRAY_LIBSCI_PREFIX=/opt/cray/pe/libsci/24.07.0/CRAY/17.0/x86_64' ';export' 'CRAY_LIBSCI_PREFIX;CRAY_LIBSCI_PREFIX_DIR=/opt/cray/pe/libsci/24.07.0/CRAY/17.0/x86_64' ';export' 'CRAY_LIBSCI_PREFIX_DIR;CRAY_LIBSCI_VERSION=24.07.0' ';export' 'CRAY_LIBSCI_VERSION;CRAY_MPICH_BASEDIR=/opt/cray/pe/mpich/8.1.30/ofi' ';export' 'CRAY_MPICH_BASEDIR;CRAY_MPICH_DIR=/opt/cray/pe/mpich/8.1.30/ofi/cray/17.0' ';export' 'CRAY_MPICH_DIR;CRAY_MPICH_PREFIX=/opt/cray/pe/mpich/8.1.30/ofi/cray/17.0' ';export' 'CRAY_MPICH_PREFIX;CRAY_MPICH_VER=8.1.30' ';export' 'CRAY_MPICH_VER;CRAY_MPICH_VERSION=8.1.30' ';export' 'CRAY_MPICH_VERSION;CRAY_PE_CCE_VARIANT=CC=Clang:FTN=Classic' ';export' 'CRAY_PE_CCE_VARIANT;CRAY_PE_MODULES=cray-libsci' ';export' 'CRAY_PE_MODULES;CRAY_PE_USE_CLANG=/opt/cray/pe/cce/18.0.0/cce-clang/x86_64/bin/clang' ';export' 'CRAY_PE_USE_CLANG;CRAY_PRGENVCRAY=loaded' ';export' 'CRAY_PRGENVCRAY;FORTRAN_SYSTEM_MODULE_NAMES=ftn_lib_definitions' ';export' 'FORTRAN_SYSTEM_MODULE_NAMES;FTN_X86_64=/opt/cray/pe/cce/18.0.0/cce/x86_64' ';export' 'FTN_X86_64;GCC_AARCH64=/opt/gcc-cross-aarch64//aarch64' ';export' 'GCC_AARCH64;GCC_X86_64=/usr' ';export' 'GCC_X86_64;INCLUDE_PATH_AARCH64=/opt/cray/pe/cce/18.0.0/cce/aarch64/include/craylibs' ';export' 'INCLUDE_PATH_AARCH64;INCLUDE_PATH_X86_64=/opt/cray/pe/cce/18.0.0/cce-clang/x86_64/lib/clang/18/include:/opt/cray/pe/cce/18.0.0/cce/x86_64/include/craylibs' ';export' 'INCLUDE_PATH_X86_64;LD_LIBRARY_PATH=/opt/cray/libfabric/1.20.1/lib64' ';export' 'LD_LIBRARY_PATH;LINKER_AARCH64=/opt/cray/pe/cce/18.0.0/binutils/cross/x86_64-aarch64/aarch64-linux-gnu/bin/ld' ';export' 'LINKER_AARCH64;LINKER_X86_64=/opt/cray/pe/cce/18.0.0/binutils/x86_64/x86_64-pc-linux-gnu/bin/ld' ';export' 'LINKER_X86_64;LOADEDMODULES=cce/18.0.0:craype/2.7.32:cray-dsmml/0.3.0:libfabric/1.20.1:craype-network-ofi:cray-mpich/8.1.30:cray-libsci/24.07.0:PrgEnv-cray/8.5.0' ';export' 'LOADEDMODULES;MANPATH=/opt/cray/pe/libsci/24.07.0/share/man:/opt/cray/pe/mpich/8.1.30/ofi/man:/opt/cray/pe/mpich/8.1.30/man/mpich:/opt/cray/libfabric/1.20.1/share/man:/opt/cray/pe/dsmml/0.3.0/dsmml/man/:/opt/cray/pe/craype/2.7.32/man:/opt/cray/pe/cce/18.0.0/cce-clang/x86_64/share/man:/opt/cray/pe/cce/18.0.0/man:/opt/cray/pe/modules/3.2.11.7/share/man:/opt/cray/pe/modules/3.2.11.7/share/man:/opt/cray/pe/modules/3.2.11.7/share/man:/opt/cray/pe/modules/3.2.11.7/share/man:/opt/cray/pe/modules/3.2.11.7/share/man:/opt/cray/pe/modules/3.2.11.7/share/man:/opt/c3/man:/opt/clmgr/man:/opt/sgi/share/man:/opt/clmgr/share/man:/opt/clmgr/lib/cm-cli/man:/scratch/lus/dev/man:/opt/clmgr/man:/opt/sgi/share/man:/opt/clmgr/share/man:/opt/clmgr/lib/cm-cli/man:/scratch/lus/dev/man:/opt/clmgr/man:/opt/sgi/share/man:/opt/clmgr/share/man:/opt/clmgr/lib/cm-cli/man:/scratch/lus/dev/man:/opt/cray/pe/man' ';export' 'MANPATH;MPICH_DIR=/opt/cray/pe/mpich/8.1.30/ofi/cray/17.0' ';export' 'MPICH_DIR;NLSPATH=/opt/cray/pe/cce/18.0.0/cce/x86_64/share/nls/En/%N.cat' ';export' 'NLSPATH;PATH=/opt/cray/pe/mpich/8.1.30/ofi/cray/17.0/bin:/opt/cray/pe/mpich/8.1.30/bin:/opt/cray/libfabric/1.20.1/bin:/opt/cray/pe/craype/2.7.32/bin:/opt/cray/pe/cce/18.0.0/binutils/x86_64/x86_64-pc-linux-gnu/bin:/opt/cray/pe/cce/18.0.0/binutils/cross/x86_64-aarch64/aarch64-linux-gnu/../bin:/opt/cray/pe/cce/18.0.0/utils/x86_64/bin:/opt/cray/pe/cce/18.0.0/bin:/scratch/lus/dev/paraview/bin:/scratch/lus/dev/bin:/scratch/lus/dev/bin:/scratch/lus/arw/.local/bin:/scratch/lus/dev/bin:/scratch/lus/arw/model/bin:.:/opt/clmgr/sbin:/opt/clmgr/bin:/opt/sgi/sbin:/opt/sgi/bin:/scratch/lus/dev/paraview/bin:/scratch/lus/dev/bin:/scratch/lus/dev/bin:/scratch/lus/arw/.local/bin:/scratch/lus/dev/bin:/scratch/lus/arw/model/bin:.:/opt/clmgr/sbin:/opt/clmgr/bin:/opt/sgi/sbin:/opt/sgi/bin:/scratch/lus/dev/paraview/bin:/scratch/lus/dev/bin:/scratch/lus/dev/bin:/scratch/lus/arw/.local/bin:/scratch/lus/dev/bin:/scratch/lus/arw/model/bin:.:/opt/clmgr/sbin:/opt/clmgr/bin:/opt/sgi/sbin:/opt/sgi/bin:/usr/bin:/bin:/usr/X11R6/bin:/opt/c3/bin:/usr/lib/mit/bin:/sbin:/bin:/sbin:/usr/sbin:/usr/bin:/opt/opengrads:/scratch/lus/dev/opengrads:/scratch/lus/dev/bin:/scratch/lus/arw/model/src/iodaconv/bin:/scratch/lus/arw/model/src/ioda/bin:/scratch/lus/arw/model/src/jedi/bin:/scratch/lus/dev/ncl/bin:/scratch/lus/dev/bin:/scratch/lus/dev/sbin:/pe:/usr/lib/mit/bin:/sbin:/bin:/sbin:/usr/sbin:/usr/bin:/opt/opengrads:/scratch/lus/dev/opengrads:/scratch/lus/dev/bin:/scratch/lus/arw/model/src/iodaconv/bin:/scratch/lus/arw/model/src/ioda/bin:/scratch/lus/arw/model/src/jedi/bin:/scratch/lus/dev/ncl/bin:/scratch/lus/dev/bin:/scratch/lus/dev/sbin:/pe:/usr/lib/mit/bin:/sbin:/bin:/sbin:/usr/sbin:/usr/bin:/opt/opengrads:/scratch/lus/dev/opengrads:/scratch/lus/dev/bin:/scratch/lus/arw/model/src/iodaconv/bin:/scratch/lus/arw/model/src/ioda/bin:/scratch/lus/arw/model/src/jedi/bin:/scratch/lus/dev/ncl/bin:/scratch/lus/dev/bin:/scratch/lus/dev/sbin:/pe:/opt/cray/pe/bin' ';export' 'PATH;PE_AOCC_DEFAULT_FIXED_PKGCONFIG_PATH=/opt/cray/pe/parallel-netcdf/1.12.3.13/AOCC/4.1/lib/pkgconfig:/opt/cray/pe/netcdf-hdf5parallel/4.9.0.13/AOCC/4.1/lib/pkgconfig:/opt/cray/pe/netcdf/4.9.0.13/AOCC/4.1/lib/pkgconfig:/opt/cray/pe/libsci/24.07.0/AOCC/4.1/x86_64/lib/pkgconfig:/opt/cray/pe/hdf5-parallel/1.14.3.1/AOCC/4.1/lib/pkgconfig:/opt/cray/pe/hdf5/1.14.3.1/AOCC/4.1/lib/pkgconfig' ';export' 'PE_AOCC_DEFAULT_FIXED_PKGCONFIG_PATH;PE_AOCC_FIXED_PKGCONFIG_PATH=/opt/cray/pe/libsci/24.07.0/AOCC/4.1/x86_64/lib/pkgconfig' ';export' 'PE_AOCC_FIXED_PKGCONFIG_PATH;PE_ATP_PKGCONFIG_VARIABLES=ATP_CFLAGS_@prgenv@_@language@' ';export' 'PE_ATP_PKGCONFIG_VARIABLES;PE_CRAYCLANG_DEFAULT_FIXED_PKGCONFIG_PATH=/opt/cray/pe/parallel-netcdf/1.12.3.13/CRAYCLANG/18.0/lib/pkgconfig:/opt/cray/pe/netcdf-hdf5parallel/4.9.0.13/CRAYCLANG/18.0/lib/pkgconfig:/opt/cray/pe/netcdf/4.9.0.13/CRAYCLANG/18.0/lib/pkgconfig:/opt/cray/pe/libsci/24.07.0/CRAYCLANG/17.0/x86_64/lib/pkgconfig:/opt/cray/pe/hdf5-parallel/1.14.3.1/CRAYCLANG/18.0/lib/pkgconfig:/opt/cray/pe/hdf5/1.14.3.1/CRAYCLANG/18.0/lib/pkgconfig' ';export' 'PE_CRAYCLANG_DEFAULT_FIXED_PKGCONFIG_PATH;PE_CRAYCLANG_FIXED_PKGCONFIG_PATH=/opt/cray/pe/libsci/24.07.0/CRAYCLANG/17.0/x86_64/lib/pkgconfig' ';export' 'PE_CRAYCLANG_FIXED_PKGCONFIG_PATH;PE_CRAY_DEFAULT_FIXED_PKGCONFIG_PATH=/opt/cray/pe/libsci/24.07.0/CRAY/17.0/x86_64/lib/pkgconfig:/opt/cray/pe/hdf5-parallel/1.14.3.1/CRAY/18.0/lib/pkgconfig:/opt/cray/pe/hdf5/1.14.3.1/CRAY/18.0/lib/pkgconfig' ';export' 'PE_CRAY_DEFAULT_FIXED_PKGCONFIG_PATH;PE_CRAY_FIXED_PKGCONFIG_PATH=/opt/cray/pe/libsci/24.07.0/CRAY/17.0/x86_64/lib/pkgconfig' ';export' 'PE_CRAY_FIXED_PKGCONFIG_PATH;PE_DSMML_DEFAULT_VOLATILE_PKGCONFIG_PATH=/opt/cray/pe/dsmml/0.3.0/dsmml/dsmml/lib/pkgconfig' ';export' 'PE_DSMML_DEFAULT_VOLATILE_PKGCONFIG_PATH;PE_DSMML_MODULE_NAME=cray-dsmml' ';export' 'PE_DSMML_MODULE_NAME;PE_DSMML_PKGCONFIG_LIBS=dsmml' ';export' 'PE_DSMML_PKGCONFIG_LIBS;PE_DSMML_VOLATILE_PKGCONFIG_PATH=/opt/cray/pe/dsmml/0.3.0/dsmml/lib/pkgconfig' ';export' 'PE_DSMML_VOLATILE_PKGCONFIG_PATH;PE_ENV=CRAY' ';export' 'PE_ENV;PE_FFTW_DEFAULT_TARGET_share=share' ';export' 'PE_FFTW_DEFAULT_TARGET_share;PE_FFTW_DEFAULT_TARGET_x86_64=x86_64' ';export' 'PE_FFTW_DEFAULT_TARGET_x86_64;PE_FFTW_DEFAULT_TARGET_x86_cascadelake=x86_cascadelake' ';export' 'PE_FFTW_DEFAULT_TARGET_x86_cascadelake;PE_FFTW_DEFAULT_TARGET_x86_genoa=x86_genoa' ';export' 'PE_FFTW_DEFAULT_TARGET_x86_genoa;PE_FFTW_DEFAULT_TARGET_x86_icelake=x86_icelake' ';export' 'PE_FFTW_DEFAULT_TARGET_x86_icelake;PE_FFTW_DEFAULT_TARGET_x86_milan=x86_milan' ';export' 'PE_FFTW_DEFAULT_TARGET_x86_milan;PE_FFTW_DEFAULT_TARGET_x86_milan_x=x86_milan_x' ';export' 'PE_FFTW_DEFAULT_TARGET_x86_milan_x;PE_FFTW_DEFAULT_TARGET_x86_rome=x86_rome' ';export' 'PE_FFTW_DEFAULT_TARGET_x86_rome;PE_FFTW_DEFAULT_TARGET_x86_skylake=x86_skylake' ';export' 'PE_FFTW_DEFAULT_TARGET_x86_skylake;PE_FFTW_DEFAULT_TARGET_x86_spr=x86_spr' ';export' 'PE_FFTW_DEFAULT_TARGET_x86_spr;PE_FFTW_DEFAULT_TARGET_x86_trento=x86_trento' ';export' 'PE_FFTW_DEFAULT_TARGET_x86_trento;PE_FFTW_DEFAULT_VOLATILE_PKGCONFIG_PATH=/opt/cray/pe/fftw/3.3.10.8/@PE_FFTW_DEFAULT_TARGET@/lib/pkgconfig' ';export' 'PE_FFTW_DEFAULT_VOLATILE_PKGCONFIG_PATH;PE_FORTRAN_DEFAULT_PKGCONFIG_LIBS=mpichf90' ';export' 'PE_FORTRAN_DEFAULT_PKGCONFIG_LIBS;PE_FORTRAN_PKGCONFIG_LIBS=mpichf90' ';export' 'PE_FORTRAN_PKGCONFIG_LIBS;PE_GNU_DEFAULT_FIXED_PKGCONFIG_PATH=/opt/cray/pe/parallel-netcdf/1.12.3.13/GNU/12.3/lib/pkgconfig:/opt/cray/pe/netcdf-hdf5parallel/4.9.0.13/GNU/12.3/lib/pkgconfig:/opt/cray/pe/netcdf/4.9.0.13/GNU/12.3/lib/pkgconfig:/opt/cray/pe/libsci/24.07.0/GNU/12.3/x86_64/lib/pkgconfig:/opt/cray/pe/hdf5-parallel/1.14.3.1/GNU/12.3/lib/pkgconfig:/opt/cray/pe/hdf5/1.14.3.1/GNU/12.3/lib/pkgconfig' ';export' 'PE_GNU_DEFAULT_FIXED_PKGCONFIG_PATH;PE_GNU_FIXED_PKGCONFIG_PATH=/opt/cray/pe/libsci/24.07.0/GNU/12.3/x86_64/lib/pkgconfig' ';export' 'PE_GNU_FIXED_PKGCONFIG_PATH;PE_HDF5_DEFAULT_FIXED_PRGENV=GNU\' 'CRAY\' 'CRAYCLANG\' 'INTEL\' 'AOCC\' NVIDIA ';export' 'PE_HDF5_DEFAULT_FIXED_PRGENV;PE_HDF5_PARALLEL_DEFAULT_FIXED_PRGENV=GNU\' 'CRAY\' 'CRAYCLANG\' 'INTEL\' 'AOCC\' NVIDIA ';export' 'PE_HDF5_PARALLEL_DEFAULT_FIXED_PRGENV;PE_HDF5_PARALLEL_DEFAULT_REQUIRED_PRODUCTS=PE_MPICH' ';export' 'PE_HDF5_PARALLEL_DEFAULT_REQUIRED_PRODUCTS;PE_INTEL_DEFAULT_FIXED_PKGCONFIG_PATH=/opt/cray/pe/parallel-netcdf/1.12.3.13/INTEL/2023.2/lib/pkgconfig:/opt/cray/pe/netcdf-hdf5parallel/4.9.0.13/INTEL/2023.2/lib/pkgconfig:/opt/cray/pe/netcdf/4.9.0.13/INTEL/2023.2/lib/pkgconfig:/opt/cray/pe/mpich/8.1.30/ofi/intel/2022.1/lib/pkgconfig:/opt/cray/pe/libsci/24.07.0/INTEL/2023.2/x86_64/lib/pkgconfig:/opt/cray/pe/hdf5-parallel/1.14.3.1/INTEL/2023.2/lib/pkgconfig:/opt/cray/pe/hdf5/1.14.3.1/INTEL/2023.2/lib/pkgconfig' ';export' 'PE_INTEL_DEFAULT_FIXED_PKGCONFIG_PATH;PE_INTEL_FIXED_PKGCONFIG_PATH=/opt/cray/pe/libsci/24.07.0/INTEL/2023.2/x86_64/lib/pkgconfig:/opt/cray/pe/mpich/8.1.30/ofi/intel/2022.1/lib/pkgconfig' ';export' 'PE_INTEL_FIXED_PKGCONFIG_PATH;PE_LEVEL=18.0' ';export' 'PE_LEVEL;PE_LIBSCI_DEFAULT_FIXED_PRGENV=GNU\' 'CRAY\' 'CRAYCLANG\' 'INTEL\' 'AOCC\' 'NVIDIA\' NVHPC ';export' 'PE_LIBSCI_DEFAULT_FIXED_PRGENV;PE_LIBSCI_DEFAULT_GENCOMPILERS_AOCC_x86_64=4.1' ';export' 'PE_LIBSCI_DEFAULT_GENCOMPILERS_AOCC_x86_64;PE_LIBSCI_DEFAULT_GENCOMPILERS_CRAYCLANG_x86_64=17.0' ';export' 'PE_LIBSCI_DEFAULT_GENCOMPILERS_CRAYCLANG_x86_64;PE_LIBSCI_DEFAULT_GENCOMPILERS_CRAY_x86_64=17.0' ';export' 'PE_LIBSCI_DEFAULT_GENCOMPILERS_CRAY_x86_64;PE_LIBSCI_DEFAULT_GENCOMPILERS_GNU_x86_64=12.3' ';export' 'PE_LIBSCI_DEFAULT_GENCOMPILERS_GNU_x86_64;PE_LIBSCI_DEFAULT_GENCOMPILERS_INTEL_x86_64=2023.2' ';export' 'PE_LIBSCI_DEFAULT_GENCOMPILERS_INTEL_x86_64;PE_LIBSCI_DEFAULT_GENCOMPILERS_NVHPC_x86_64=23.3' ';export' 'PE_LIBSCI_DEFAULT_GENCOMPILERS_NVHPC_x86_64;PE_LIBSCI_DEFAULT_GENCOMPILERS_NVIDIA_x86_64=23.3' ';export' 'PE_LIBSCI_DEFAULT_GENCOMPILERS_NVIDIA_x86_64;PE_LIBSCI_DEFAULT_GENCOMPS_AOCC_x86_64=41' ';export' 'PE_LIBSCI_DEFAULT_GENCOMPS_AOCC_x86_64;PE_LIBSCI_DEFAULT_GENCOMPS_CRAYCLANG_x86_64=170' ';export' 'PE_LIBSCI_DEFAULT_GENCOMPS_CRAYCLANG_x86_64;PE_LIBSCI_DEFAULT_GENCOMPS_CRAY_x86_64=170' ';export' 'PE_LIBSCI_DEFAULT_GENCOMPS_CRAY_x86_64;PE_LIBSCI_DEFAULT_GENCOMPS_GNU_x86_64=123' ';export' 'PE_LIBSCI_DEFAULT_GENCOMPS_GNU_x86_64;PE_LIBSCI_DEFAULT_GENCOMPS_INTEL_x86_64=20232' ';export' 'PE_LIBSCI_DEFAULT_GENCOMPS_INTEL_x86_64;PE_LIBSCI_DEFAULT_GENCOMPS_NVHPC_x86_64=233' ';export' 'PE_LIBSCI_DEFAULT_GENCOMPS_NVHPC_x86_64;PE_LIBSCI_DEFAULT_GENCOMPS_NVIDIA_x86_64=233' ';export' 'PE_LIBSCI_DEFAULT_GENCOMPS_NVIDIA_x86_64;PE_LIBSCI_DEFAULT_OMP_REQUIRES=' ';export' 'PE_LIBSCI_DEFAULT_OMP_REQUIRES;PE_LIBSCI_DEFAULT_OMP_REQUIRES_openmp=_mp' ';export' 'PE_LIBSCI_DEFAULT_OMP_REQUIRES_openmp;PE_LIBSCI_DEFAULT_PKGCONFIG_VARIABLES=PE_LIBSCI_DEFAULT_OMP_REQUIRES_@openmp@:PE_SCI_EXT_LIBPATH:PE_SCI_EXT_LIBNAME' ';export' 'PE_LIBSCI_DEFAULT_PKGCONFIG_VARIABLES;PE_LIBSCI_DEFAULT_VOLATILE_PKGCONFIG_PATH=/opt/cray/pe/libsci/24.07.0/@PRGENV@/@PE_LIBSCI_DEFAULT_GENCOMPS@/x86_64/lib/pkgconfig' ';export' 'PE_LIBSCI_DEFAULT_VOLATILE_PKGCONFIG_PATH;PE_LIBSCI_DEFAULT_VOLATILE_PRGENV=GNU\' 'CRAY\' 'CRAYCLANG\' 'INTEL\' 'AOCC\' 'NVIDIA\' NVHPC ';export' 'PE_LIBSCI_DEFAULT_VOLATILE_PRGENV;PE_LIBSCI_DIR=/opt/cray/pe/libsci/24.07.0' ';export' 'PE_LIBSCI_DIR;PE_LIBSCI_FIXED_PRGENV=GNU\' 'CRAY\' 'CRAYCLANG\' 'INTEL\' 'AOCC\' 'NVIDIA\' NVHPC ';export' 'PE_LIBSCI_FIXED_PRGENV;PE_LIBSCI_GENCOMPILERS_AOCC_x86_64=4.1' ';export' 'PE_LIBSCI_GENCOMPILERS_AOCC_x86_64;PE_LIBSCI_GENCOMPILERS_CRAYCLANG_x86_64=17.0' ';export' 'PE_LIBSCI_GENCOMPILERS_CRAYCLANG_x86_64;PE_LIBSCI_GENCOMPILERS_CRAY_x86_64=17.0' ';export' 'PE_LIBSCI_GENCOMPILERS_CRAY_x86_64;PE_LIBSCI_GENCOMPILERS_GNU_x86_64=12.3' ';export' 'PE_LIBSCI_GENCOMPILERS_GNU_x86_64;PE_LIBSCI_GENCOMPILERS_INTEL_x86_64=2023.2' ';export' 'PE_LIBSCI_GENCOMPILERS_INTEL_x86_64;PE_LIBSCI_GENCOMPILERS_NVHPC_x86_64=23.3' ';export' 'PE_LIBSCI_GENCOMPILERS_NVHPC_x86_64;PE_LIBSCI_GENCOMPILERS_NVIDIA_x86_64=23.3' ';export' 'PE_LIBSCI_GENCOMPILERS_NVIDIA_x86_64;PE_LIBSCI_GENCOMPS_AOCC_x86_64=41' ';export' 'PE_LIBSCI_GENCOMPS_AOCC_x86_64;PE_LIBSCI_GENCOMPS_CRAYCLANG_x86_64=170' ';export' 'PE_LIBSCI_GENCOMPS_CRAYCLANG_x86_64;PE_LIBSCI_GENCOMPS_CRAY_x86_64=170' ';export' 'PE_LIBSCI_GENCOMPS_CRAY_x86_64;PE_LIBSCI_GENCOMPS_GNU_x86_64=123' ';export' 'PE_LIBSCI_GENCOMPS_GNU_x86_64;PE_LIBSCI_GENCOMPS_INTEL_x86_64=20232' ';export' 'PE_LIBSCI_GENCOMPS_INTEL_x86_64;PE_LIBSCI_GENCOMPS_NVHPC_x86_64=233' ';export' 'PE_LIBSCI_GENCOMPS_NVHPC_x86_64;PE_LIBSCI_GENCOMPS_NVIDIA_x86_64=233' ';export' 'PE_LIBSCI_GENCOMPS_NVIDIA_x86_64;PE_LIBSCI_MODULE_NAME=cray-libsci/24.07.0' ';export' 'PE_LIBSCI_MODULE_NAME;PE_LIBSCI_OMP_REQUIRES=' ';export' 'PE_LIBSCI_OMP_REQUIRES;PE_LIBSCI_OMP_REQUIRES_openmp=_mp' ';export' 'PE_LIBSCI_OMP_REQUIRES_openmp;PE_LIBSCI_PKGCONFIG_LIBS=libsci_mpi:libsci' ';export' 'PE_LIBSCI_PKGCONFIG_LIBS;PE_LIBSCI_PKGCONFIG_VARIABLES=PE_LIBSCI_OMP_REQUIRES_@openmp@:PE_SCI_EXT_LIBPATH:PE_SCI_EXT_LIBNAME' ';export' 'PE_LIBSCI_PKGCONFIG_VARIABLES;PE_LIBSCI_VOLATILE_PKGCONFIG_PATH=/opt/cray/pe/libsci/24.07.0/@PRGENV@/@PE_LIBSCI_GENCOMPS@/x86_64/lib/pkgconfig' ';export' 'PE_LIBSCI_VOLATILE_PKGCONFIG_PATH;PE_LIBSCI_VOLATILE_PRGENV=GNU\' 'CRAY\' 'CRAYCLANG\' 'INTEL\' 'AOCC\' 'NVIDIA\' NVHPC ';export' 'PE_LIBSCI_VOLATILE_PRGENV;PE_MPICH_DEFAULT_FIXED_PRGENV=INTEL' ';export' 'PE_MPICH_DEFAULT_FIXED_PRGENV;PE_MPICH_DEFAULT_FORTRAN_PKGCONFIG_LIBS=mpichf90' ';export' 'PE_MPICH_DEFAULT_FORTRAN_PKGCONFIG_LIBS;PE_MPICH_DEFAULT_GTL_DIR_amd_gfx906=-L/opt/cray/pe/mpich/8.1.30/gtl/lib' ';export' 'PE_MPICH_DEFAULT_GTL_DIR_amd_gfx906;PE_MPICH_DEFAULT_GTL_DIR_amd_gfx908=-L/opt/cray/pe/mpich/8.1.30/gtl/lib' ';export' 'PE_MPICH_DEFAULT_GTL_DIR_amd_gfx908;PE_MPICH_DEFAULT_GTL_DIR_amd_gfx90a=-L/opt/cray/pe/mpich/8.1.30/gtl/lib' ';export' 'PE_MPICH_DEFAULT_GTL_DIR_amd_gfx90a;PE_MPICH_DEFAULT_GTL_DIR_amd_gfx940=-L/opt/cray/pe/mpich/8.1.30/gtl/lib' ';export' 'PE_MPICH_DEFAULT_GTL_DIR_amd_gfx940;PE_MPICH_DEFAULT_GTL_DIR_amd_gfx942=-L/opt/cray/pe/mpich/8.1.30/gtl/lib' ';export' 'PE_MPICH_DEFAULT_GTL_DIR_amd_gfx942;PE_MPICH_DEFAULT_GTL_DIR_nvidia70=-L/opt/cray/pe/mpich/8.1.30/gtl/lib' ';export' 'PE_MPICH_DEFAULT_GTL_DIR_nvidia70;PE_MPICH_DEFAULT_GTL_DIR_nvidia80=-L/opt/cray/pe/mpich/8.1.30/gtl/lib' ';export' 'PE_MPICH_DEFAULT_GTL_DIR_nvidia80;PE_MPICH_DEFAULT_GTL_DIR_nvidia90=-L/opt/cray/pe/mpich/8.1.30/gtl/lib' ';export' 'PE_MPICH_DEFAULT_GTL_DIR_nvidia90;PE_MPICH_DEFAULT_GTL_DIR_ponteVecchio=-L/opt/cray/pe/mpich/8.1.30/gtl/lib' ';export' 'PE_MPICH_DEFAULT_GTL_DIR_ponteVecchio;PE_MPICH_DEFAULT_GTL_LIBS_amd_gfx906=-lmpi_gtl_hsa' ';export' 'PE_MPICH_DEFAULT_GTL_LIBS_amd_gfx906;PE_MPICH_DEFAULT_GTL_LIBS_amd_gfx908=-lmpi_gtl_hsa' ';export' 'PE_MPICH_DEFAULT_GTL_LIBS_amd_gfx908;PE_MPICH_DEFAULT_GTL_LIBS_amd_gfx90a=-lmpi_gtl_hsa' ';export' 'PE_MPICH_DEFAULT_GTL_LIBS_amd_gfx90a;PE_MPICH_DEFAULT_GTL_LIBS_amd_gfx940=-lmpi_gtl_hsa' ';export' 'PE_MPICH_DEFAULT_GTL_LIBS_amd_gfx940;PE_MPICH_DEFAULT_GTL_LIBS_amd_gfx942=-lmpi_gtl_hsa' ';export' 'PE_MPICH_DEFAULT_GTL_LIBS_amd_gfx942;PE_MPICH_DEFAULT_GTL_LIBS_nvidia70=-lmpi_gtl_cuda' ';export' 'PE_MPICH_DEFAULT_GTL_LIBS_nvidia70;PE_MPICH_DEFAULT_GTL_LIBS_nvidia80=-lmpi_gtl_cuda' ';export' 'PE_MPICH_DEFAULT_GTL_LIBS_nvidia80;PE_MPICH_DEFAULT_GTL_LIBS_nvidia90=-lmpi_gtl_cuda' ';export' 'PE_MPICH_DEFAULT_GTL_LIBS_nvidia90;PE_MPICH_DEFAULT_GTL_LIBS_ponteVecchio=-lmpi_gtl_ze' ';export' 'PE_MPICH_DEFAULT_GTL_LIBS_ponteVecchio;PE_MPICH_DEFAULT_PKGCONFIG_LIBS=mpich' ';export' 'PE_MPICH_DEFAULT_PKGCONFIG_LIBS;PE_MPICH_DEFAULT_PKGCONFIG_VARIABLES=PE_MPICH_GTL_DIR_@accelerator@:PE_MPICH_GTL_LIBS_@accelerator@' ';export' 'PE_MPICH_DEFAULT_PKGCONFIG_VARIABLES;PE_MPICH_DEFAULT_VOLATILE_PKGCONFIG_PATH=/opt/cray/pe/mpich/8.1.30/ofi/@PRGENV@/@PE_MPICH_DEFAULT_GENCOMPS@/lib/pkgconfig:/opt/cray/pe/mpich/8.1.30/gtl/lib/pkgconfig' ';export' 'PE_MPICH_DEFAULT_VOLATILE_PKGCONFIG_PATH;PE_MPICH_DEFAULT_VOLATILE_PRGENV=AMD\' 'AOCC\' 'CRAY\' 'CRAYCLANG\' 'GNU\' NVIDIA ';export' 'PE_MPICH_DEFAULT_VOLATILE_PRGENV;PE_MPICH_FIXED_PRGENV=INTEL' ';export' 'PE_MPICH_FIXED_PRGENV;PE_MPICH_FORTRAN_PKGCONFIG_LIBS=mpichf90' ';export' 'PE_MPICH_FORTRAN_PKGCONFIG_LIBS;PE_MPICH_GENCOMPILERS_AMD=6.0' ';export' 'PE_MPICH_GENCOMPILERS_AMD;PE_MPICH_GENCOMPILERS_AOCC=4.1' ';export' 'PE_MPICH_GENCOMPILERS_AOCC;PE_MPICH_GENCOMPILERS_CRAY=17.0' ';export' 'PE_MPICH_GENCOMPILERS_CRAY;PE_MPICH_GENCOMPILERS_CRAYCLANG=17.0' ';export' 'PE_MPICH_GENCOMPILERS_CRAYCLANG;PE_MPICH_GENCOMPILERS_GNU=12.3' ';export' 'PE_MPICH_GENCOMPILERS_GNU;PE_MPICH_GENCOMPILERS_NVIDIA=23.3' ';export' 'PE_MPICH_GENCOMPILERS_NVIDIA;PE_MPICH_GTL_DIR_amd_gfx906=-L/opt/cray/pe/mpich/8.1.30/gtl/lib' ';export' 'PE_MPICH_GTL_DIR_amd_gfx906;PE_MPICH_GTL_DIR_amd_gfx908=-L/opt/cray/pe/mpich/8.1.30/gtl/lib' ';export' 'PE_MPICH_GTL_DIR_amd_gfx908;PE_MPICH_GTL_DIR_amd_gfx90a=-L/opt/cray/pe/mpich/8.1.30/gtl/lib' ';export' 'PE_MPICH_GTL_DIR_amd_gfx90a;PE_MPICH_GTL_DIR_amd_gfx940=-L/opt/cray/pe/mpich/8.1.30/gtl/lib' ';export' 'PE_MPICH_GTL_DIR_amd_gfx940;PE_MPICH_GTL_DIR_amd_gfx942=-L/opt/cray/pe/mpich/8.1.30/gtl/lib' ';export' 'PE_MPICH_GTL_DIR_amd_gfx942;PE_MPICH_GTL_DIR_nvidia70=-L/opt/cray/pe/mpich/8.1.30/gtl/lib' ';export' 'PE_MPICH_GTL_DIR_nvidia70;PE_MPICH_GTL_DIR_nvidia80=-L/opt/cray/pe/mpich/8.1.30/gtl/lib' ';export' 'PE_MPICH_GTL_DIR_nvidia80;PE_MPICH_GTL_DIR_nvidia90=-L/opt/cray/pe/mpich/8.1.30/gtl/lib' ';export' 'PE_MPICH_GTL_DIR_nvidia90;PE_MPICH_GTL_DIR_ponteVecchio=-L/opt/cray/pe/mpich/8.1.30/gtl/lib' ';export' 'PE_MPICH_GTL_DIR_ponteVecchio;PE_MPICH_GTL_LIBS_amd_gfx906=-lmpi_gtl_hsa' ';export' 'PE_MPICH_GTL_LIBS_amd_gfx906;PE_MPICH_GTL_LIBS_amd_gfx908=-lmpi_gtl_hsa' ';export' 'PE_MPICH_GTL_LIBS_amd_gfx908;PE_MPICH_GTL_LIBS_amd_gfx90a=-lmpi_gtl_hsa' ';export' 'PE_MPICH_GTL_LIBS_amd_gfx90a;PE_MPICH_GTL_LIBS_amd_gfx940=-lmpi_gtl_hsa' ';export' 'PE_MPICH_GTL_LIBS_amd_gfx940;PE_MPICH_GTL_LIBS_amd_gfx942=-lmpi_gtl_hsa' ';export' 'PE_MPICH_GTL_LIBS_amd_gfx942;PE_MPICH_GTL_LIBS_nvidia70=-lmpi_gtl_cuda' ';export' 'PE_MPICH_GTL_LIBS_nvidia70;PE_MPICH_GTL_LIBS_nvidia80=-lmpi_gtl_cuda' ';export' 'PE_MPICH_GTL_LIBS_nvidia80;PE_MPICH_GTL_LIBS_nvidia90=-lmpi_gtl_cuda' ';export' 'PE_MPICH_GTL_LIBS_nvidia90;PE_MPICH_GTL_LIBS_ponteVecchio=-lmpi_gtl_ze' ';export' 'PE_MPICH_GTL_LIBS_ponteVecchio;PE_MPICH_MODULE_NAME=cray-mpich' ';export' 'PE_MPICH_MODULE_NAME;PE_MPICH_PKGCONFIG_LIBS=mpich' ';export' 'PE_MPICH_PKGCONFIG_LIBS;PE_MPICH_PKGCONFIG_VARIABLES=PE_MPICH_GTL_DIR_@accelerator@:PE_MPICH_GTL_LIBS_@accelerator@' ';export' 'PE_MPICH_PKGCONFIG_VARIABLES;PE_MPICH_VOLATILE_PKGCONFIG_PATH=/opt/cray/pe/mpich/8.1.30/ofi/@PRGENV@/@PE_MPICH_GENCOMPS@/lib/pkgconfig:/opt/cray/pe/mpich/8.1.30/gtl/lib/pkgconfig' ';export' 'PE_MPICH_VOLATILE_PKGCONFIG_PATH;PE_MPICH_VOLATILE_PRGENV=AMD\' 'AOCC\' 'CRAY\' 'CRAYCLANG\' 'GNU\' NVIDIA ';export' 'PE_MPICH_VOLATILE_PRGENV;PE_NETCDF_DEFAULT_FIXED_PRGENV=GNU\' 'CRAYCLANG\' 'INTEL\' 'AOCC\' NVIDIA ';export' 'PE_NETCDF_DEFAULT_FIXED_PRGENV;PE_NETCDF_DEFAULT_REQUIRED_PRODUCTS=PE_HDF5' ';export' 'PE_NETCDF_DEFAULT_REQUIRED_PRODUCTS;PE_NETCDF_HDF5PARALLEL_DEFAULT_FIXED_PRGENV=GNU\' 'CRAYCLANG\' 'INTEL\' 'AOCC\' NVIDIA ';export' 'PE_NETCDF_HDF5PARALLEL_DEFAULT_FIXED_PRGENV;PE_NETCDF_HDF5PARALLEL_DEFAULT_REQUIRED_PRODUCTS=PE_HDF5_PARALLEL' ';export' 'PE_NETCDF_HDF5PARALLEL_DEFAULT_REQUIRED_PRODUCTS;PE_NVHPC_DEFAULT_FIXED_PKGCONFIG_PATH=/opt/cray/pe/libsci/24.07.0/NVHPC/23.3/x86_64/lib/pkgconfig' ';export' 'PE_NVHPC_DEFAULT_FIXED_PKGCONFIG_PATH;PE_NVHPC_FIXED_PKGCONFIG_PATH=/opt/cray/pe/libsci/24.07.0/NVHPC/23.3/x86_64/lib/pkgconfig' ';export' 'PE_NVHPC_FIXED_PKGCONFIG_PATH;PE_NVIDIA_DEFAULT_FIXED_PKGCONFIG_PATH=/opt/cray/pe/parallel-netcdf/1.12.3.13/NVIDIA/23.3/lib/pkgconfig:/opt/cray/pe/netcdf-hdf5parallel/4.9.0.13/NVIDIA/23.3/lib/pkgconfig:/opt/cray/pe/netcdf/4.9.0.13/NVIDIA/23.3/lib/pkgconfig:/opt/cray/pe/libsci/24.07.0/NVIDIA/23.3/x86_64/lib/pkgconfig:/opt/cray/pe/hdf5-parallel/1.14.3.1/NVIDIA/23.3/lib/pkgconfig:/opt/cray/pe/hdf5/1.14.3.1/NVIDIA/23.3/lib/pkgconfig' ';export' 'PE_NVIDIA_DEFAULT_FIXED_PKGCONFIG_PATH;PE_NVIDIA_FIXED_PKGCONFIG_PATH=/opt/cray/pe/libsci/24.07.0/NVIDIA/23.3/x86_64/lib/pkgconfig' ';export' 'PE_NVIDIA_FIXED_PKGCONFIG_PATH;PE_PAPI_DEFAULT_ACCELL_FAMILY_LIBS=' ';export' 'PE_PAPI_DEFAULT_ACCELL_FAMILY_LIBS;PE_PAPI_DEFAULT_ACCEL_FAMILY_LIBS_nvidia=,-lcupti,-lcudart,-lcuda' ';export' 'PE_PAPI_DEFAULT_ACCEL_FAMILY_LIBS_nvidia;PE_PAPI_DEFAULT_ACCEL_LIBS=' ';export' 'PE_PAPI_DEFAULT_ACCEL_LIBS;PE_PAPI_DEFAULT_ACCEL_LIBS_nvidia35=,-lcupti,-lcudart,-lcuda' ';export' 'PE_PAPI_DEFAULT_ACCEL_LIBS_nvidia35;PE_PAPI_DEFAULT_PKGCONFIG_VARIABLES=PE_PAPI_ACCEL_LIBS_@accelerator@\' PE_PAPI_ACCEL_FAMILY_LIBS_@accelerator_family@ ';export' 'PE_PAPI_DEFAULT_PKGCONFIG_VARIABLES;PE_PARALLEL_NETCDF_DEFAULT_FIXED_PRGENV=GNU\' 'CRAYCLANG\' 'INTEL\' 'AOCC\' NVIDIA ';export' 'PE_PARALLEL_NETCDF_DEFAULT_FIXED_PRGENV;PE_PERFTOOLS_MPICH_LIBDIR=/opt/cray/pe/mpich/8.1.30/ofi/cray/17.0/lib' ';export' 'PE_PERFTOOLS_MPICH_LIBDIR;PE_PKGCONFIG_DEFAULT_LIBS=mpich' ';export' 'PE_PKGCONFIG_DEFAULT_LIBS;PE_PKGCONFIG_DEFAULT_PRODUCTS=PE_PARALLEL_NETCDF:PE_NETCDF_HDF5PARALLEL:PE_NETCDF:PE_MPICH:PE_LIBSCI:PE_HDF5_PARALLEL:PE_HDF5:PE_FFTW' ';export' 'PE_PKGCONFIG_DEFAULT_PRODUCTS;PE_PKGCONFIG_LIBS=libsci_mpi:libsci:mpich:dsmml' ';export' 'PE_PKGCONFIG_LIBS;PE_PKGCONFIG_PRODUCTS=PE_LIBSCI:PE_MPICH:PE_DSMML:PE_ATP' ';export' 'PE_PKGCONFIG_PRODUCTS;PE_PKGCONFIG_PRODUCTS_DEFAULT=PE_PAPI' ';export' 'PE_PKGCONFIG_PRODUCTS_DEFAULT;PE_PKG_CONFIG_PATH=/opt/cray/pe/valgrind4hpc/2.13.3/lib/pkgconfig:/opt/cray/pe/cti/2.18.4/lib/pkgconfig:/opt/cray/pe/atp/3.15.4/lib/pkgconfig' ';export' 'PE_PKG_CONFIG_PATH;PE_PRODUCT_LIST=CRAY_LIBSCI:CRAYPE' ';export' 'PE_PRODUCT_LIST;PE_SMA_DEFAULT_COMPFLAG=' ';export' 'PE_SMA_DEFAULT_COMPFLAG;PE_SMA_DEFAULT_COMPFLAG_GNU=-fcray-pointer' ';export' 'PE_SMA_DEFAULT_COMPFLAG_GNU;PE_SMA_DEFAULT_DIR_CRAY_DEFAULT64=64' ';export' 'PE_SMA_DEFAULT_DIR_CRAY_DEFAULT64;PE_SMA_DEFAULT_DIR_PGI_DEFAULT64=64' ';export' 'PE_SMA_DEFAULT_DIR_PGI_DEFAULT64;PE_SMA_DEFAULT_PKGCONFIG_VARIABLES=PE_SMA_COMPFLAG_@prgenv@' ';export' 'PE_SMA_DEFAULT_PKGCONFIG_VARIABLES;PE_SMA_DEFAULT_VOLATILE_PKGCONFIG_PATH=/opt/cray/pe/sma/11.7.2/ofi/sma@PE_SMA_DEFAULT_DIR_DEFAULT64@/lib64/pkgconfig' ';export' 'PE_SMA_DEFAULT_VOLATILE_PKGCONFIG_PATH;PKGCONFIG_ENABLED=1' ';export' 'PKGCONFIG_ENABLED;PKG_CONFIG_PATH=/opt/cray/libfabric/1.20.1/lib64/pkgconfig:/opt/cray/pe/craype/2.7.32/pkg-config:/opt/cray/pe/atp/3.15.4/lib/pkgconfig' ';export' 'PKG_CONFIG_PATH;PKG_CONFIG_PATH_DEFAULT=/opt/cray/pe/papi/7.1.0.2/lib64/pkgconfig' ';export' 'PKG_CONFIG_PATH_DEFAULT;_LMFILES_=/opt/cray/pe/modulefiles/cce/18.0.0:/opt/cray/pe/modulefiles/craype/2.7.32:/opt/cray/pe/modulefiles/cray-dsmml/0.3.0:/opt/cray/modulefiles/libfabric/1.20.1:/opt/cray/pe/craype-targets/default/modulefiles/craype-network-ofi:/opt/cray/pe/modulefiles/cray-mpich/8.1.30:/opt/cray/pe/modulefiles/cray-libsci/24.07.0:/opt/cray/pe/modulefiles/PrgEnv-cray/8.5.0' ';export' '_LMFILES_;cce_already_loaded=0' ';export' 'cce_already_loaded;'
++ ASSEMBLER_AARCH64=/opt/cray/pe/cce/18.0.0/binutils/cross/x86_64-aarch64/aarch64-linux-gnu/bin/as
++ export ASSEMBLER_AARCH64
++ ASSEMBLER_X86_64=/opt/cray/pe/cce/18.0.0/binutils/x86_64/x86_64-pc-linux-gnu/bin/as
++ export ASSEMBLER_X86_64
++ ATP_CFLAGS=
++ export ATP_CFLAGS
++ ATP_CFLAGS_GNU_FORTRAN=-fno-backtrace
++ export ATP_CFLAGS_GNU_FORTRAN
++ CC_X86_64=/opt/cray/pe/cce/18.0.0/cce/x86_64
++ export CC_X86_64
++ COMPILERRT_PATH_X86_64=/opt/cray/pe/cce/18.0.0/cce-clang/x86_64/lib/clang/18/lib/linux
++ export COMPILERRT_PATH_X86_64
++ CRAYLIBS_AARCH64=/opt/cray/pe/cce/18.0.0/cce/aarch64/lib
++ export CRAYLIBS_AARCH64
++ CRAYLIBS_X86_64=/opt/cray/pe/cce/18.0.0/cce/x86_64/lib
++ export CRAYLIBS_X86_64
++ CRAYPE_DIR=/opt/cray/pe/craype/2.7.32
++ export CRAYPE_DIR
++ CRAYPE_NETWORK_TARGET=ofi
++ export CRAYPE_NETWORK_TARGET
++ CRAYPE_VERSION=2.7.32
++ export CRAYPE_VERSION
++ CRAY_BINUTILS_BIN=/opt/cray/pe/cce/18.0.0/binutils/x86_64/bin
++ export CRAY_BINUTILS_BIN
++ CRAY_BINUTILS_BIN_AARCH64=/opt/cray/pe/cce/18.0.0/binutils/cross/x86_64-aarch64/aarch64-linux-gnu/bin
++ export CRAY_BINUTILS_BIN_AARCH64
++ CRAY_BINUTILS_BIN_X86_64=/opt/cray/pe/cce/18.0.0/binutils/x86_64/bin
++ export CRAY_BINUTILS_BIN_X86_64
++ CRAY_BINUTILS_ROOT=/opt/cray/pe/cce/18.0.0/binutils/x86_64/x86_64-pc-linux-gnu/../
++ export CRAY_BINUTILS_ROOT
++ CRAY_BINUTILS_ROOT_AARCH64=/opt/cray/pe/cce/18.0.0/binutils/cross/x86_64-aarch64/aarch64-linux-gnu/../
++ export CRAY_BINUTILS_ROOT_AARCH64
++ CRAY_BINUTILS_ROOT_X86_64=/opt/cray/pe/cce/18.0.0/binutils/x86_64/x86_64-pc-linux-gnu/../
++ export CRAY_BINUTILS_ROOT_X86_64
++ CRAY_BINUTILS_VERSION=/opt/cray/pe/cce/18.0.0
++ export CRAY_BINUTILS_VERSION
++ CRAY_CCE_CLANGSHARE=/opt/cray/pe/cce/18.0.0/cce-clang/x86_64/share
++ export CRAY_CCE_CLANGSHARE
++ CRAY_CCE_SHARE=/opt/cray/pe/cce/18.0.0/cce/x86_64/share
++ export CRAY_CCE_SHARE
++ CRAY_CC_VERSION=18.0.0
++ export CRAY_CC_VERSION
++ CRAY_CXX_IPA_LIBS=/opt/cray/pe/cce/18.0.0/cce/x86_64/lib/libcray-c++-rts.a
++ export CRAY_CXX_IPA_LIBS
++ CRAY_CXX_IPA_LIBS_AARCH64=/opt/cray/pe/cce/18.0.0/cce/aarch64/lib/libcray-c++-rts.a
++ export CRAY_CXX_IPA_LIBS_AARCH64
++ CRAY_CXX_IPA_LIBS_X86_64=/opt/cray/pe/cce/18.0.0/cce/x86_64/lib/libcray-c++-rts.a
++ export CRAY_CXX_IPA_LIBS_X86_64
++ CRAY_DSMML_BASEDIR=/opt/cray/pe/dsmml/0.3.0
++ export CRAY_DSMML_BASEDIR
++ CRAY_DSMML_DIR=/opt/cray/pe/dsmml/0.3.0/dsmml
++ export CRAY_DSMML_DIR
++ CRAY_DSMML_PREFIX=/opt/cray/pe/dsmml/0.3.0/dsmml
++ export CRAY_DSMML_PREFIX
++ CRAY_DSMML_ROOTDIR=/opt/cray/pe/dsmml/0.3.0
++ export CRAY_DSMML_ROOTDIR
++ CRAY_DSMML_VER=0.3.0
++ export CRAY_DSMML_VER
++ CRAY_FTN_VERSION=18.0.0
++ export CRAY_FTN_VERSION
++ CRAY_LD_LIBRARY_PATH=/opt/cray/pe/libsci/24.07.0/CRAY/17.0/x86_64/lib:/opt/cray/pe/mpich/8.1.30/ofi/cray/17.0/lib:/opt/cray/pe/mpich/8.1.30/gtl/lib:/opt/cray/pe/dsmml/0.3.0/dsmml/lib:/opt/cray/pe/cce/18.0.0/cce-clang/x86_64/lib:/opt/cray/pe/cce/18.0.0/cce/x86_64/lib
++ export CRAY_LD_LIBRARY_PATH
++ CRAY_LIBSCI_BASE_DIR=/opt/cray/pe/libsci/24.07.0
++ export CRAY_LIBSCI_BASE_DIR
++ CRAY_LIBSCI_PREFIX=/opt/cray/pe/libsci/24.07.0/CRAY/17.0/x86_64
++ export CRAY_LIBSCI_PREFIX
++ CRAY_LIBSCI_PREFIX_DIR=/opt/cray/pe/libsci/24.07.0/CRAY/17.0/x86_64
++ export CRAY_LIBSCI_PREFIX_DIR
++ CRAY_LIBSCI_VERSION=24.07.0
++ export CRAY_LIBSCI_VERSION
++ CRAY_MPICH_BASEDIR=/opt/cray/pe/mpich/8.1.30/ofi
++ export CRAY_MPICH_BASEDIR
++ CRAY_MPICH_DIR=/opt/cray/pe/mpich/8.1.30/ofi/cray/17.0
++ export CRAY_MPICH_DIR
++ CRAY_MPICH_PREFIX=/opt/cray/pe/mpich/8.1.30/ofi/cray/17.0
++ export CRAY_MPICH_PREFIX
++ CRAY_MPICH_VER=8.1.30
++ export CRAY_MPICH_VER
++ CRAY_MPICH_VERSION=8.1.30
++ export CRAY_MPICH_VERSION
++ CRAY_PE_CCE_VARIANT=CC=Clang:FTN=Classic
++ export CRAY_PE_CCE_VARIANT
++ CRAY_PE_MODULES=cray-libsci
++ export CRAY_PE_MODULES
++ CRAY_PE_USE_CLANG=/opt/cray/pe/cce/18.0.0/cce-clang/x86_64/bin/clang
++ export CRAY_PE_USE_CLANG
++ CRAY_PRGENVCRAY=loaded
++ export CRAY_PRGENVCRAY
++ FORTRAN_SYSTEM_MODULE_NAMES=ftn_lib_definitions
++ export FORTRAN_SYSTEM_MODULE_NAMES
++ FTN_X86_64=/opt/cray/pe/cce/18.0.0/cce/x86_64
++ export FTN_X86_64
++ GCC_AARCH64=/opt/gcc-cross-aarch64//aarch64
++ export GCC_AARCH64
++ GCC_X86_64=/usr
++ export GCC_X86_64
++ INCLUDE_PATH_AARCH64=/opt/cray/pe/cce/18.0.0/cce/aarch64/include/craylibs
++ export INCLUDE_PATH_AARCH64
++ INCLUDE_PATH_X86_64=/opt/cray/pe/cce/18.0.0/cce-clang/x86_64/lib/clang/18/include:/opt/cray/pe/cce/18.0.0/cce/x86_64/include/craylibs
++ export INCLUDE_PATH_X86_64
++ LD_LIBRARY_PATH=/opt/cray/libfabric/1.20.1/lib64
++ export LD_LIBRARY_PATH
++ LINKER_AARCH64=/opt/cray/pe/cce/18.0.0/binutils/cross/x86_64-aarch64/aarch64-linux-gnu/bin/ld
++ export LINKER_AARCH64
++ LINKER_X86_64=/opt/cray/pe/cce/18.0.0/binutils/x86_64/x86_64-pc-linux-gnu/bin/ld
++ export LINKER_X86_64
++ LOADEDMODULES=cce/18.0.0:craype/2.7.32:cray-dsmml/0.3.0:libfabric/1.20.1:craype-network-ofi:cray-mpich/8.1.30:cray-libsci/24.07.0:PrgEnv-cray/8.5.0
++ export LOADEDMODULES
++ MANPATH=/opt/cray/pe/libsci/24.07.0/share/man:/opt/cray/pe/mpich/8.1.30/ofi/man:/opt/cray/pe/mpich/8.1.30/man/mpich:/opt/cray/libfabric/1.20.1/share/man:/opt/cray/pe/dsmml/0.3.0/dsmml/man/:/opt/cray/pe/craype/2.7.32/man:/opt/cray/pe/cce/18.0.0/cce-clang/x86_64/share/man:/opt/cray/pe/cce/18.0.0/man:/opt/cray/pe/modules/3.2.11.7/share/man:/opt/cray/pe/modules/3.2.11.7/share/man:/opt/cray/pe/modules/3.2.11.7/share/man:/opt/cray/pe/modules/3.2.11.7/share/man:/opt/cray/pe/modules/3.2.11.7/share/man:/opt/cray/pe/modules/3.2.11.7/share/man:/opt/c3/man:/opt/clmgr/man:/opt/sgi/share/man:/opt/clmgr/share/man:/opt/clmgr/lib/cm-cli/man:/scratch/lus/dev/man:/opt/clmgr/man:/opt/sgi/share/man:/opt/clmgr/share/man:/opt/clmgr/lib/cm-cli/man:/scratch/lus/dev/man:/opt/clmgr/man:/opt/sgi/share/man:/opt/clmgr/share/man:/opt/clmgr/lib/cm-cli/man:/scratch/lus/dev/man:/opt/cray/pe/man
++ export MANPATH
++ MPICH_DIR=/opt/cray/pe/mpich/8.1.30/ofi/cray/17.0
++ export MPICH_DIR
++ NLSPATH=/opt/cray/pe/cce/18.0.0/cce/x86_64/share/nls/En/%N.cat
++ export NLSPATH
++ PATH=/opt/cray/pe/mpich/8.1.30/ofi/cray/17.0/bin:/opt/cray/pe/mpich/8.1.30/bin:/opt/cray/libfabric/1.20.1/bin:/opt/cray/pe/craype/2.7.32/bin:/opt/cray/pe/cce/18.0.0/binutils/x86_64/x86_64-pc-linux-gnu/bin:/opt/cray/pe/cce/18.0.0/binutils/cross/x86_64-aarch64/aarch64-linux-gnu/../bin:/opt/cray/pe/cce/18.0.0/utils/x86_64/bin:/opt/cray/pe/cce/18.0.0/bin:/scratch/lus/dev/paraview/bin:/scratch/lus/dev/bin:/scratch/lus/dev/bin:/scratch/lus/arw/.local/bin:/scratch/lus/dev/bin:/scratch/lus/arw/model/bin:.:/opt/clmgr/sbin:/opt/clmgr/bin:/opt/sgi/sbin:/opt/sgi/bin:/scratch/lus/dev/paraview/bin:/scratch/lus/dev/bin:/scratch/lus/dev/bin:/scratch/lus/arw/.local/bin:/scratch/lus/dev/bin:/scratch/lus/arw/model/bin:.:/opt/clmgr/sbin:/opt/clmgr/bin:/opt/sgi/sbin:/opt/sgi/bin:/scratch/lus/dev/paraview/bin:/scratch/lus/dev/bin:/scratch/lus/dev/bin:/scratch/lus/arw/.local/bin:/scratch/lus/dev/bin:/scratch/lus/arw/model/bin:.:/opt/clmgr/sbin:/opt/clmgr/bin:/opt/sgi/sbin:/opt/sgi/bin:/usr/bin:/bin:/usr/X11R6/bin:/opt/c3/bin:/usr/lib/mit/bin:/sbin:/bin:/sbin:/usr/sbin:/usr/bin:/opt/opengrads:/scratch/lus/dev/opengrads:/scratch/lus/dev/bin:/scratch/lus/arw/model/src/iodaconv/bin:/scratch/lus/arw/model/src/ioda/bin:/scratch/lus/arw/model/src/jedi/bin:/scratch/lus/dev/ncl/bin:/scratch/lus/dev/bin:/scratch/lus/dev/sbin:/pe:/usr/lib/mit/bin:/sbin:/bin:/sbin:/usr/sbin:/usr/bin:/opt/opengrads:/scratch/lus/dev/opengrads:/scratch/lus/dev/bin:/scratch/lus/arw/model/src/iodaconv/bin:/scratch/lus/arw/model/src/ioda/bin:/scratch/lus/arw/model/src/jedi/bin:/scratch/lus/dev/ncl/bin:/scratch/lus/dev/bin:/scratch/lus/dev/sbin:/pe:/usr/lib/mit/bin:/sbin:/bin:/sbin:/usr/sbin:/usr/bin:/opt/opengrads:/scratch/lus/dev/opengrads:/scratch/lus/dev/bin:/scratch/lus/arw/model/src/iodaconv/bin:/scratch/lus/arw/model/src/ioda/bin:/scratch/lus/arw/model/src/jedi/bin:/scratch/lus/dev/ncl/bin:/scratch/lus/dev/bin:/scratch/lus/dev/sbin:/pe:/opt/cray/pe/bin
++ export PATH
++ PE_AOCC_DEFAULT_FIXED_PKGCONFIG_PATH=/opt/cray/pe/parallel-netcdf/1.12.3.13/AOCC/4.1/lib/pkgconfig:/opt/cray/pe/netcdf-hdf5parallel/4.9.0.13/AOCC/4.1/lib/pkgconfig:/opt/cray/pe/netcdf/4.9.0.13/AOCC/4.1/lib/pkgconfig:/opt/cray/pe/libsci/24.07.0/AOCC/4.1/x86_64/lib/pkgconfig:/opt/cray/pe/hdf5-parallel/1.14.3.1/AOCC/4.1/lib/pkgconfig:/opt/cray/pe/hdf5/1.14.3.1/AOCC/4.1/lib/pkgconfig
++ export PE_AOCC_DEFAULT_FIXED_PKGCONFIG_PATH
++ PE_AOCC_FIXED_PKGCONFIG_PATH=/opt/cray/pe/libsci/24.07.0/AOCC/4.1/x86_64/lib/pkgconfig
++ export PE_AOCC_FIXED_PKGCONFIG_PATH
++ PE_ATP_PKGCONFIG_VARIABLES=ATP_CFLAGS_@prgenv@_@language@
++ export PE_ATP_PKGCONFIG_VARIABLES
++ PE_CRAYCLANG_DEFAULT_FIXED_PKGCONFIG_PATH=/opt/cray/pe/parallel-netcdf/1.12.3.13/CRAYCLANG/18.0/lib/pkgconfig:/opt/cray/pe/netcdf-hdf5parallel/4.9.0.13/CRAYCLANG/18.0/lib/pkgconfig:/opt/cray/pe/netcdf/4.9.0.13/CRAYCLANG/18.0/lib/pkgconfig:/opt/cray/pe/libsci/24.07.0/CRAYCLANG/17.0/x86_64/lib/pkgconfig:/opt/cray/pe/hdf5-parallel/1.14.3.1/CRAYCLANG/18.0/lib/pkgconfig:/opt/cray/pe/hdf5/1.14.3.1/CRAYCLANG/18.0/lib/pkgconfig
++ export PE_CRAYCLANG_DEFAULT_FIXED_PKGCONFIG_PATH
++ PE_CRAYCLANG_FIXED_PKGCONFIG_PATH=/opt/cray/pe/libsci/24.07.0/CRAYCLANG/17.0/x86_64/lib/pkgconfig
++ export PE_CRAYCLANG_FIXED_PKGCONFIG_PATH
++ PE_CRAY_DEFAULT_FIXED_PKGCONFIG_PATH=/opt/cray/pe/libsci/24.07.0/CRAY/17.0/x86_64/lib/pkgconfig:/opt/cray/pe/hdf5-parallel/1.14.3.1/CRAY/18.0/lib/pkgconfig:/opt/cray/pe/hdf5/1.14.3.1/CRAY/18.0/lib/pkgconfig
++ export PE_CRAY_DEFAULT_FIXED_PKGCONFIG_PATH
++ PE_CRAY_FIXED_PKGCONFIG_PATH=/opt/cray/pe/libsci/24.07.0/CRAY/17.0/x86_64/lib/pkgconfig
++ export PE_CRAY_FIXED_PKGCONFIG_PATH
++ PE_DSMML_DEFAULT_VOLATILE_PKGCONFIG_PATH=/opt/cray/pe/dsmml/0.3.0/dsmml/dsmml/lib/pkgconfig
++ export PE_DSMML_DEFAULT_VOLATILE_PKGCONFIG_PATH
++ PE_DSMML_MODULE_NAME=cray-dsmml
++ export PE_DSMML_MODULE_NAME
++ PE_DSMML_PKGCONFIG_LIBS=dsmml
++ export PE_DSMML_PKGCONFIG_LIBS
++ PE_DSMML_VOLATILE_PKGCONFIG_PATH=/opt/cray/pe/dsmml/0.3.0/dsmml/lib/pkgconfig
++ export PE_DSMML_VOLATILE_PKGCONFIG_PATH
++ PE_ENV=CRAY
++ export PE_ENV
++ PE_FFTW_DEFAULT_TARGET_share=share
++ export PE_FFTW_DEFAULT_TARGET_share
++ PE_FFTW_DEFAULT_TARGET_x86_64=x86_64
++ export PE_FFTW_DEFAULT_TARGET_x86_64
++ PE_FFTW_DEFAULT_TARGET_x86_cascadelake=x86_cascadelake
++ export PE_FFTW_DEFAULT_TARGET_x86_cascadelake
++ PE_FFTW_DEFAULT_TARGET_x86_genoa=x86_genoa
++ export PE_FFTW_DEFAULT_TARGET_x86_genoa
++ PE_FFTW_DEFAULT_TARGET_x86_icelake=x86_icelake
++ export PE_FFTW_DEFAULT_TARGET_x86_icelake
++ PE_FFTW_DEFAULT_TARGET_x86_milan=x86_milan
++ export PE_FFTW_DEFAULT_TARGET_x86_milan
++ PE_FFTW_DEFAULT_TARGET_x86_milan_x=x86_milan_x
++ export PE_FFTW_DEFAULT_TARGET_x86_milan_x
++ PE_FFTW_DEFAULT_TARGET_x86_rome=x86_rome
++ export PE_FFTW_DEFAULT_TARGET_x86_rome
++ PE_FFTW_DEFAULT_TARGET_x86_skylake=x86_skylake
++ export PE_FFTW_DEFAULT_TARGET_x86_skylake
++ PE_FFTW_DEFAULT_TARGET_x86_spr=x86_spr
++ export PE_FFTW_DEFAULT_TARGET_x86_spr
++ PE_FFTW_DEFAULT_TARGET_x86_trento=x86_trento
++ export PE_FFTW_DEFAULT_TARGET_x86_trento
++ PE_FFTW_DEFAULT_VOLATILE_PKGCONFIG_PATH=/opt/cray/pe/fftw/3.3.10.8/@PE_FFTW_DEFAULT_TARGET@/lib/pkgconfig
++ export PE_FFTW_DEFAULT_VOLATILE_PKGCONFIG_PATH
++ PE_FORTRAN_DEFAULT_PKGCONFIG_LIBS=mpichf90
++ export PE_FORTRAN_DEFAULT_PKGCONFIG_LIBS
++ PE_FORTRAN_PKGCONFIG_LIBS=mpichf90
++ export PE_FORTRAN_PKGCONFIG_LIBS
++ PE_GNU_DEFAULT_FIXED_PKGCONFIG_PATH=/opt/cray/pe/parallel-netcdf/1.12.3.13/GNU/12.3/lib/pkgconfig:/opt/cray/pe/netcdf-hdf5parallel/4.9.0.13/GNU/12.3/lib/pkgconfig:/opt/cray/pe/netcdf/4.9.0.13/GNU/12.3/lib/pkgconfig:/opt/cray/pe/libsci/24.07.0/GNU/12.3/x86_64/lib/pkgconfig:/opt/cray/pe/hdf5-parallel/1.14.3.1/GNU/12.3/lib/pkgconfig:/opt/cray/pe/hdf5/1.14.3.1/GNU/12.3/lib/pkgconfig
++ export PE_GNU_DEFAULT_FIXED_PKGCONFIG_PATH
++ PE_GNU_FIXED_PKGCONFIG_PATH=/opt/cray/pe/libsci/24.07.0/GNU/12.3/x86_64/lib/pkgconfig
++ export PE_GNU_FIXED_PKGCONFIG_PATH
++ PE_HDF5_DEFAULT_FIXED_PRGENV='GNU CRAY CRAYCLANG INTEL AOCC NVIDIA'
++ export PE_HDF5_DEFAULT_FIXED_PRGENV
++ PE_HDF5_PARALLEL_DEFAULT_FIXED_PRGENV='GNU CRAY CRAYCLANG INTEL AOCC NVIDIA'
++ export PE_HDF5_PARALLEL_DEFAULT_FIXED_PRGENV
++ PE_HDF5_PARALLEL_DEFAULT_REQUIRED_PRODUCTS=PE_MPICH
++ export PE_HDF5_PARALLEL_DEFAULT_REQUIRED_PRODUCTS
++ PE_INTEL_DEFAULT_FIXED_PKGCONFIG_PATH=/opt/cray/pe/parallel-netcdf/1.12.3.13/INTEL/2023.2/lib/pkgconfig:/opt/cray/pe/netcdf-hdf5parallel/4.9.0.13/INTEL/2023.2/lib/pkgconfig:/opt/cray/pe/netcdf/4.9.0.13/INTEL/2023.2/lib/pkgconfig:/opt/cray/pe/mpich/8.1.30/ofi/intel/2022.1/lib/pkgconfig:/opt/cray/pe/libsci/24.07.0/INTEL/2023.2/x86_64/lib/pkgconfig:/opt/cray/pe/hdf5-parallel/1.14.3.1/INTEL/2023.2/lib/pkgconfig:/opt/cray/pe/hdf5/1.14.3.1/INTEL/2023.2/lib/pkgconfig
++ export PE_INTEL_DEFAULT_FIXED_PKGCONFIG_PATH
++ PE_INTEL_FIXED_PKGCONFIG_PATH=/opt/cray/pe/libsci/24.07.0/INTEL/2023.2/x86_64/lib/pkgconfig:/opt/cray/pe/mpich/8.1.30/ofi/intel/2022.1/lib/pkgconfig
++ export PE_INTEL_FIXED_PKGCONFIG_PATH
++ PE_LEVEL=18.0
++ export PE_LEVEL
++ PE_LIBSCI_DEFAULT_FIXED_PRGENV='GNU CRAY CRAYCLANG INTEL AOCC NVIDIA NVHPC'
++ export PE_LIBSCI_DEFAULT_FIXED_PRGENV
++ PE_LIBSCI_DEFAULT_GENCOMPILERS_AOCC_x86_64=4.1
++ export PE_LIBSCI_DEFAULT_GENCOMPILERS_AOCC_x86_64
++ PE_LIBSCI_DEFAULT_GENCOMPILERS_CRAYCLANG_x86_64=17.0
++ export PE_LIBSCI_DEFAULT_GENCOMPILERS_CRAYCLANG_x86_64
++ PE_LIBSCI_DEFAULT_GENCOMPILERS_CRAY_x86_64=17.0
++ export PE_LIBSCI_DEFAULT_GENCOMPILERS_CRAY_x86_64
++ PE_LIBSCI_DEFAULT_GENCOMPILERS_GNU_x86_64=12.3
++ export PE_LIBSCI_DEFAULT_GENCOMPILERS_GNU_x86_64
++ PE_LIBSCI_DEFAULT_GENCOMPILERS_INTEL_x86_64=2023.2
++ export PE_LIBSCI_DEFAULT_GENCOMPILERS_INTEL_x86_64
++ PE_LIBSCI_DEFAULT_GENCOMPILERS_NVHPC_x86_64=23.3
++ export PE_LIBSCI_DEFAULT_GENCOMPILERS_NVHPC_x86_64
++ PE_LIBSCI_DEFAULT_GENCOMPILERS_NVIDIA_x86_64=23.3
++ export PE_LIBSCI_DEFAULT_GENCOMPILERS_NVIDIA_x86_64
++ PE_LIBSCI_DEFAULT_GENCOMPS_AOCC_x86_64=41
++ export PE_LIBSCI_DEFAULT_GENCOMPS_AOCC_x86_64
++ PE_LIBSCI_DEFAULT_GENCOMPS_CRAYCLANG_x86_64=170
++ export PE_LIBSCI_DEFAULT_GENCOMPS_CRAYCLANG_x86_64
++ PE_LIBSCI_DEFAULT_GENCOMPS_CRAY_x86_64=170
++ export PE_LIBSCI_DEFAULT_GENCOMPS_CRAY_x86_64
++ PE_LIBSCI_DEFAULT_GENCOMPS_GNU_x86_64=123
++ export PE_LIBSCI_DEFAULT_GENCOMPS_GNU_x86_64
++ PE_LIBSCI_DEFAULT_GENCOMPS_INTEL_x86_64=20232
++ export PE_LIBSCI_DEFAULT_GENCOMPS_INTEL_x86_64
++ PE_LIBSCI_DEFAULT_GENCOMPS_NVHPC_x86_64=233
++ export PE_LIBSCI_DEFAULT_GENCOMPS_NVHPC_x86_64
++ PE_LIBSCI_DEFAULT_GENCOMPS_NVIDIA_x86_64=233
++ export PE_LIBSCI_DEFAULT_GENCOMPS_NVIDIA_x86_64
++ PE_LIBSCI_DEFAULT_OMP_REQUIRES=
++ export PE_LIBSCI_DEFAULT_OMP_REQUIRES
++ PE_LIBSCI_DEFAULT_OMP_REQUIRES_openmp=_mp
++ export PE_LIBSCI_DEFAULT_OMP_REQUIRES_openmp
++ PE_LIBSCI_DEFAULT_PKGCONFIG_VARIABLES=PE_LIBSCI_DEFAULT_OMP_REQUIRES_@openmp@:PE_SCI_EXT_LIBPATH:PE_SCI_EXT_LIBNAME
++ export PE_LIBSCI_DEFAULT_PKGCONFIG_VARIABLES
++ PE_LIBSCI_DEFAULT_VOLATILE_PKGCONFIG_PATH=/opt/cray/pe/libsci/24.07.0/@PRGENV@/@PE_LIBSCI_DEFAULT_GENCOMPS@/x86_64/lib/pkgconfig
++ export PE_LIBSCI_DEFAULT_VOLATILE_PKGCONFIG_PATH
++ PE_LIBSCI_DEFAULT_VOLATILE_PRGENV='GNU CRAY CRAYCLANG INTEL AOCC NVIDIA NVHPC'
++ export PE_LIBSCI_DEFAULT_VOLATILE_PRGENV
++ PE_LIBSCI_DIR=/opt/cray/pe/libsci/24.07.0
++ export PE_LIBSCI_DIR
++ PE_LIBSCI_FIXED_PRGENV='GNU CRAY CRAYCLANG INTEL AOCC NVIDIA NVHPC'
++ export PE_LIBSCI_FIXED_PRGENV
++ PE_LIBSCI_GENCOMPILERS_AOCC_x86_64=4.1
++ export PE_LIBSCI_GENCOMPILERS_AOCC_x86_64
++ PE_LIBSCI_GENCOMPILERS_CRAYCLANG_x86_64=17.0
++ export PE_LIBSCI_GENCOMPILERS_CRAYCLANG_x86_64
++ PE_LIBSCI_GENCOMPILERS_CRAY_x86_64=17.0
++ export PE_LIBSCI_GENCOMPILERS_CRAY_x86_64
++ PE_LIBSCI_GENCOMPILERS_GNU_x86_64=12.3
++ export PE_LIBSCI_GENCOMPILERS_GNU_x86_64
++ PE_LIBSCI_GENCOMPILERS_INTEL_x86_64=2023.2
++ export PE_LIBSCI_GENCOMPILERS_INTEL_x86_64
++ PE_LIBSCI_GENCOMPILERS_NVHPC_x86_64=23.3
++ export PE_LIBSCI_GENCOMPILERS_NVHPC_x86_64
++ PE_LIBSCI_GENCOMPILERS_NVIDIA_x86_64=23.3
++ export PE_LIBSCI_GENCOMPILERS_NVIDIA_x86_64
++ PE_LIBSCI_GENCOMPS_AOCC_x86_64=41
++ export PE_LIBSCI_GENCOMPS_AOCC_x86_64
++ PE_LIBSCI_GENCOMPS_CRAYCLANG_x86_64=170
++ export PE_LIBSCI_GENCOMPS_CRAYCLANG_x86_64
++ PE_LIBSCI_GENCOMPS_CRAY_x86_64=170
++ export PE_LIBSCI_GENCOMPS_CRAY_x86_64
++ PE_LIBSCI_GENCOMPS_GNU_x86_64=123
++ export PE_LIBSCI_GENCOMPS_GNU_x86_64
++ PE_LIBSCI_GENCOMPS_INTEL_x86_64=20232
++ export PE_LIBSCI_GENCOMPS_INTEL_x86_64
++ PE_LIBSCI_GENCOMPS_NVHPC_x86_64=233
++ export PE_LIBSCI_GENCOMPS_NVHPC_x86_64
++ PE_LIBSCI_GENCOMPS_NVIDIA_x86_64=233
++ export PE_LIBSCI_GENCOMPS_NVIDIA_x86_64
++ PE_LIBSCI_MODULE_NAME=cray-libsci/24.07.0
++ export PE_LIBSCI_MODULE_NAME
++ PE_LIBSCI_OMP_REQUIRES=
++ export PE_LIBSCI_OMP_REQUIRES
++ PE_LIBSCI_OMP_REQUIRES_openmp=_mp
++ export PE_LIBSCI_OMP_REQUIRES_openmp
++ PE_LIBSCI_PKGCONFIG_LIBS=libsci_mpi:libsci
++ export PE_LIBSCI_PKGCONFIG_LIBS
++ PE_LIBSCI_PKGCONFIG_VARIABLES=PE_LIBSCI_OMP_REQUIRES_@openmp@:PE_SCI_EXT_LIBPATH:PE_SCI_EXT_LIBNAME
++ export PE_LIBSCI_PKGCONFIG_VARIABLES
++ PE_LIBSCI_VOLATILE_PKGCONFIG_PATH=/opt/cray/pe/libsci/24.07.0/@PRGENV@/@PE_LIBSCI_GENCOMPS@/x86_64/lib/pkgconfig
++ export PE_LIBSCI_VOLATILE_PKGCONFIG_PATH
++ PE_LIBSCI_VOLATILE_PRGENV='GNU CRAY CRAYCLANG INTEL AOCC NVIDIA NVHPC'
++ export PE_LIBSCI_VOLATILE_PRGENV
++ PE_MPICH_DEFAULT_FIXED_PRGENV=INTEL
++ export PE_MPICH_DEFAULT_FIXED_PRGENV
++ PE_MPICH_DEFAULT_FORTRAN_PKGCONFIG_LIBS=mpichf90
++ export PE_MPICH_DEFAULT_FORTRAN_PKGCONFIG_LIBS
++ PE_MPICH_DEFAULT_GTL_DIR_amd_gfx906=-L/opt/cray/pe/mpich/8.1.30/gtl/lib
++ export PE_MPICH_DEFAULT_GTL_DIR_amd_gfx906
++ PE_MPICH_DEFAULT_GTL_DIR_amd_gfx908=-L/opt/cray/pe/mpich/8.1.30/gtl/lib
++ export PE_MPICH_DEFAULT_GTL_DIR_amd_gfx908
++ PE_MPICH_DEFAULT_GTL_DIR_amd_gfx90a=-L/opt/cray/pe/mpich/8.1.30/gtl/lib
++ export PE_MPICH_DEFAULT_GTL_DIR_amd_gfx90a
++ PE_MPICH_DEFAULT_GTL_DIR_amd_gfx940=-L/opt/cray/pe/mpich/8.1.30/gtl/lib
++ export PE_MPICH_DEFAULT_GTL_DIR_amd_gfx940
++ PE_MPICH_DEFAULT_GTL_DIR_amd_gfx942=-L/opt/cray/pe/mpich/8.1.30/gtl/lib
++ export PE_MPICH_DEFAULT_GTL_DIR_amd_gfx942
++ PE_MPICH_DEFAULT_GTL_DIR_nvidia70=-L/opt/cray/pe/mpich/8.1.30/gtl/lib
++ export PE_MPICH_DEFAULT_GTL_DIR_nvidia70
++ PE_MPICH_DEFAULT_GTL_DIR_nvidia80=-L/opt/cray/pe/mpich/8.1.30/gtl/lib
++ export PE_MPICH_DEFAULT_GTL_DIR_nvidia80
++ PE_MPICH_DEFAULT_GTL_DIR_nvidia90=-L/opt/cray/pe/mpich/8.1.30/gtl/lib
++ export PE_MPICH_DEFAULT_GTL_DIR_nvidia90
++ PE_MPICH_DEFAULT_GTL_DIR_ponteVecchio=-L/opt/cray/pe/mpich/8.1.30/gtl/lib
++ export PE_MPICH_DEFAULT_GTL_DIR_ponteVecchio
++ PE_MPICH_DEFAULT_GTL_LIBS_amd_gfx906=-lmpi_gtl_hsa
++ export PE_MPICH_DEFAULT_GTL_LIBS_amd_gfx906
++ PE_MPICH_DEFAULT_GTL_LIBS_amd_gfx908=-lmpi_gtl_hsa
++ export PE_MPICH_DEFAULT_GTL_LIBS_amd_gfx908
++ PE_MPICH_DEFAULT_GTL_LIBS_amd_gfx90a=-lmpi_gtl_hsa
++ export PE_MPICH_DEFAULT_GTL_LIBS_amd_gfx90a
++ PE_MPICH_DEFAULT_GTL_LIBS_amd_gfx940=-lmpi_gtl_hsa
++ export PE_MPICH_DEFAULT_GTL_LIBS_amd_gfx940
++ PE_MPICH_DEFAULT_GTL_LIBS_amd_gfx942=-lmpi_gtl_hsa
++ export PE_MPICH_DEFAULT_GTL_LIBS_amd_gfx942
++ PE_MPICH_DEFAULT_GTL_LIBS_nvidia70=-lmpi_gtl_cuda
++ export PE_MPICH_DEFAULT_GTL_LIBS_nvidia70
++ PE_MPICH_DEFAULT_GTL_LIBS_nvidia80=-lmpi_gtl_cuda
++ export PE_MPICH_DEFAULT_GTL_LIBS_nvidia80
++ PE_MPICH_DEFAULT_GTL_LIBS_nvidia90=-lmpi_gtl_cuda
++ export PE_MPICH_DEFAULT_GTL_LIBS_nvidia90
++ PE_MPICH_DEFAULT_GTL_LIBS_ponteVecchio=-lmpi_gtl_ze
++ export PE_MPICH_DEFAULT_GTL_LIBS_ponteVecchio
++ PE_MPICH_DEFAULT_PKGCONFIG_LIBS=mpich
++ export PE_MPICH_DEFAULT_PKGCONFIG_LIBS
++ PE_MPICH_DEFAULT_PKGCONFIG_VARIABLES=PE_MPICH_GTL_DIR_@accelerator@:PE_MPICH_GTL_LIBS_@accelerator@
++ export PE_MPICH_DEFAULT_PKGCONFIG_VARIABLES
++ PE_MPICH_DEFAULT_VOLATILE_PKGCONFIG_PATH=/opt/cray/pe/mpich/8.1.30/ofi/@PRGENV@/@PE_MPICH_DEFAULT_GENCOMPS@/lib/pkgconfig:/opt/cray/pe/mpich/8.1.30/gtl/lib/pkgconfig
++ export PE_MPICH_DEFAULT_VOLATILE_PKGCONFIG_PATH
++ PE_MPICH_DEFAULT_VOLATILE_PRGENV='AMD AOCC CRAY CRAYCLANG GNU NVIDIA'
++ export PE_MPICH_DEFAULT_VOLATILE_PRGENV
++ PE_MPICH_FIXED_PRGENV=INTEL
++ export PE_MPICH_FIXED_PRGENV
++ PE_MPICH_FORTRAN_PKGCONFIG_LIBS=mpichf90
++ export PE_MPICH_FORTRAN_PKGCONFIG_LIBS
++ PE_MPICH_GENCOMPILERS_AMD=6.0
++ export PE_MPICH_GENCOMPILERS_AMD
++ PE_MPICH_GENCOMPILERS_AOCC=4.1
++ export PE_MPICH_GENCOMPILERS_AOCC
++ PE_MPICH_GENCOMPILERS_CRAY=17.0
++ export PE_MPICH_GENCOMPILERS_CRAY
++ PE_MPICH_GENCOMPILERS_CRAYCLANG=17.0
++ export PE_MPICH_GENCOMPILERS_CRAYCLANG
++ PE_MPICH_GENCOMPILERS_GNU=12.3
++ export PE_MPICH_GENCOMPILERS_GNU
++ PE_MPICH_GENCOMPILERS_NVIDIA=23.3
++ export PE_MPICH_GENCOMPILERS_NVIDIA
++ PE_MPICH_GTL_DIR_amd_gfx906=-L/opt/cray/pe/mpich/8.1.30/gtl/lib
++ export PE_MPICH_GTL_DIR_amd_gfx906
++ PE_MPICH_GTL_DIR_amd_gfx908=-L/opt/cray/pe/mpich/8.1.30/gtl/lib
++ export PE_MPICH_GTL_DIR_amd_gfx908
++ PE_MPICH_GTL_DIR_amd_gfx90a=-L/opt/cray/pe/mpich/8.1.30/gtl/lib
++ export PE_MPICH_GTL_DIR_amd_gfx90a
++ PE_MPICH_GTL_DIR_amd_gfx940=-L/opt/cray/pe/mpich/8.1.30/gtl/lib
++ export PE_MPICH_GTL_DIR_amd_gfx940
++ PE_MPICH_GTL_DIR_amd_gfx942=-L/opt/cray/pe/mpich/8.1.30/gtl/lib
++ export PE_MPICH_GTL_DIR_amd_gfx942
++ PE_MPICH_GTL_DIR_nvidia70=-L/opt/cray/pe/mpich/8.1.30/gtl/lib
++ export PE_MPICH_GTL_DIR_nvidia70
++ PE_MPICH_GTL_DIR_nvidia80=-L/opt/cray/pe/mpich/8.1.30/gtl/lib
++ export PE_MPICH_GTL_DIR_nvidia80
++ PE_MPICH_GTL_DIR_nvidia90=-L/opt/cray/pe/mpich/8.1.30/gtl/lib
++ export PE_MPICH_GTL_DIR_nvidia90
++ PE_MPICH_GTL_DIR_ponteVecchio=-L/opt/cray/pe/mpich/8.1.30/gtl/lib
++ export PE_MPICH_GTL_DIR_ponteVecchio
++ PE_MPICH_GTL_LIBS_amd_gfx906=-lmpi_gtl_hsa
++ export PE_MPICH_GTL_LIBS_amd_gfx906
++ PE_MPICH_GTL_LIBS_amd_gfx908=-lmpi_gtl_hsa
++ export PE_MPICH_GTL_LIBS_amd_gfx908
++ PE_MPICH_GTL_LIBS_amd_gfx90a=-lmpi_gtl_hsa
++ export PE_MPICH_GTL_LIBS_amd_gfx90a
++ PE_MPICH_GTL_LIBS_amd_gfx940=-lmpi_gtl_hsa
++ export PE_MPICH_GTL_LIBS_amd_gfx940
++ PE_MPICH_GTL_LIBS_amd_gfx942=-lmpi_gtl_hsa
++ export PE_MPICH_GTL_LIBS_amd_gfx942
++ PE_MPICH_GTL_LIBS_nvidia70=-lmpi_gtl_cuda
++ export PE_MPICH_GTL_LIBS_nvidia70
++ PE_MPICH_GTL_LIBS_nvidia80=-lmpi_gtl_cuda
++ export PE_MPICH_GTL_LIBS_nvidia80
++ PE_MPICH_GTL_LIBS_nvidia90=-lmpi_gtl_cuda
++ export PE_MPICH_GTL_LIBS_nvidia90
++ PE_MPICH_GTL_LIBS_ponteVecchio=-lmpi_gtl_ze
++ export PE_MPICH_GTL_LIBS_ponteVecchio
++ PE_MPICH_MODULE_NAME=cray-mpich
++ export PE_MPICH_MODULE_NAME
++ PE_MPICH_PKGCONFIG_LIBS=mpich
++ export PE_MPICH_PKGCONFIG_LIBS
++ PE_MPICH_PKGCONFIG_VARIABLES=PE_MPICH_GTL_DIR_@accelerator@:PE_MPICH_GTL_LIBS_@accelerator@
++ export PE_MPICH_PKGCONFIG_VARIABLES
++ PE_MPICH_VOLATILE_PKGCONFIG_PATH=/opt/cray/pe/mpich/8.1.30/ofi/@PRGENV@/@PE_MPICH_GENCOMPS@/lib/pkgconfig:/opt/cray/pe/mpich/8.1.30/gtl/lib/pkgconfig
++ export PE_MPICH_VOLATILE_PKGCONFIG_PATH
++ PE_MPICH_VOLATILE_PRGENV='AMD AOCC CRAY CRAYCLANG GNU NVIDIA'
++ export PE_MPICH_VOLATILE_PRGENV
++ PE_NETCDF_DEFAULT_FIXED_PRGENV='GNU CRAYCLANG INTEL AOCC NVIDIA'
++ export PE_NETCDF_DEFAULT_FIXED_PRGENV
++ PE_NETCDF_DEFAULT_REQUIRED_PRODUCTS=PE_HDF5
++ export PE_NETCDF_DEFAULT_REQUIRED_PRODUCTS
++ PE_NETCDF_HDF5PARALLEL_DEFAULT_FIXED_PRGENV='GNU CRAYCLANG INTEL AOCC NVIDIA'
++ export PE_NETCDF_HDF5PARALLEL_DEFAULT_FIXED_PRGENV
++ PE_NETCDF_HDF5PARALLEL_DEFAULT_REQUIRED_PRODUCTS=PE_HDF5_PARALLEL
++ export PE_NETCDF_HDF5PARALLEL_DEFAULT_REQUIRED_PRODUCTS
++ PE_NVHPC_DEFAULT_FIXED_PKGCONFIG_PATH=/opt/cray/pe/libsci/24.07.0/NVHPC/23.3/x86_64/lib/pkgconfig
++ export PE_NVHPC_DEFAULT_FIXED_PKGCONFIG_PATH
++ PE_NVHPC_FIXED_PKGCONFIG_PATH=/opt/cray/pe/libsci/24.07.0/NVHPC/23.3/x86_64/lib/pkgconfig
++ export PE_NVHPC_FIXED_PKGCONFIG_PATH
++ PE_NVIDIA_DEFAULT_FIXED_PKGCONFIG_PATH=/opt/cray/pe/parallel-netcdf/1.12.3.13/NVIDIA/23.3/lib/pkgconfig:/opt/cray/pe/netcdf-hdf5parallel/4.9.0.13/NVIDIA/23.3/lib/pkgconfig:/opt/cray/pe/netcdf/4.9.0.13/NVIDIA/23.3/lib/pkgconfig:/opt/cray/pe/libsci/24.07.0/NVIDIA/23.3/x86_64/lib/pkgconfig:/opt/cray/pe/hdf5-parallel/1.14.3.1/NVIDIA/23.3/lib/pkgconfig:/opt/cray/pe/hdf5/1.14.3.1/NVIDIA/23.3/lib/pkgconfig
++ export PE_NVIDIA_DEFAULT_FIXED_PKGCONFIG_PATH
++ PE_NVIDIA_FIXED_PKGCONFIG_PATH=/opt/cray/pe/libsci/24.07.0/NVIDIA/23.3/x86_64/lib/pkgconfig
++ export PE_NVIDIA_FIXED_PKGCONFIG_PATH
++ PE_PAPI_DEFAULT_ACCELL_FAMILY_LIBS=
++ export PE_PAPI_DEFAULT_ACCELL_FAMILY_LIBS
++ PE_PAPI_DEFAULT_ACCEL_FAMILY_LIBS_nvidia=,-lcupti,-lcudart,-lcuda
++ export PE_PAPI_DEFAULT_ACCEL_FAMILY_LIBS_nvidia
++ PE_PAPI_DEFAULT_ACCEL_LIBS=
++ export PE_PAPI_DEFAULT_ACCEL_LIBS
++ PE_PAPI_DEFAULT_ACCEL_LIBS_nvidia35=,-lcupti,-lcudart,-lcuda
++ export PE_PAPI_DEFAULT_ACCEL_LIBS_nvidia35
++ PE_PAPI_DEFAULT_PKGCONFIG_VARIABLES='PE_PAPI_ACCEL_LIBS_@accelerator@ PE_PAPI_ACCEL_FAMILY_LIBS_@accelerator_family@'
++ export PE_PAPI_DEFAULT_PKGCONFIG_VARIABLES
++ PE_PARALLEL_NETCDF_DEFAULT_FIXED_PRGENV='GNU CRAYCLANG INTEL AOCC NVIDIA'
++ export PE_PARALLEL_NETCDF_DEFAULT_FIXED_PRGENV
++ PE_PERFTOOLS_MPICH_LIBDIR=/opt/cray/pe/mpich/8.1.30/ofi/cray/17.0/lib
++ export PE_PERFTOOLS_MPICH_LIBDIR
++ PE_PKGCONFIG_DEFAULT_LIBS=mpich
++ export PE_PKGCONFIG_DEFAULT_LIBS
++ PE_PKGCONFIG_DEFAULT_PRODUCTS=PE_PARALLEL_NETCDF:PE_NETCDF_HDF5PARALLEL:PE_NETCDF:PE_MPICH:PE_LIBSCI:PE_HDF5_PARALLEL:PE_HDF5:PE_FFTW
++ export PE_PKGCONFIG_DEFAULT_PRODUCTS
++ PE_PKGCONFIG_LIBS=libsci_mpi:libsci:mpich:dsmml
++ export PE_PKGCONFIG_LIBS
++ PE_PKGCONFIG_PRODUCTS=PE_LIBSCI:PE_MPICH:PE_DSMML:PE_ATP
++ export PE_PKGCONFIG_PRODUCTS
++ PE_PKGCONFIG_PRODUCTS_DEFAULT=PE_PAPI
++ export PE_PKGCONFIG_PRODUCTS_DEFAULT
++ PE_PKG_CONFIG_PATH=/opt/cray/pe/valgrind4hpc/2.13.3/lib/pkgconfig:/opt/cray/pe/cti/2.18.4/lib/pkgconfig:/opt/cray/pe/atp/3.15.4/lib/pkgconfig
++ export PE_PKG_CONFIG_PATH
++ PE_PRODUCT_LIST=CRAY_LIBSCI:CRAYPE
++ export PE_PRODUCT_LIST
++ PE_SMA_DEFAULT_COMPFLAG=
++ export PE_SMA_DEFAULT_COMPFLAG
++ PE_SMA_DEFAULT_COMPFLAG_GNU=-fcray-pointer
++ export PE_SMA_DEFAULT_COMPFLAG_GNU
++ PE_SMA_DEFAULT_DIR_CRAY_DEFAULT64=64
++ export PE_SMA_DEFAULT_DIR_CRAY_DEFAULT64
++ PE_SMA_DEFAULT_DIR_PGI_DEFAULT64=64
++ export PE_SMA_DEFAULT_DIR_PGI_DEFAULT64
++ PE_SMA_DEFAULT_PKGCONFIG_VARIABLES=PE_SMA_COMPFLAG_@prgenv@
++ export PE_SMA_DEFAULT_PKGCONFIG_VARIABLES
++ PE_SMA_DEFAULT_VOLATILE_PKGCONFIG_PATH=/opt/cray/pe/sma/11.7.2/ofi/sma@PE_SMA_DEFAULT_DIR_DEFAULT64@/lib64/pkgconfig
++ export PE_SMA_DEFAULT_VOLATILE_PKGCONFIG_PATH
++ PKGCONFIG_ENABLED=1
++ export PKGCONFIG_ENABLED
++ PKG_CONFIG_PATH=/opt/cray/libfabric/1.20.1/lib64/pkgconfig:/opt/cray/pe/craype/2.7.32/pkg-config:/opt/cray/pe/atp/3.15.4/lib/pkgconfig
++ export PKG_CONFIG_PATH
++ PKG_CONFIG_PATH_DEFAULT=/opt/cray/pe/papi/7.1.0.2/lib64/pkgconfig
++ export PKG_CONFIG_PATH_DEFAULT
++ _LMFILES_=/opt/cray/pe/modulefiles/cce/18.0.0:/opt/cray/pe/modulefiles/craype/2.7.32:/opt/cray/pe/modulefiles/cray-dsmml/0.3.0:/opt/cray/modulefiles/libfabric/1.20.1:/opt/cray/pe/craype-targets/default/modulefiles/craype-network-ofi:/opt/cray/pe/modulefiles/cray-mpich/8.1.30:/opt/cray/pe/modulefiles/cray-libsci/24.07.0:/opt/cray/pe/modulefiles/PrgEnv-cray/8.5.0
++ export _LMFILES_
++ cce_already_loaded=0
++ export cce_already_loaded
+ '[' cce = aocc ']'
+ '[' cce = nvhpc ']'
+ module load cray-netcdf/4.9.0.13
++ /opt/cray/pe/modules/3.2.11.7/bin/modulecmd bash load cray-netcdf/4.9.0.13
+ eval CRAY_LD_LIBRARY_PATH=/opt/cray/pe/netcdf/4.9.0.13/CRAY/18.0/lib:/opt/cray/pe/netcdf/4.9.0.13/CRAYCLANG/18.0/lib:/opt/cray/pe/libsci/24.07.0/CRAY/17.0/x86_64/lib:/opt/cray/pe/mpich/8.1.30/ofi/cray/17.0/lib:/opt/cray/pe/mpich/8.1.30/gtl/lib:/opt/cray/pe/dsmml/0.3.0/dsmml/lib:/opt/cray/pe/cce/18.0.0/cce-clang/x86_64/lib:/opt/cray/pe/cce/18.0.0/cce/x86_64/lib ';export' 'CRAY_LD_LIBRARY_PATH;CRAY_NETCDF_DIR=/opt/cray/pe/netcdf/4.9.0.13' ';export' 'CRAY_NETCDF_DIR;CRAY_NETCDF_PREFIX=/opt/cray/pe/netcdf/4.9.0.13/CRAYCLANG/18.0' ';export' 'CRAY_NETCDF_PREFIX;CRAY_NETCDF_VERSION=4.9.0.13' ';export' 'CRAY_NETCDF_VERSION;CRAY_PE_MODULES=cray-netcdf:cray-libsci' ';export' 'CRAY_PE_MODULES;LOADEDMODULES=cce/18.0.0:craype/2.7.32:cray-dsmml/0.3.0:libfabric/1.20.1:craype-network-ofi:cray-mpich/8.1.30:cray-libsci/24.07.0:PrgEnv-cray/8.5.0:cray-netcdf/4.9.0.13' ';export' 'LOADEDMODULES;MANPATH=/opt/cray/pe/netcdf/4.9.0.13/share/man:/opt/cray/pe/libsci/24.07.0/share/man:/opt/cray/pe/mpich/8.1.30/ofi/man:/opt/cray/pe/mpich/8.1.30/man/mpich:/opt/cray/libfabric/1.20.1/share/man:/opt/cray/pe/dsmml/0.3.0/dsmml/man/:/opt/cray/pe/craype/2.7.32/man:/opt/cray/pe/cce/18.0.0/cce-clang/x86_64/share/man:/opt/cray/pe/cce/18.0.0/man:/opt/cray/pe/modules/3.2.11.7/share/man:/opt/cray/pe/modules/3.2.11.7/share/man:/opt/cray/pe/modules/3.2.11.7/share/man:/opt/cray/pe/modules/3.2.11.7/share/man:/opt/cray/pe/modules/3.2.11.7/share/man:/opt/cray/pe/modules/3.2.11.7/share/man:/opt/c3/man:/opt/clmgr/man:/opt/sgi/share/man:/opt/clmgr/share/man:/opt/clmgr/lib/cm-cli/man:/scratch/lus/dev/man:/opt/clmgr/man:/opt/sgi/share/man:/opt/clmgr/share/man:/opt/clmgr/lib/cm-cli/man:/scratch/lus/dev/man:/opt/clmgr/man:/opt/sgi/share/man:/opt/clmgr/share/man:/opt/clmgr/lib/cm-cli/man:/scratch/lus/dev/man:/opt/cray/pe/man' ';export' 'MANPATH;NETCDF_DIR=/opt/cray/pe/netcdf/4.9.0.13/CRAYCLANG/18.0' ';export' 'NETCDF_DIR;PATH=/opt/cray/pe/netcdf/4.9.0.13/bin:/opt/cray/pe/mpich/8.1.30/ofi/cray/17.0/bin:/opt/cray/pe/mpich/8.1.30/bin:/opt/cray/libfabric/1.20.1/bin:/opt/cray/pe/craype/2.7.32/bin:/opt/cray/pe/cce/18.0.0/binutils/x86_64/x86_64-pc-linux-gnu/bin:/opt/cray/pe/cce/18.0.0/binutils/cross/x86_64-aarch64/aarch64-linux-gnu/../bin:/opt/cray/pe/cce/18.0.0/utils/x86_64/bin:/opt/cray/pe/cce/18.0.0/bin:/scratch/lus/dev/paraview/bin:/scratch/lus/dev/bin:/scratch/lus/dev/bin:/scratch/lus/arw/.local/bin:/scratch/lus/dev/bin:/scratch/lus/arw/model/bin:.:/opt/clmgr/sbin:/opt/clmgr/bin:/opt/sgi/sbin:/opt/sgi/bin:/scratch/lus/dev/paraview/bin:/scratch/lus/dev/bin:/scratch/lus/dev/bin:/scratch/lus/arw/.local/bin:/scratch/lus/dev/bin:/scratch/lus/arw/model/bin:.:/opt/clmgr/sbin:/opt/clmgr/bin:/opt/sgi/sbin:/opt/sgi/bin:/scratch/lus/dev/paraview/bin:/scratch/lus/dev/bin:/scratch/lus/dev/bin:/scratch/lus/arw/.local/bin:/scratch/lus/dev/bin:/scratch/lus/arw/model/bin:.:/opt/clmgr/sbin:/opt/clmgr/bin:/opt/sgi/sbin:/opt/sgi/bin:/usr/bin:/bin:/usr/X11R6/bin:/opt/c3/bin:/usr/lib/mit/bin:/sbin:/bin:/sbin:/usr/sbin:/usr/bin:/opt/opengrads:/scratch/lus/dev/opengrads:/scratch/lus/dev/bin:/scratch/lus/arw/model/src/iodaconv/bin:/scratch/lus/arw/model/src/ioda/bin:/scratch/lus/arw/model/src/jedi/bin:/scratch/lus/dev/ncl/bin:/scratch/lus/dev/bin:/scratch/lus/dev/sbin:/pe:/usr/lib/mit/bin:/sbin:/bin:/sbin:/usr/sbin:/usr/bin:/opt/opengrads:/scratch/lus/dev/opengrads:/scratch/lus/dev/bin:/scratch/lus/arw/model/src/iodaconv/bin:/scratch/lus/arw/model/src/ioda/bin:/scratch/lus/arw/model/src/jedi/bin:/scratch/lus/dev/ncl/bin:/scratch/lus/dev/bin:/scratch/lus/dev/sbin:/pe:/usr/lib/mit/bin:/sbin:/bin:/sbin:/usr/sbin:/usr/bin:/opt/opengrads:/scratch/lus/dev/opengrads:/scratch/lus/dev/bin:/scratch/lus/arw/model/src/iodaconv/bin:/scratch/lus/arw/model/src/ioda/bin:/scratch/lus/arw/model/src/jedi/bin:/scratch/lus/dev/ncl/bin:/scratch/lus/dev/bin:/scratch/lus/dev/sbin:/pe:/opt/cray/pe/bin' ';export' 'PATH;PE_AOCC_FIXED_PKGCONFIG_PATH=/opt/cray/pe/netcdf/4.9.0.13/AOCC/4.1/lib/pkgconfig:/opt/cray/pe/libsci/24.07.0/AOCC/4.1/x86_64/lib/pkgconfig' ';export' 'PE_AOCC_FIXED_PKGCONFIG_PATH;PE_CRAYCLANG_FIXED_PKGCONFIG_PATH=/opt/cray/pe/netcdf/4.9.0.13/CRAYCLANG/18.0/lib/pkgconfig:/opt/cray/pe/libsci/24.07.0/CRAYCLANG/17.0/x86_64/lib/pkgconfig' ';export' 'PE_CRAYCLANG_FIXED_PKGCONFIG_PATH;PE_CXX_PKGCONFIG_LIBS=netcdf-cxx4' ';export' 'PE_CXX_PKGCONFIG_LIBS;PE_FORTRAN_PKGCONFIG_LIBS=netcdf-fortran:mpichf90' ';export' 'PE_FORTRAN_PKGCONFIG_LIBS;PE_GNU_FIXED_PKGCONFIG_PATH=/opt/cray/pe/netcdf/4.9.0.13/GNU/12.3/lib/pkgconfig:/opt/cray/pe/libsci/24.07.0/GNU/12.3/x86_64/lib/pkgconfig' ';export' 'PE_GNU_FIXED_PKGCONFIG_PATH;PE_INTEL_FIXED_PKGCONFIG_PATH=/opt/cray/pe/netcdf/4.9.0.13/INTEL/2023.2/lib/pkgconfig:/opt/cray/pe/libsci/24.07.0/INTEL/2023.2/x86_64/lib/pkgconfig:/opt/cray/pe/mpich/8.1.30/ofi/intel/2022.1/lib/pkgconfig' ';export' 'PE_INTEL_FIXED_PKGCONFIG_PATH;PE_NETCDF_BASEDIR=/opt/cray/pe/netcdf/4.9.0.13' ';export' 'PE_NETCDF_BASEDIR;PE_NETCDF_CXX_PKGCONFIG_LIBS=netcdf-cxx4' ';export' 'PE_NETCDF_CXX_PKGCONFIG_LIBS;PE_NETCDF_FIXED_PRGENV=GNU\' 'CRAYCLANG\' 'INTEL\' 'AOCC\' NVIDIA ';export' 'PE_NETCDF_FIXED_PRGENV;PE_NETCDF_FORTRAN_PKGCONFIG_LIBS=netcdf-fortran' ';export' 'PE_NETCDF_FORTRAN_PKGCONFIG_LIBS;PE_NETCDF_MODULE_NAME=cray-netcdf' ';export' 'PE_NETCDF_MODULE_NAME;PE_NETCDF_PKGCONFIG_LIBS=netcdf' ';export' 'PE_NETCDF_PKGCONFIG_LIBS;PE_NETCDF_REQUIRED_PRODUCTS=PE_HDF5' ';export' 'PE_NETCDF_REQUIRED_PRODUCTS;PE_NVIDIA_FIXED_PKGCONFIG_PATH=/opt/cray/pe/netcdf/4.9.0.13/NVIDIA/23.3/lib/pkgconfig:/opt/cray/pe/libsci/24.07.0/NVIDIA/23.3/x86_64/lib/pkgconfig' ';export' 'PE_NVIDIA_FIXED_PKGCONFIG_PATH;PE_PKGCONFIG_LIBS=netcdf:libsci_mpi:libsci:mpich:dsmml' ';export' 'PE_PKGCONFIG_LIBS;PE_PKGCONFIG_PRODUCTS=PE_NETCDF:PE_LIBSCI:PE_MPICH:PE_DSMML:PE_ATP' ';export' 'PE_PKGCONFIG_PRODUCTS;_LMFILES_=/opt/cray/pe/modulefiles/cce/18.0.0:/opt/cray/pe/modulefiles/craype/2.7.32:/opt/cray/pe/modulefiles/cray-dsmml/0.3.0:/opt/cray/modulefiles/libfabric/1.20.1:/opt/cray/pe/craype-targets/default/modulefiles/craype-network-ofi:/opt/cray/pe/modulefiles/cray-mpich/8.1.30:/opt/cray/pe/modulefiles/cray-libsci/24.07.0:/opt/cray/pe/modulefiles/PrgEnv-cray/8.5.0:/opt/cray/pe/modulefiles/cray-netcdf/4.9.0.13' ';export' '_LMFILES_;'
++ CRAY_LD_LIBRARY_PATH=/opt/cray/pe/netcdf/4.9.0.13/CRAY/18.0/lib:/opt/cray/pe/netcdf/4.9.0.13/CRAYCLANG/18.0/lib:/opt/cray/pe/libsci/24.07.0/CRAY/17.0/x86_64/lib:/opt/cray/pe/mpich/8.1.30/ofi/cray/17.0/lib:/opt/cray/pe/mpich/8.1.30/gtl/lib:/opt/cray/pe/dsmml/0.3.0/dsmml/lib:/opt/cray/pe/cce/18.0.0/cce-clang/x86_64/lib:/opt/cray/pe/cce/18.0.0/cce/x86_64/lib
++ export CRAY_LD_LIBRARY_PATH
++ CRAY_NETCDF_DIR=/opt/cray/pe/netcdf/4.9.0.13
++ export CRAY_NETCDF_DIR
++ CRAY_NETCDF_PREFIX=/opt/cray/pe/netcdf/4.9.0.13/CRAYCLANG/18.0
++ export CRAY_NETCDF_PREFIX
++ CRAY_NETCDF_VERSION=4.9.0.13
++ export CRAY_NETCDF_VERSION
++ CRAY_PE_MODULES=cray-netcdf:cray-libsci
++ export CRAY_PE_MODULES
++ LOADEDMODULES=cce/18.0.0:craype/2.7.32:cray-dsmml/0.3.0:libfabric/1.20.1:craype-network-ofi:cray-mpich/8.1.30:cray-libsci/24.07.0:PrgEnv-cray/8.5.0:cray-netcdf/4.9.0.13
++ export LOADEDMODULES
++ MANPATH=/opt/cray/pe/netcdf/4.9.0.13/share/man:/opt/cray/pe/libsci/24.07.0/share/man:/opt/cray/pe/mpich/8.1.30/ofi/man:/opt/cray/pe/mpich/8.1.30/man/mpich:/opt/cray/libfabric/1.20.1/share/man:/opt/cray/pe/dsmml/0.3.0/dsmml/man/:/opt/cray/pe/craype/2.7.32/man:/opt/cray/pe/cce/18.0.0/cce-clang/x86_64/share/man:/opt/cray/pe/cce/18.0.0/man:/opt/cray/pe/modules/3.2.11.7/share/man:/opt/cray/pe/modules/3.2.11.7/share/man:/opt/cray/pe/modules/3.2.11.7/share/man:/opt/cray/pe/modules/3.2.11.7/share/man:/opt/cray/pe/modules/3.2.11.7/share/man:/opt/cray/pe/modules/3.2.11.7/share/man:/opt/c3/man:/opt/clmgr/man:/opt/sgi/share/man:/opt/clmgr/share/man:/opt/clmgr/lib/cm-cli/man:/scratch/lus/dev/man:/opt/clmgr/man:/opt/sgi/share/man:/opt/clmgr/share/man:/opt/clmgr/lib/cm-cli/man:/scratch/lus/dev/man:/opt/clmgr/man:/opt/sgi/share/man:/opt/clmgr/share/man:/opt/clmgr/lib/cm-cli/man:/scratch/lus/dev/man:/opt/cray/pe/man
++ export MANPATH
++ NETCDF_DIR=/opt/cray/pe/netcdf/4.9.0.13/CRAYCLANG/18.0
++ export NETCDF_DIR
++ PATH=/opt/cray/pe/netcdf/4.9.0.13/bin:/opt/cray/pe/mpich/8.1.30/ofi/cray/17.0/bin:/opt/cray/pe/mpich/8.1.30/bin:/opt/cray/libfabric/1.20.1/bin:/opt/cray/pe/craype/2.7.32/bin:/opt/cray/pe/cce/18.0.0/binutils/x86_64/x86_64-pc-linux-gnu/bin:/opt/cray/pe/cce/18.0.0/binutils/cross/x86_64-aarch64/aarch64-linux-gnu/../bin:/opt/cray/pe/cce/18.0.0/utils/x86_64/bin:/opt/cray/pe/cce/18.0.0/bin:/scratch/lus/dev/paraview/bin:/scratch/lus/dev/bin:/scratch/lus/dev/bin:/scratch/lus/arw/.local/bin:/scratch/lus/dev/bin:/scratch/lus/arw/model/bin:.:/opt/clmgr/sbin:/opt/clmgr/bin:/opt/sgi/sbin:/opt/sgi/bin:/scratch/lus/dev/paraview/bin:/scratch/lus/dev/bin:/scratch/lus/dev/bin:/scratch/lus/arw/.local/bin:/scratch/lus/dev/bin:/scratch/lus/arw/model/bin:.:/opt/clmgr/sbin:/opt/clmgr/bin:/opt/sgi/sbin:/opt/sgi/bin:/scratch/lus/dev/paraview/bin:/scratch/lus/dev/bin:/scratch/lus/dev/bin:/scratch/lus/arw/.local/bin:/scratch/lus/dev/bin:/scratch/lus/arw/model/bin:.:/opt/clmgr/sbin:/opt/clmgr/bin:/opt/sgi/sbin:/opt/sgi/bin:/usr/bin:/bin:/usr/X11R6/bin:/opt/c3/bin:/usr/lib/mit/bin:/sbin:/bin:/sbin:/usr/sbin:/usr/bin:/opt/opengrads:/scratch/lus/dev/opengrads:/scratch/lus/dev/bin:/scratch/lus/arw/model/src/iodaconv/bin:/scratch/lus/arw/model/src/ioda/bin:/scratch/lus/arw/model/src/jedi/bin:/scratch/lus/dev/ncl/bin:/scratch/lus/dev/bin:/scratch/lus/dev/sbin:/pe:/usr/lib/mit/bin:/sbin:/bin:/sbin:/usr/sbin:/usr/bin:/opt/opengrads:/scratch/lus/dev/opengrads:/scratch/lus/dev/bin:/scratch/lus/arw/model/src/iodaconv/bin:/scratch/lus/arw/model/src/ioda/bin:/scratch/lus/arw/model/src/jedi/bin:/scratch/lus/dev/ncl/bin:/scratch/lus/dev/bin:/scratch/lus/dev/sbin:/pe:/usr/lib/mit/bin:/sbin:/bin:/sbin:/usr/sbin:/usr/bin:/opt/opengrads:/scratch/lus/dev/opengrads:/scratch/lus/dev/bin:/scratch/lus/arw/model/src/iodaconv/bin:/scratch/lus/arw/model/src/ioda/bin:/scratch/lus/arw/model/src/jedi/bin:/scratch/lus/dev/ncl/bin:/scratch/lus/dev/bin:/scratch/lus/dev/sbin:/pe:/opt/cray/pe/bin
++ export PATH
++ PE_AOCC_FIXED_PKGCONFIG_PATH=/opt/cray/pe/netcdf/4.9.0.13/AOCC/4.1/lib/pkgconfig:/opt/cray/pe/libsci/24.07.0/AOCC/4.1/x86_64/lib/pkgconfig
++ export PE_AOCC_FIXED_PKGCONFIG_PATH
++ PE_CRAYCLANG_FIXED_PKGCONFIG_PATH=/opt/cray/pe/netcdf/4.9.0.13/CRAYCLANG/18.0/lib/pkgconfig:/opt/cray/pe/libsci/24.07.0/CRAYCLANG/17.0/x86_64/lib/pkgconfig
++ export PE_CRAYCLANG_FIXED_PKGCONFIG_PATH
++ PE_CXX_PKGCONFIG_LIBS=netcdf-cxx4
++ export PE_CXX_PKGCONFIG_LIBS
++ PE_FORTRAN_PKGCONFIG_LIBS=netcdf-fortran:mpichf90
++ export PE_FORTRAN_PKGCONFIG_LIBS
++ PE_GNU_FIXED_PKGCONFIG_PATH=/opt/cray/pe/netcdf/4.9.0.13/GNU/12.3/lib/pkgconfig:/opt/cray/pe/libsci/24.07.0/GNU/12.3/x86_64/lib/pkgconfig
++ export PE_GNU_FIXED_PKGCONFIG_PATH
++ PE_INTEL_FIXED_PKGCONFIG_PATH=/opt/cray/pe/netcdf/4.9.0.13/INTEL/2023.2/lib/pkgconfig:/opt/cray/pe/libsci/24.07.0/INTEL/2023.2/x86_64/lib/pkgconfig:/opt/cray/pe/mpich/8.1.30/ofi/intel/2022.1/lib/pkgconfig
++ export PE_INTEL_FIXED_PKGCONFIG_PATH
++ PE_NETCDF_BASEDIR=/opt/cray/pe/netcdf/4.9.0.13
++ export PE_NETCDF_BASEDIR
++ PE_NETCDF_CXX_PKGCONFIG_LIBS=netcdf-cxx4
++ export PE_NETCDF_CXX_PKGCONFIG_LIBS
++ PE_NETCDF_FIXED_PRGENV='GNU CRAYCLANG INTEL AOCC NVIDIA'
++ export PE_NETCDF_FIXED_PRGENV
++ PE_NETCDF_FORTRAN_PKGCONFIG_LIBS=netcdf-fortran
++ export PE_NETCDF_FORTRAN_PKGCONFIG_LIBS
++ PE_NETCDF_MODULE_NAME=cray-netcdf
++ export PE_NETCDF_MODULE_NAME
++ PE_NETCDF_PKGCONFIG_LIBS=netcdf
++ export PE_NETCDF_PKGCONFIG_LIBS
++ PE_NETCDF_REQUIRED_PRODUCTS=PE_HDF5
++ export PE_NETCDF_REQUIRED_PRODUCTS
++ PE_NVIDIA_FIXED_PKGCONFIG_PATH=/opt/cray/pe/netcdf/4.9.0.13/NVIDIA/23.3/lib/pkgconfig:/opt/cray/pe/libsci/24.07.0/NVIDIA/23.3/x86_64/lib/pkgconfig
++ export PE_NVIDIA_FIXED_PKGCONFIG_PATH
++ PE_PKGCONFIG_LIBS=netcdf:libsci_mpi:libsci:mpich:dsmml
++ export PE_PKGCONFIG_LIBS
++ PE_PKGCONFIG_PRODUCTS=PE_NETCDF:PE_LIBSCI:PE_MPICH:PE_DSMML:PE_ATP
++ export PE_PKGCONFIG_PRODUCTS
++ _LMFILES_=/opt/cray/pe/modulefiles/cce/18.0.0:/opt/cray/pe/modulefiles/craype/2.7.32:/opt/cray/pe/modulefiles/cray-dsmml/0.3.0:/opt/cray/modulefiles/libfabric/1.20.1:/opt/cray/pe/craype-targets/default/modulefiles/craype-network-ofi:/opt/cray/pe/modulefiles/cray-mpich/8.1.30:/opt/cray/pe/modulefiles/cray-libsci/24.07.0:/opt/cray/pe/modulefiles/PrgEnv-cray/8.5.0:/opt/cray/pe/modulefiles/cray-netcdf/4.9.0.13
++ export _LMFILES_
+ module load cray-parallel-netcdf/1.12.3.13
++ /opt/cray/pe/modules/3.2.11.7/bin/modulecmd bash load cray-parallel-netcdf/1.12.3.13
+ eval CRAY_LD_LIBRARY_PATH=/opt/cray/pe/parallel-netcdf/1.12.3.13/CRAYCLANG/18.0/lib:/opt/cray/pe/netcdf/4.9.0.13/CRAY/18.0/lib:/opt/cray/pe/netcdf/4.9.0.13/CRAYCLANG/18.0/lib:/opt/cray/pe/libsci/24.07.0/CRAY/17.0/x86_64/lib:/opt/cray/pe/mpich/8.1.30/ofi/cray/17.0/lib:/opt/cray/pe/mpich/8.1.30/gtl/lib:/opt/cray/pe/dsmml/0.3.0/dsmml/lib:/opt/cray/pe/cce/18.0.0/cce-clang/x86_64/lib:/opt/cray/pe/cce/18.0.0/cce/x86_64/lib ';export' 'CRAY_LD_LIBRARY_PATH;CRAY_PARALLEL_NETCDF_DIR=/opt/cray/pe/parallel-netcdf/1.12.3.13' ';export' 'CRAY_PARALLEL_NETCDF_DIR;CRAY_PARALLEL_NETCDF_PREFIX=/opt/cray/pe/parallel-netcdf/1.12.3.13/CRAYCLANG/18.0' ';export' 'CRAY_PARALLEL_NETCDF_PREFIX;CRAY_PARALLEL_NETCDF_VERSION=1.12.3.13' ';export' 'CRAY_PARALLEL_NETCDF_VERSION;LOADEDMODULES=cce/18.0.0:craype/2.7.32:cray-dsmml/0.3.0:libfabric/1.20.1:craype-network-ofi:cray-mpich/8.1.30:cray-libsci/24.07.0:PrgEnv-cray/8.5.0:cray-netcdf/4.9.0.13:cray-parallel-netcdf/1.12.3.13' ';export' 'LOADEDMODULES;MANPATH=/opt/cray/pe/parallel-netcdf/1.12.3.13/share/man:/opt/cray/pe/netcdf/4.9.0.13/share/man:/opt/cray/pe/libsci/24.07.0/share/man:/opt/cray/pe/mpich/8.1.30/ofi/man:/opt/cray/pe/mpich/8.1.30/man/mpich:/opt/cray/libfabric/1.20.1/share/man:/opt/cray/pe/dsmml/0.3.0/dsmml/man/:/opt/cray/pe/craype/2.7.32/man:/opt/cray/pe/cce/18.0.0/cce-clang/x86_64/share/man:/opt/cray/pe/cce/18.0.0/man:/opt/cray/pe/modules/3.2.11.7/share/man:/opt/cray/pe/modules/3.2.11.7/share/man:/opt/cray/pe/modules/3.2.11.7/share/man:/opt/cray/pe/modules/3.2.11.7/share/man:/opt/cray/pe/modules/3.2.11.7/share/man:/opt/cray/pe/modules/3.2.11.7/share/man:/opt/c3/man:/opt/clmgr/man:/opt/sgi/share/man:/opt/clmgr/share/man:/opt/clmgr/lib/cm-cli/man:/scratch/lus/dev/man:/opt/clmgr/man:/opt/sgi/share/man:/opt/clmgr/share/man:/opt/clmgr/lib/cm-cli/man:/scratch/lus/dev/man:/opt/clmgr/man:/opt/sgi/share/man:/opt/clmgr/share/man:/opt/clmgr/lib/cm-cli/man:/scratch/lus/dev/man:/opt/cray/pe/man' ';export' 'MANPATH;PATH=/opt/cray/pe/parallel-netcdf/1.12.3.13/bin:/opt/cray/pe/netcdf/4.9.0.13/bin:/opt/cray/pe/mpich/8.1.30/ofi/cray/17.0/bin:/opt/cray/pe/mpich/8.1.30/bin:/opt/cray/libfabric/1.20.1/bin:/opt/cray/pe/craype/2.7.32/bin:/opt/cray/pe/cce/18.0.0/binutils/x86_64/x86_64-pc-linux-gnu/bin:/opt/cray/pe/cce/18.0.0/binutils/cross/x86_64-aarch64/aarch64-linux-gnu/../bin:/opt/cray/pe/cce/18.0.0/utils/x86_64/bin:/opt/cray/pe/cce/18.0.0/bin:/scratch/lus/dev/paraview/bin:/scratch/lus/dev/bin:/scratch/lus/dev/bin:/scratch/lus/arw/.local/bin:/scratch/lus/dev/bin:/scratch/lus/arw/model/bin:.:/opt/clmgr/sbin:/opt/clmgr/bin:/opt/sgi/sbin:/opt/sgi/bin:/scratch/lus/dev/paraview/bin:/scratch/lus/dev/bin:/scratch/lus/dev/bin:/scratch/lus/arw/.local/bin:/scratch/lus/dev/bin:/scratch/lus/arw/model/bin:.:/opt/clmgr/sbin:/opt/clmgr/bin:/opt/sgi/sbin:/opt/sgi/bin:/scratch/lus/dev/paraview/bin:/scratch/lus/dev/bin:/scratch/lus/dev/bin:/scratch/lus/arw/.local/bin:/scratch/lus/dev/bin:/scratch/lus/arw/model/bin:.:/opt/clmgr/sbin:/opt/clmgr/bin:/opt/sgi/sbin:/opt/sgi/bin:/usr/bin:/bin:/usr/X11R6/bin:/opt/c3/bin:/usr/lib/mit/bin:/sbin:/bin:/sbin:/usr/sbin:/usr/bin:/opt/opengrads:/scratch/lus/dev/opengrads:/scratch/lus/dev/bin:/scratch/lus/arw/model/src/iodaconv/bin:/scratch/lus/arw/model/src/ioda/bin:/scratch/lus/arw/model/src/jedi/bin:/scratch/lus/dev/ncl/bin:/scratch/lus/dev/bin:/scratch/lus/dev/sbin:/pe:/usr/lib/mit/bin:/sbin:/bin:/sbin:/usr/sbin:/usr/bin:/opt/opengrads:/scratch/lus/dev/opengrads:/scratch/lus/dev/bin:/scratch/lus/arw/model/src/iodaconv/bin:/scratch/lus/arw/model/src/ioda/bin:/scratch/lus/arw/model/src/jedi/bin:/scratch/lus/dev/ncl/bin:/scratch/lus/dev/bin:/scratch/lus/dev/sbin:/pe:/usr/lib/mit/bin:/sbin:/bin:/sbin:/usr/sbin:/usr/bin:/opt/opengrads:/scratch/lus/dev/opengrads:/scratch/lus/dev/bin:/scratch/lus/arw/model/src/iodaconv/bin:/scratch/lus/arw/model/src/ioda/bin:/scratch/lus/arw/model/src/jedi/bin:/scratch/lus/dev/ncl/bin:/scratch/lus/dev/bin:/scratch/lus/dev/sbin:/pe:/opt/cray/pe/bin' ';export' 'PATH;PE_AOCC_FIXED_PKGCONFIG_PATH=/opt/cray/pe/parallel-netcdf/1.12.3.13/AOCC/4.1/lib/pkgconfig:/opt/cray/pe/netcdf/4.9.0.13/AOCC/4.1/lib/pkgconfig:/opt/cray/pe/libsci/24.07.0/AOCC/4.1/x86_64/lib/pkgconfig' ';export' 'PE_AOCC_FIXED_PKGCONFIG_PATH;PE_CRAYCLANG_FIXED_PKGCONFIG_PATH=/opt/cray/pe/parallel-netcdf/1.12.3.13/CRAYCLANG/18.0/lib/pkgconfig:/opt/cray/pe/netcdf/4.9.0.13/CRAYCLANG/18.0/lib/pkgconfig:/opt/cray/pe/libsci/24.07.0/CRAYCLANG/17.0/x86_64/lib/pkgconfig' ';export' 'PE_CRAYCLANG_FIXED_PKGCONFIG_PATH;PE_GNU_FIXED_PKGCONFIG_PATH=/opt/cray/pe/parallel-netcdf/1.12.3.13/GNU/12.3/lib/pkgconfig:/opt/cray/pe/netcdf/4.9.0.13/GNU/12.3/lib/pkgconfig:/opt/cray/pe/libsci/24.07.0/GNU/12.3/x86_64/lib/pkgconfig' ';export' 'PE_GNU_FIXED_PKGCONFIG_PATH;PE_INTEL_FIXED_PKGCONFIG_PATH=/opt/cray/pe/parallel-netcdf/1.12.3.13/INTEL/2023.2/lib/pkgconfig:/opt/cray/pe/netcdf/4.9.0.13/INTEL/2023.2/lib/pkgconfig:/opt/cray/pe/libsci/24.07.0/INTEL/2023.2/x86_64/lib/pkgconfig:/opt/cray/pe/mpich/8.1.30/ofi/intel/2022.1/lib/pkgconfig' ';export' 'PE_INTEL_FIXED_PKGCONFIG_PATH;PE_NVIDIA_FIXED_PKGCONFIG_PATH=/opt/cray/pe/parallel-netcdf/1.12.3.13/NVIDIA/23.3/lib/pkgconfig:/opt/cray/pe/netcdf/4.9.0.13/NVIDIA/23.3/lib/pkgconfig:/opt/cray/pe/libsci/24.07.0/NVIDIA/23.3/x86_64/lib/pkgconfig' ';export' 'PE_NVIDIA_FIXED_PKGCONFIG_PATH;PE_PARALLEL_NETCDF_DIR=/opt/cray/pe/parallel-netcdf/1.12.3.13' ';export' 'PE_PARALLEL_NETCDF_DIR;PE_PARALLEL_NETCDF_FIXED_PRGENV=GNU\' 'CRAYCLANG\' 'INTEL\' 'AOCC\' NVIDIA ';export' 'PE_PARALLEL_NETCDF_FIXED_PRGENV;PE_PARALLEL_NETCDF_MODULE_NAME=cray-parallel-netcdf' ';export' 'PE_PARALLEL_NETCDF_MODULE_NAME;PE_PKGCONFIG_LIBS=pnetcdf:netcdf:libsci_mpi:libsci:mpich:dsmml' ';export' 'PE_PKGCONFIG_LIBS;PE_PKGCONFIG_PRODUCTS=PE_PARALLEL_NETCDF:PE_NETCDF:PE_LIBSCI:PE_MPICH:PE_DSMML:PE_ATP' ';export' 'PE_PKGCONFIG_PRODUCTS;PNETCDF_DIR=/opt/cray/pe/parallel-netcdf/1.12.3.13/CRAYCLANG/18.0' ';export' 'PNETCDF_DIR;_LMFILES_=/opt/cray/pe/modulefiles/cce/18.0.0:/opt/cray/pe/modulefiles/craype/2.7.32:/opt/cray/pe/modulefiles/cray-dsmml/0.3.0:/opt/cray/modulefiles/libfabric/1.20.1:/opt/cray/pe/craype-targets/default/modulefiles/craype-network-ofi:/opt/cray/pe/modulefiles/cray-mpich/8.1.30:/opt/cray/pe/modulefiles/cray-libsci/24.07.0:/opt/cray/pe/modulefiles/PrgEnv-cray/8.5.0:/opt/cray/pe/modulefiles/cray-netcdf/4.9.0.13:/opt/cray/pe/modulefiles/cray-parallel-netcdf/1.12.3.13' ';export' '_LMFILES_;'
++ CRAY_LD_LIBRARY_PATH=/opt/cray/pe/parallel-netcdf/1.12.3.13/CRAYCLANG/18.0/lib:/opt/cray/pe/netcdf/4.9.0.13/CRAY/18.0/lib:/opt/cray/pe/netcdf/4.9.0.13/CRAYCLANG/18.0/lib:/opt/cray/pe/libsci/24.07.0/CRAY/17.0/x86_64/lib:/opt/cray/pe/mpich/8.1.30/ofi/cray/17.0/lib:/opt/cray/pe/mpich/8.1.30/gtl/lib:/opt/cray/pe/dsmml/0.3.0/dsmml/lib:/opt/cray/pe/cce/18.0.0/cce-clang/x86_64/lib:/opt/cray/pe/cce/18.0.0/cce/x86_64/lib
++ export CRAY_LD_LIBRARY_PATH
++ CRAY_PARALLEL_NETCDF_DIR=/opt/cray/pe/parallel-netcdf/1.12.3.13
++ export CRAY_PARALLEL_NETCDF_DIR
++ CRAY_PARALLEL_NETCDF_PREFIX=/opt/cray/pe/parallel-netcdf/1.12.3.13/CRAYCLANG/18.0
++ export CRAY_PARALLEL_NETCDF_PREFIX
++ CRAY_PARALLEL_NETCDF_VERSION=1.12.3.13
++ export CRAY_PARALLEL_NETCDF_VERSION
++ LOADEDMODULES=cce/18.0.0:craype/2.7.32:cray-dsmml/0.3.0:libfabric/1.20.1:craype-network-ofi:cray-mpich/8.1.30:cray-libsci/24.07.0:PrgEnv-cray/8.5.0:cray-netcdf/4.9.0.13:cray-parallel-netcdf/1.12.3.13
++ export LOADEDMODULES
++ MANPATH=/opt/cray/pe/parallel-netcdf/1.12.3.13/share/man:/opt/cray/pe/netcdf/4.9.0.13/share/man:/opt/cray/pe/libsci/24.07.0/share/man:/opt/cray/pe/mpich/8.1.30/ofi/man:/opt/cray/pe/mpich/8.1.30/man/mpich:/opt/cray/libfabric/1.20.1/share/man:/opt/cray/pe/dsmml/0.3.0/dsmml/man/:/opt/cray/pe/craype/2.7.32/man:/opt/cray/pe/cce/18.0.0/cce-clang/x86_64/share/man:/opt/cray/pe/cce/18.0.0/man:/opt/cray/pe/modules/3.2.11.7/share/man:/opt/cray/pe/modules/3.2.11.7/share/man:/opt/cray/pe/modules/3.2.11.7/share/man:/opt/cray/pe/modules/3.2.11.7/share/man:/opt/cray/pe/modules/3.2.11.7/share/man:/opt/cray/pe/modules/3.2.11.7/share/man:/opt/c3/man:/opt/clmgr/man:/opt/sgi/share/man:/opt/clmgr/share/man:/opt/clmgr/lib/cm-cli/man:/scratch/lus/dev/man:/opt/clmgr/man:/opt/sgi/share/man:/opt/clmgr/share/man:/opt/clmgr/lib/cm-cli/man:/scratch/lus/dev/man:/opt/clmgr/man:/opt/sgi/share/man:/opt/clmgr/share/man:/opt/clmgr/lib/cm-cli/man:/scratch/lus/dev/man:/opt/cray/pe/man
++ export MANPATH
++ PATH=/opt/cray/pe/parallel-netcdf/1.12.3.13/bin:/opt/cray/pe/netcdf/4.9.0.13/bin:/opt/cray/pe/mpich/8.1.30/ofi/cray/17.0/bin:/opt/cray/pe/mpich/8.1.30/bin:/opt/cray/libfabric/1.20.1/bin:/opt/cray/pe/craype/2.7.32/bin:/opt/cray/pe/cce/18.0.0/binutils/x86_64/x86_64-pc-linux-gnu/bin:/opt/cray/pe/cce/18.0.0/binutils/cross/x86_64-aarch64/aarch64-linux-gnu/../bin:/opt/cray/pe/cce/18.0.0/utils/x86_64/bin:/opt/cray/pe/cce/18.0.0/bin:/scratch/lus/dev/paraview/bin:/scratch/lus/dev/bin:/scratch/lus/dev/bin:/scratch/lus/arw/.local/bin:/scratch/lus/dev/bin:/scratch/lus/arw/model/bin:.:/opt/clmgr/sbin:/opt/clmgr/bin:/opt/sgi/sbin:/opt/sgi/bin:/scratch/lus/dev/paraview/bin:/scratch/lus/dev/bin:/scratch/lus/dev/bin:/scratch/lus/arw/.local/bin:/scratch/lus/dev/bin:/scratch/lus/arw/model/bin:.:/opt/clmgr/sbin:/opt/clmgr/bin:/opt/sgi/sbin:/opt/sgi/bin:/scratch/lus/dev/paraview/bin:/scratch/lus/dev/bin:/scratch/lus/dev/bin:/scratch/lus/arw/.local/bin:/scratch/lus/dev/bin:/scratch/lus/arw/model/bin:.:/opt/clmgr/sbin:/opt/clmgr/bin:/opt/sgi/sbin:/opt/sgi/bin:/usr/bin:/bin:/usr/X11R6/bin:/opt/c3/bin:/usr/lib/mit/bin:/sbin:/bin:/sbin:/usr/sbin:/usr/bin:/opt/opengrads:/scratch/lus/dev/opengrads:/scratch/lus/dev/bin:/scratch/lus/arw/model/src/iodaconv/bin:/scratch/lus/arw/model/src/ioda/bin:/scratch/lus/arw/model/src/jedi/bin:/scratch/lus/dev/ncl/bin:/scratch/lus/dev/bin:/scratch/lus/dev/sbin:/pe:/usr/lib/mit/bin:/sbin:/bin:/sbin:/usr/sbin:/usr/bin:/opt/opengrads:/scratch/lus/dev/opengrads:/scratch/lus/dev/bin:/scratch/lus/arw/model/src/iodaconv/bin:/scratch/lus/arw/model/src/ioda/bin:/scratch/lus/arw/model/src/jedi/bin:/scratch/lus/dev/ncl/bin:/scratch/lus/dev/bin:/scratch/lus/dev/sbin:/pe:/usr/lib/mit/bin:/sbin:/bin:/sbin:/usr/sbin:/usr/bin:/opt/opengrads:/scratch/lus/dev/opengrads:/scratch/lus/dev/bin:/scratch/lus/arw/model/src/iodaconv/bin:/scratch/lus/arw/model/src/ioda/bin:/scratch/lus/arw/model/src/jedi/bin:/scratch/lus/dev/ncl/bin:/scratch/lus/dev/bin:/scratch/lus/dev/sbin:/pe:/opt/cray/pe/bin
++ export PATH
++ PE_AOCC_FIXED_PKGCONFIG_PATH=/opt/cray/pe/parallel-netcdf/1.12.3.13/AOCC/4.1/lib/pkgconfig:/opt/cray/pe/netcdf/4.9.0.13/AOCC/4.1/lib/pkgconfig:/opt/cray/pe/libsci/24.07.0/AOCC/4.1/x86_64/lib/pkgconfig
++ export PE_AOCC_FIXED_PKGCONFIG_PATH
++ PE_CRAYCLANG_FIXED_PKGCONFIG_PATH=/opt/cray/pe/parallel-netcdf/1.12.3.13/CRAYCLANG/18.0/lib/pkgconfig:/opt/cray/pe/netcdf/4.9.0.13/CRAYCLANG/18.0/lib/pkgconfig:/opt/cray/pe/libsci/24.07.0/CRAYCLANG/17.0/x86_64/lib/pkgconfig
++ export PE_CRAYCLANG_FIXED_PKGCONFIG_PATH
++ PE_GNU_FIXED_PKGCONFIG_PATH=/opt/cray/pe/parallel-netcdf/1.12.3.13/GNU/12.3/lib/pkgconfig:/opt/cray/pe/netcdf/4.9.0.13/GNU/12.3/lib/pkgconfig:/opt/cray/pe/libsci/24.07.0/GNU/12.3/x86_64/lib/pkgconfig
++ export PE_GNU_FIXED_PKGCONFIG_PATH
++ PE_INTEL_FIXED_PKGCONFIG_PATH=/opt/cray/pe/parallel-netcdf/1.12.3.13/INTEL/2023.2/lib/pkgconfig:/opt/cray/pe/netcdf/4.9.0.13/INTEL/2023.2/lib/pkgconfig:/opt/cray/pe/libsci/24.07.0/INTEL/2023.2/x86_64/lib/pkgconfig:/opt/cray/pe/mpich/8.1.30/ofi/intel/2022.1/lib/pkgconfig
++ export PE_INTEL_FIXED_PKGCONFIG_PATH
++ PE_NVIDIA_FIXED_PKGCONFIG_PATH=/opt/cray/pe/parallel-netcdf/1.12.3.13/NVIDIA/23.3/lib/pkgconfig:/opt/cray/pe/netcdf/4.9.0.13/NVIDIA/23.3/lib/pkgconfig:/opt/cray/pe/libsci/24.07.0/NVIDIA/23.3/x86_64/lib/pkgconfig
++ export PE_NVIDIA_FIXED_PKGCONFIG_PATH
++ PE_PARALLEL_NETCDF_DIR=/opt/cray/pe/parallel-netcdf/1.12.3.13
++ export PE_PARALLEL_NETCDF_DIR
++ PE_PARALLEL_NETCDF_FIXED_PRGENV='GNU CRAYCLANG INTEL AOCC NVIDIA'
++ export PE_PARALLEL_NETCDF_FIXED_PRGENV
++ PE_PARALLEL_NETCDF_MODULE_NAME=cray-parallel-netcdf
++ export PE_PARALLEL_NETCDF_MODULE_NAME
++ PE_PKGCONFIG_LIBS=pnetcdf:netcdf:libsci_mpi:libsci:mpich:dsmml
++ export PE_PKGCONFIG_LIBS
++ PE_PKGCONFIG_PRODUCTS=PE_PARALLEL_NETCDF:PE_NETCDF:PE_LIBSCI:PE_MPICH:PE_DSMML:PE_ATP
++ export PE_PKGCONFIG_PRODUCTS
++ PNETCDF_DIR=/opt/cray/pe/parallel-netcdf/1.12.3.13/CRAYCLANG/18.0
++ export PNETCDF_DIR
++ _LMFILES_=/opt/cray/pe/modulefiles/cce/18.0.0:/opt/cray/pe/modulefiles/craype/2.7.32:/opt/cray/pe/modulefiles/cray-dsmml/0.3.0:/opt/cray/modulefiles/libfabric/1.20.1:/opt/cray/pe/craype-targets/default/modulefiles/craype-network-ofi:/opt/cray/pe/modulefiles/cray-mpich/8.1.30:/opt/cray/pe/modulefiles/cray-libsci/24.07.0:/opt/cray/pe/modulefiles/PrgEnv-cray/8.5.0:/opt/cray/pe/modulefiles/cray-netcdf/4.9.0.13:/opt/cray/pe/modulefiles/cray-parallel-netcdf/1.12.3.13
++ export _LMFILES_
+ module load craype-x86-rome
++ /opt/cray/pe/modules/3.2.11.7/bin/modulecmd bash load craype-x86-rome
+ eval CRAY_CPU_TARGET=x86-rome ';export' 'CRAY_CPU_TARGET;LOADEDMODULES=cce/18.0.0:craype/2.7.32:cray-dsmml/0.3.0:libfabric/1.20.1:craype-network-ofi:cray-mpich/8.1.30:cray-libsci/24.07.0:PrgEnv-cray/8.5.0:cray-netcdf/4.9.0.13:cray-parallel-netcdf/1.12.3.13:craype-x86-rome' ';export' 'LOADEDMODULES;PE_PRODUCT_LIST=CRAYPE_X86_ROME:CRAY_LIBSCI:CRAYPE' ';export' 'PE_PRODUCT_LIST;_LMFILES_=/opt/cray/pe/modulefiles/cce/18.0.0:/opt/cray/pe/modulefiles/craype/2.7.32:/opt/cray/pe/modulefiles/cray-dsmml/0.3.0:/opt/cray/modulefiles/libfabric/1.20.1:/opt/cray/pe/craype-targets/default/modulefiles/craype-network-ofi:/opt/cray/pe/modulefiles/cray-mpich/8.1.30:/opt/cray/pe/modulefiles/cray-libsci/24.07.0:/opt/cray/pe/modulefiles/PrgEnv-cray/8.5.0:/opt/cray/pe/modulefiles/cray-netcdf/4.9.0.13:/opt/cray/pe/modulefiles/cray-parallel-netcdf/1.12.3.13:/opt/cray/pe/craype-targets/default/modulefiles/craype-x86-rome' ';export' '_LMFILES_;'
++ CRAY_CPU_TARGET=x86-rome
++ export CRAY_CPU_TARGET
++ LOADEDMODULES=cce/18.0.0:craype/2.7.32:cray-dsmml/0.3.0:libfabric/1.20.1:craype-network-ofi:cray-mpich/8.1.30:cray-libsci/24.07.0:PrgEnv-cray/8.5.0:cray-netcdf/4.9.0.13:cray-parallel-netcdf/1.12.3.13:craype-x86-rome
++ export LOADEDMODULES
++ PE_PRODUCT_LIST=CRAYPE_X86_ROME:CRAY_LIBSCI:CRAYPE
++ export PE_PRODUCT_LIST
++ _LMFILES_=/opt/cray/pe/modulefiles/cce/18.0.0:/opt/cray/pe/modulefiles/craype/2.7.32:/opt/cray/pe/modulefiles/cray-dsmml/0.3.0:/opt/cray/modulefiles/libfabric/1.20.1:/opt/cray/pe/craype-targets/default/modulefiles/craype-network-ofi:/opt/cray/pe/modulefiles/cray-mpich/8.1.30:/opt/cray/pe/modulefiles/cray-libsci/24.07.0:/opt/cray/pe/modulefiles/PrgEnv-cray/8.5.0:/opt/cray/pe/modulefiles/cray-netcdf/4.9.0.13:/opt/cray/pe/modulefiles/cray-parallel-netcdf/1.12.3.13:/opt/cray/pe/craype-targets/default/modulefiles/craype-x86-rome
++ export _LMFILES_
+ '[' yes = yes ']'
+ module swap craype-network-ofi craype-network-ucx
++ /opt/cray/pe/modules/3.2.11.7/bin/modulecmd bash swap craype-network-ofi craype-network-ucx
+ eval CRAYPE_NETWORK_TARGET=ucx ';export' 'CRAYPE_NETWORK_TARGET;LD_LIBRARY_PATH=/opt/cray/pe/ucx/1.14.0/ucx/lib:/opt/cray/libfabric/1.20.1/lib64' ';export' 'LD_LIBRARY_PATH;LOADEDMODULES=cce/18.0.0:craype/2.7.32:cray-dsmml/0.3.0:libfabric/1.20.1:cray-ucx/1.14.0:craype-network-ucx:cray-mpich/8.1.30:cray-libsci/24.07.0:PrgEnv-cray/8.5.0:cray-netcdf/4.9.0.13:cray-parallel-netcdf/1.12.3.13:craype-x86-rome' ';export' 'LOADEDMODULES;PATH=/opt/cray/pe/ucx/1.14.0/ucx/bin:/opt/cray/pe/parallel-netcdf/1.12.3.13/bin:/opt/cray/pe/netcdf/4.9.0.13/bin:/opt/cray/pe/mpich/8.1.30/ofi/cray/17.0/bin:/opt/cray/pe/mpich/8.1.30/bin:/opt/cray/libfabric/1.20.1/bin:/opt/cray/pe/craype/2.7.32/bin:/opt/cray/pe/cce/18.0.0/binutils/x86_64/x86_64-pc-linux-gnu/bin:/opt/cray/pe/cce/18.0.0/binutils/cross/x86_64-aarch64/aarch64-linux-gnu/../bin:/opt/cray/pe/cce/18.0.0/utils/x86_64/bin:/opt/cray/pe/cce/18.0.0/bin:/scratch/lus/dev/paraview/bin:/scratch/lus/dev/bin:/scratch/lus/dev/bin:/scratch/lus/arw/.local/bin:/scratch/lus/dev/bin:/scratch/lus/arw/model/bin:.:/opt/clmgr/sbin:/opt/clmgr/bin:/opt/sgi/sbin:/opt/sgi/bin:/scratch/lus/dev/paraview/bin:/scratch/lus/dev/bin:/scratch/lus/dev/bin:/scratch/lus/arw/.local/bin:/scratch/lus/dev/bin:/scratch/lus/arw/model/bin:.:/opt/clmgr/sbin:/opt/clmgr/bin:/opt/sgi/sbin:/opt/sgi/bin:/scratch/lus/dev/paraview/bin:/scratch/lus/dev/bin:/scratch/lus/dev/bin:/scratch/lus/arw/.local/bin:/scratch/lus/dev/bin:/scratch/lus/arw/model/bin:.:/opt/clmgr/sbin:/opt/clmgr/bin:/opt/sgi/sbin:/opt/sgi/bin:/usr/bin:/bin:/usr/X11R6/bin:/opt/c3/bin:/usr/lib/mit/bin:/sbin:/bin:/sbin:/usr/sbin:/usr/bin:/opt/opengrads:/scratch/lus/dev/opengrads:/scratch/lus/dev/bin:/scratch/lus/arw/model/src/iodaconv/bin:/scratch/lus/arw/model/src/ioda/bin:/scratch/lus/arw/model/src/jedi/bin:/scratch/lus/dev/ncl/bin:/scratch/lus/dev/bin:/scratch/lus/dev/sbin:/pe:/usr/lib/mit/bin:/sbin:/bin:/sbin:/usr/sbin:/usr/bin:/opt/opengrads:/scratch/lus/dev/opengrads:/scratch/lus/dev/bin:/scratch/lus/arw/model/src/iodaconv/bin:/scratch/lus/arw/model/src/ioda/bin:/scratch/lus/arw/model/src/jedi/bin:/scratch/lus/dev/ncl/bin:/scratch/lus/dev/bin:/scratch/lus/dev/sbin:/pe:/usr/lib/mit/bin:/sbin:/bin:/sbin:/usr/sbin:/usr/bin:/opt/opengrads:/scratch/lus/dev/opengrads:/scratch/lus/dev/bin:/scratch/lus/arw/model/src/iodaconv/bin:/scratch/lus/arw/model/src/ioda/bin:/scratch/lus/arw/model/src/jedi/bin:/scratch/lus/dev/ncl/bin:/scratch/lus/dev/bin:/scratch/lus/dev/sbin:/pe:/opt/cray/pe/bin' ';export' 'PATH;PKG_CONFIG_PATH=/opt/cray/pe/ucx/1.14.0/ucx/lib/pkgconfig:/opt/cray/libfabric/1.20.1/lib64/pkgconfig:/opt/cray/pe/craype/2.7.32/pkg-config:/opt/cray/pe/atp/3.15.4/lib/pkgconfig' ';export' 'PKG_CONFIG_PATH;_LMFILES_=/opt/cray/pe/modulefiles/cce/18.0.0:/opt/cray/pe/modulefiles/craype/2.7.32:/opt/cray/pe/modulefiles/cray-dsmml/0.3.0:/opt/cray/modulefiles/libfabric/1.20.1:/opt/cray/pe/modulefiles/cray-ucx/1.14.0:/opt/cray/pe/craype-targets/default/modulefiles/craype-network-ucx:/opt/cray/pe/modulefiles/cray-mpich/8.1.30:/opt/cray/pe/modulefiles/cray-libsci/24.07.0:/opt/cray/pe/modulefiles/PrgEnv-cray/8.5.0:/opt/cray/pe/modulefiles/cray-netcdf/4.9.0.13:/opt/cray/pe/modulefiles/cray-parallel-netcdf/1.12.3.13:/opt/cray/pe/craype-targets/default/modulefiles/craype-x86-rome' ';export' '_LMFILES_;'
++ CRAYPE_NETWORK_TARGET=ucx
++ export CRAYPE_NETWORK_TARGET
++ LD_LIBRARY_PATH=/opt/cray/pe/ucx/1.14.0/ucx/lib:/opt/cray/libfabric/1.20.1/lib64
++ export LD_LIBRARY_PATH
++ LOADEDMODULES=cce/18.0.0:craype/2.7.32:cray-dsmml/0.3.0:libfabric/1.20.1:cray-ucx/1.14.0:craype-network-ucx:cray-mpich/8.1.30:cray-libsci/24.07.0:PrgEnv-cray/8.5.0:cray-netcdf/4.9.0.13:cray-parallel-netcdf/1.12.3.13:craype-x86-rome
++ export LOADEDMODULES
++ PATH=/opt/cray/pe/ucx/1.14.0/ucx/bin:/opt/cray/pe/parallel-netcdf/1.12.3.13/bin:/opt/cray/pe/netcdf/4.9.0.13/bin:/opt/cray/pe/mpich/8.1.30/ofi/cray/17.0/bin:/opt/cray/pe/mpich/8.1.30/bin:/opt/cray/libfabric/1.20.1/bin:/opt/cray/pe/craype/2.7.32/bin:/opt/cray/pe/cce/18.0.0/binutils/x86_64/x86_64-pc-linux-gnu/bin:/opt/cray/pe/cce/18.0.0/binutils/cross/x86_64-aarch64/aarch64-linux-gnu/../bin:/opt/cray/pe/cce/18.0.0/utils/x86_64/bin:/opt/cray/pe/cce/18.0.0/bin:/scratch/lus/dev/paraview/bin:/scratch/lus/dev/bin:/scratch/lus/dev/bin:/scratch/lus/arw/.local/bin:/scratch/lus/dev/bin:/scratch/lus/arw/model/bin:.:/opt/clmgr/sbin:/opt/clmgr/bin:/opt/sgi/sbin:/opt/sgi/bin:/scratch/lus/dev/paraview/bin:/scratch/lus/dev/bin:/scratch/lus/dev/bin:/scratch/lus/arw/.local/bin:/scratch/lus/dev/bin:/scratch/lus/arw/model/bin:.:/opt/clmgr/sbin:/opt/clmgr/bin:/opt/sgi/sbin:/opt/sgi/bin:/scratch/lus/dev/paraview/bin:/scratch/lus/dev/bin:/scratch/lus/dev/bin:/scratch/lus/arw/.local/bin:/scratch/lus/dev/bin:/scratch/lus/arw/model/bin:.:/opt/clmgr/sbin:/opt/clmgr/bin:/opt/sgi/sbin:/opt/sgi/bin:/usr/bin:/bin:/usr/X11R6/bin:/opt/c3/bin:/usr/lib/mit/bin:/sbin:/bin:/sbin:/usr/sbin:/usr/bin:/opt/opengrads:/scratch/lus/dev/opengrads:/scratch/lus/dev/bin:/scratch/lus/arw/model/src/iodaconv/bin:/scratch/lus/arw/model/src/ioda/bin:/scratch/lus/arw/model/src/jedi/bin:/scratch/lus/dev/ncl/bin:/scratch/lus/dev/bin:/scratch/lus/dev/sbin:/pe:/usr/lib/mit/bin:/sbin:/bin:/sbin:/usr/sbin:/usr/bin:/opt/opengrads:/scratch/lus/dev/opengrads:/scratch/lus/dev/bin:/scratch/lus/arw/model/src/iodaconv/bin:/scratch/lus/arw/model/src/ioda/bin:/scratch/lus/arw/model/src/jedi/bin:/scratch/lus/dev/ncl/bin:/scratch/lus/dev/bin:/scratch/lus/dev/sbin:/pe:/usr/lib/mit/bin:/sbin:/bin:/sbin:/usr/sbin:/usr/bin:/opt/opengrads:/scratch/lus/dev/opengrads:/scratch/lus/dev/bin:/scratch/lus/arw/model/src/iodaconv/bin:/scratch/lus/arw/model/src/ioda/bin:/scratch/lus/arw/model/src/jedi/bin:/scratch/lus/dev/ncl/bin:/scratch/lus/dev/bin:/scratch/lus/dev/sbin:/pe:/opt/cray/pe/bin
++ export PATH
++ PKG_CONFIG_PATH=/opt/cray/pe/ucx/1.14.0/ucx/lib/pkgconfig:/opt/cray/libfabric/1.20.1/lib64/pkgconfig:/opt/cray/pe/craype/2.7.32/pkg-config:/opt/cray/pe/atp/3.15.4/lib/pkgconfig
++ export PKG_CONFIG_PATH
++ _LMFILES_=/opt/cray/pe/modulefiles/cce/18.0.0:/opt/cray/pe/modulefiles/craype/2.7.32:/opt/cray/pe/modulefiles/cray-dsmml/0.3.0:/opt/cray/modulefiles/libfabric/1.20.1:/opt/cray/pe/modulefiles/cray-ucx/1.14.0:/opt/cray/pe/craype-targets/default/modulefiles/craype-network-ucx:/opt/cray/pe/modulefiles/cray-mpich/8.1.30:/opt/cray/pe/modulefiles/cray-libsci/24.07.0:/opt/cray/pe/modulefiles/PrgEnv-cray/8.5.0:/opt/cray/pe/modulefiles/cray-netcdf/4.9.0.13:/opt/cray/pe/modulefiles/cray-parallel-netcdf/1.12.3.13:/opt/cray/pe/craype-targets/default/modulefiles/craype-x86-rome
++ export _LMFILES_
+ module swap cray-mpich cray-mpich-ucx
++ /opt/cray/pe/modules/3.2.11.7/bin/modulecmd bash swap cray-mpich cray-mpich-ucx
+ eval CRAY_LD_LIBRARY_PATH=/opt/cray/pe/parallel-netcdf/1.12.3.13/CRAYCLANG/18.0/lib:/opt/cray/pe/netcdf/4.9.0.13/CRAY/18.0/lib:/opt/cray/pe/netcdf/4.9.0.13/CRAYCLANG/18.0/lib:/opt/cray/pe/libsci/24.07.0/CRAY/17.0/x86_64/lib:/opt/cray/pe/mpich/8.1.30/ucx/cray/17.0/lib:/opt/cray/pe/mpich/8.1.30/gtl/lib:/opt/cray/pe/dsmml/0.3.0/dsmml/lib:/opt/cray/pe/cce/18.0.0/cce-clang/x86_64/lib:/opt/cray/pe/cce/18.0.0/cce/x86_64/lib ';export' 'CRAY_LD_LIBRARY_PATH;CRAY_MPICH_BASEDIR=/opt/cray/pe/mpich/8.1.30/ucx' ';export' 'CRAY_MPICH_BASEDIR;CRAY_MPICH_DIR=/opt/cray/pe/mpich/8.1.30/ucx/cray/17.0' ';export' 'CRAY_MPICH_DIR;CRAY_MPICH_PREFIX=/opt/cray/pe/mpich/8.1.30/ucx/cray/17.0' ';export' 'CRAY_MPICH_PREFIX;CRAY_MPICH_VER=8.1.30' ';export' 'CRAY_MPICH_VER;CRAY_MPICH_VERSION=8.1.30' ';export' 'CRAY_MPICH_VERSION;LD_LIBRARY_PATH=/opt/cray/pe/mpich/8.1.30/ucx/cray/17.0/lib:/opt/cray/pe/ucx/1.14.0/ucx/lib:/opt/cray/libfabric/1.20.1/lib64' ';export' 'LD_LIBRARY_PATH;LOADEDMODULES=cce/18.0.0:craype/2.7.32:cray-dsmml/0.3.0:libfabric/1.20.1:cray-ucx/1.14.0:craype-network-ucx:cray-mpich-ucx/8.1.30:cray-libsci/24.07.0:PrgEnv-cray/8.5.0:cray-netcdf/4.9.0.13:cray-parallel-netcdf/1.12.3.13:craype-x86-rome' ';export' 'LOADEDMODULES;MANPATH=/opt/cray/pe/parallel-netcdf/1.12.3.13/share/man:/opt/cray/pe/netcdf/4.9.0.13/share/man:/opt/cray/pe/libsci/24.07.0/share/man:/opt/cray/pe/mpich/8.1.30/ucx/man:/opt/cray/pe/mpich/8.1.30/man/mpich:/opt/cray/libfabric/1.20.1/share/man:/opt/cray/pe/dsmml/0.3.0/dsmml/man/:/opt/cray/pe/craype/2.7.32/man:/opt/cray/pe/cce/18.0.0/cce-clang/x86_64/share/man:/opt/cray/pe/cce/18.0.0/man:/opt/cray/pe/modules/3.2.11.7/share/man:/opt/cray/pe/modules/3.2.11.7/share/man:/opt/cray/pe/modules/3.2.11.7/share/man:/opt/cray/pe/modules/3.2.11.7/share/man:/opt/cray/pe/modules/3.2.11.7/share/man:/opt/cray/pe/modules/3.2.11.7/share/man:/opt/c3/man:/opt/clmgr/man:/opt/sgi/share/man:/opt/clmgr/share/man:/opt/clmgr/lib/cm-cli/man:/scratch/lus/dev/man:/opt/clmgr/man:/opt/sgi/share/man:/opt/clmgr/share/man:/opt/clmgr/lib/cm-cli/man:/scratch/lus/dev/man:/opt/clmgr/man:/opt/sgi/share/man:/opt/clmgr/share/man:/opt/clmgr/lib/cm-cli/man:/scratch/lus/dev/man:/opt/cray/pe/man' ';export' 'MANPATH;MPICH_DIR=/opt/cray/pe/mpich/8.1.30/ucx/cray/17.0' ';export' 'MPICH_DIR;PATH=/opt/cray/pe/ucx/1.14.0/ucx/bin:/opt/cray/pe/parallel-netcdf/1.12.3.13/bin:/opt/cray/pe/netcdf/4.9.0.13/bin:/opt/cray/pe/mpich/8.1.30/ucx/cray/17.0/bin:/opt/cray/pe/mpich/8.1.30/bin:/opt/cray/libfabric/1.20.1/bin:/opt/cray/pe/craype/2.7.32/bin:/opt/cray/pe/cce/18.0.0/binutils/x86_64/x86_64-pc-linux-gnu/bin:/opt/cray/pe/cce/18.0.0/binutils/cross/x86_64-aarch64/aarch64-linux-gnu/../bin:/opt/cray/pe/cce/18.0.0/utils/x86_64/bin:/opt/cray/pe/cce/18.0.0/bin:/scratch/lus/dev/paraview/bin:/scratch/lus/dev/bin:/scratch/lus/dev/bin:/scratch/lus/arw/.local/bin:/scratch/lus/dev/bin:/scratch/lus/arw/model/bin:.:/opt/clmgr/sbin:/opt/clmgr/bin:/opt/sgi/sbin:/opt/sgi/bin:/scratch/lus/dev/paraview/bin:/scratch/lus/dev/bin:/scratch/lus/dev/bin:/scratch/lus/arw/.local/bin:/scratch/lus/dev/bin:/scratch/lus/arw/model/bin:.:/opt/clmgr/sbin:/opt/clmgr/bin:/opt/sgi/sbin:/opt/sgi/bin:/scratch/lus/dev/paraview/bin:/scratch/lus/dev/bin:/scratch/lus/dev/bin:/scratch/lus/arw/.local/bin:/scratch/lus/dev/bin:/scratch/lus/arw/model/bin:.:/opt/clmgr/sbin:/opt/clmgr/bin:/opt/sgi/sbin:/opt/sgi/bin:/usr/bin:/bin:/usr/X11R6/bin:/opt/c3/bin:/usr/lib/mit/bin:/sbin:/bin:/sbin:/usr/sbin:/usr/bin:/opt/opengrads:/scratch/lus/dev/opengrads:/scratch/lus/dev/bin:/scratch/lus/arw/model/src/iodaconv/bin:/scratch/lus/arw/model/src/ioda/bin:/scratch/lus/arw/model/src/jedi/bin:/scratch/lus/dev/ncl/bin:/scratch/lus/dev/bin:/scratch/lus/dev/sbin:/pe:/usr/lib/mit/bin:/sbin:/bin:/sbin:/usr/sbin:/usr/bin:/opt/opengrads:/scratch/lus/dev/opengrads:/scratch/lus/dev/bin:/scratch/lus/arw/model/src/iodaconv/bin:/scratch/lus/arw/model/src/ioda/bin:/scratch/lus/arw/model/src/jedi/bin:/scratch/lus/dev/ncl/bin:/scratch/lus/dev/bin:/scratch/lus/dev/sbin:/pe:/usr/lib/mit/bin:/sbin:/bin:/sbin:/usr/sbin:/usr/bin:/opt/opengrads:/scratch/lus/dev/opengrads:/scratch/lus/dev/bin:/scratch/lus/arw/model/src/iodaconv/bin:/scratch/lus/arw/model/src/ioda/bin:/scratch/lus/arw/model/src/jedi/bin:/scratch/lus/dev/ncl/bin:/scratch/lus/dev/bin:/scratch/lus/dev/sbin:/pe:/opt/cray/pe/bin' ';export' 'PATH;PE_FORTRAN_PKGCONFIG_LIBS=netcdf-fortran:mpichf90' ';export' 'PE_FORTRAN_PKGCONFIG_LIBS;PE_INTEL_FIXED_PKGCONFIG_PATH=/opt/cray/pe/parallel-netcdf/1.12.3.13/INTEL/2023.2/lib/pkgconfig:/opt/cray/pe/netcdf/4.9.0.13/INTEL/2023.2/lib/pkgconfig:/opt/cray/pe/libsci/24.07.0/INTEL/2023.2/x86_64/lib/pkgconfig:/opt/cray/pe/mpich/8.1.30/ucx/intel/2022.1/lib/pkgconfig' ';export' 'PE_INTEL_FIXED_PKGCONFIG_PATH;PE_MPICH_FIXED_PRGENV=INTEL' ';export' 'PE_MPICH_FIXED_PRGENV;PE_MPICH_FORTRAN_PKGCONFIG_LIBS=mpichf90' ';export' 'PE_MPICH_FORTRAN_PKGCONFIG_LIBS;PE_MPICH_GENCOMPILERS_AMD=6.0' ';export' 'PE_MPICH_GENCOMPILERS_AMD;PE_MPICH_GENCOMPILERS_AOCC=4.1' ';export' 'PE_MPICH_GENCOMPILERS_AOCC;PE_MPICH_GENCOMPILERS_CRAY=17.0' ';export' 'PE_MPICH_GENCOMPILERS_CRAY;PE_MPICH_GENCOMPILERS_CRAYCLANG=17.0' ';export' 'PE_MPICH_GENCOMPILERS_CRAYCLANG;PE_MPICH_GENCOMPILERS_GNU=12.3' ';export' 'PE_MPICH_GENCOMPILERS_GNU;PE_MPICH_GENCOMPILERS_NVIDIA=23.3' ';export' 'PE_MPICH_GENCOMPILERS_NVIDIA;PE_MPICH_GTL_DIR_amd_gfx906=-L/opt/cray/pe/mpich/8.1.30/gtl/lib' ';export' 'PE_MPICH_GTL_DIR_amd_gfx906;PE_MPICH_GTL_DIR_amd_gfx908=-L/opt/cray/pe/mpich/8.1.30/gtl/lib' ';export' 'PE_MPICH_GTL_DIR_amd_gfx908;PE_MPICH_GTL_DIR_amd_gfx90a=-L/opt/cray/pe/mpich/8.1.30/gtl/lib' ';export' 'PE_MPICH_GTL_DIR_amd_gfx90a;PE_MPICH_GTL_DIR_amd_gfx940=-L/opt/cray/pe/mpich/8.1.30/gtl/lib' ';export' 'PE_MPICH_GTL_DIR_amd_gfx940;PE_MPICH_GTL_DIR_amd_gfx942=-L/opt/cray/pe/mpich/8.1.30/gtl/lib' ';export' 'PE_MPICH_GTL_DIR_amd_gfx942;PE_MPICH_GTL_DIR_nvidia70=-L/opt/cray/pe/mpich/8.1.30/gtl/lib' ';export' 'PE_MPICH_GTL_DIR_nvidia70;PE_MPICH_GTL_DIR_nvidia80=-L/opt/cray/pe/mpich/8.1.30/gtl/lib' ';export' 'PE_MPICH_GTL_DIR_nvidia80;PE_MPICH_GTL_DIR_nvidia90=-L/opt/cray/pe/mpich/8.1.30/gtl/lib' ';export' 'PE_MPICH_GTL_DIR_nvidia90;PE_MPICH_GTL_DIR_ponteVecchio=-L/opt/cray/pe/mpich/8.1.30/gtl/lib' ';export' 'PE_MPICH_GTL_DIR_ponteVecchio;PE_MPICH_GTL_LIBS_amd_gfx906=-lmpi_gtl_hsa' ';export' 'PE_MPICH_GTL_LIBS_amd_gfx906;PE_MPICH_GTL_LIBS_amd_gfx908=-lmpi_gtl_hsa' ';export' 'PE_MPICH_GTL_LIBS_amd_gfx908;PE_MPICH_GTL_LIBS_amd_gfx90a=-lmpi_gtl_hsa' ';export' 'PE_MPICH_GTL_LIBS_amd_gfx90a;PE_MPICH_GTL_LIBS_amd_gfx940=-lmpi_gtl_hsa' ';export' 'PE_MPICH_GTL_LIBS_amd_gfx940;PE_MPICH_GTL_LIBS_amd_gfx942=-lmpi_gtl_hsa' ';export' 'PE_MPICH_GTL_LIBS_amd_gfx942;PE_MPICH_GTL_LIBS_nvidia70=-lmpi_gtl_cuda' ';export' 'PE_MPICH_GTL_LIBS_nvidia70;PE_MPICH_GTL_LIBS_nvidia80=-lmpi_gtl_cuda' ';export' 'PE_MPICH_GTL_LIBS_nvidia80;PE_MPICH_GTL_LIBS_nvidia90=-lmpi_gtl_cuda' ';export' 'PE_MPICH_GTL_LIBS_nvidia90;PE_MPICH_GTL_LIBS_ponteVecchio=-lmpi_gtl_ze' ';export' 'PE_MPICH_GTL_LIBS_ponteVecchio;PE_MPICH_MODULE_NAME=cray-mpich' ';export' 'PE_MPICH_MODULE_NAME;PE_MPICH_PKGCONFIG_LIBS=mpich' ';export' 'PE_MPICH_PKGCONFIG_LIBS;PE_MPICH_PKGCONFIG_VARIABLES=PE_MPICH_GTL_DIR_@accelerator@:PE_MPICH_GTL_LIBS_@accelerator@' ';export' 'PE_MPICH_PKGCONFIG_VARIABLES;PE_MPICH_VOLATILE_PKGCONFIG_PATH=/opt/cray/pe/mpich/8.1.30/ucx/@PRGENV@/@PE_MPICH_GENCOMPS@/lib/pkgconfig:/opt/cray/pe/mpich/8.1.30/gtl/lib/pkgconfig' ';export' 'PE_MPICH_VOLATILE_PKGCONFIG_PATH;PE_MPICH_VOLATILE_PRGENV=AMD\' 'AOCC\' 'CRAY\' 'CRAYCLANG\' 'GNU\' NVIDIA ';export' 'PE_MPICH_VOLATILE_PRGENV;PE_PERFTOOLS_MPICH_LIBDIR=/opt/cray/pe/mpich/8.1.30/ucx/cray/17.0/lib' ';export' 'PE_PERFTOOLS_MPICH_LIBDIR;PE_PKGCONFIG_LIBS=pnetcdf:netcdf:libsci_mpi:libsci:mpich:dsmml' ';export' 'PE_PKGCONFIG_LIBS;PE_PKGCONFIG_PRODUCTS=PE_PARALLEL_NETCDF:PE_NETCDF:PE_LIBSCI:PE_MPICH:PE_DSMML:PE_ATP' ';export' 'PE_PKGCONFIG_PRODUCTS;UCX_LOG_LEVEL=error' ';export' 'UCX_LOG_LEVEL;_LMFILES_=/opt/cray/pe/modulefiles/cce/18.0.0:/opt/cray/pe/modulefiles/craype/2.7.32:/opt/cray/pe/modulefiles/cray-dsmml/0.3.0:/opt/cray/modulefiles/libfabric/1.20.1:/opt/cray/pe/modulefiles/cray-ucx/1.14.0:/opt/cray/pe/craype-targets/default/modulefiles/craype-network-ucx:/opt/cray/pe/modulefiles/cray-mpich-ucx/8.1.30:/opt/cray/pe/modulefiles/cray-libsci/24.07.0:/opt/cray/pe/modulefiles/PrgEnv-cray/8.5.0:/opt/cray/pe/modulefiles/cray-netcdf/4.9.0.13:/opt/cray/pe/modulefiles/cray-parallel-netcdf/1.12.3.13:/opt/cray/pe/craype-targets/default/modulefiles/craype-x86-rome' ';export' '_LMFILES_;'
++ CRAY_LD_LIBRARY_PATH=/opt/cray/pe/parallel-netcdf/1.12.3.13/CRAYCLANG/18.0/lib:/opt/cray/pe/netcdf/4.9.0.13/CRAY/18.0/lib:/opt/cray/pe/netcdf/4.9.0.13/CRAYCLANG/18.0/lib:/opt/cray/pe/libsci/24.07.0/CRAY/17.0/x86_64/lib:/opt/cray/pe/mpich/8.1.30/ucx/cray/17.0/lib:/opt/cray/pe/mpich/8.1.30/gtl/lib:/opt/cray/pe/dsmml/0.3.0/dsmml/lib:/opt/cray/pe/cce/18.0.0/cce-clang/x86_64/lib:/opt/cray/pe/cce/18.0.0/cce/x86_64/lib
++ export CRAY_LD_LIBRARY_PATH
++ CRAY_MPICH_BASEDIR=/opt/cray/pe/mpich/8.1.30/ucx
++ export CRAY_MPICH_BASEDIR
++ CRAY_MPICH_DIR=/opt/cray/pe/mpich/8.1.30/ucx/cray/17.0
++ export CRAY_MPICH_DIR
++ CRAY_MPICH_PREFIX=/opt/cray/pe/mpich/8.1.30/ucx/cray/17.0
++ export CRAY_MPICH_PREFIX
++ CRAY_MPICH_VER=8.1.30
++ export CRAY_MPICH_VER
++ CRAY_MPICH_VERSION=8.1.30
++ export CRAY_MPICH_VERSION
++ LD_LIBRARY_PATH=/opt/cray/pe/mpich/8.1.30/ucx/cray/17.0/lib:/opt/cray/pe/ucx/1.14.0/ucx/lib:/opt/cray/libfabric/1.20.1/lib64
++ export LD_LIBRARY_PATH
++ LOADEDMODULES=cce/18.0.0:craype/2.7.32:cray-dsmml/0.3.0:libfabric/1.20.1:cray-ucx/1.14.0:craype-network-ucx:cray-mpich-ucx/8.1.30:cray-libsci/24.07.0:PrgEnv-cray/8.5.0:cray-netcdf/4.9.0.13:cray-parallel-netcdf/1.12.3.13:craype-x86-rome
++ export LOADEDMODULES
++ MANPATH=/opt/cray/pe/parallel-netcdf/1.12.3.13/share/man:/opt/cray/pe/netcdf/4.9.0.13/share/man:/opt/cray/pe/libsci/24.07.0/share/man:/opt/cray/pe/mpich/8.1.30/ucx/man:/opt/cray/pe/mpich/8.1.30/man/mpich:/opt/cray/libfabric/1.20.1/share/man:/opt/cray/pe/dsmml/0.3.0/dsmml/man/:/opt/cray/pe/craype/2.7.32/man:/opt/cray/pe/cce/18.0.0/cce-clang/x86_64/share/man:/opt/cray/pe/cce/18.0.0/man:/opt/cray/pe/modules/3.2.11.7/share/man:/opt/cray/pe/modules/3.2.11.7/share/man:/opt/cray/pe/modules/3.2.11.7/share/man:/opt/cray/pe/modules/3.2.11.7/share/man:/opt/cray/pe/modules/3.2.11.7/share/man:/opt/cray/pe/modules/3.2.11.7/share/man:/opt/c3/man:/opt/clmgr/man:/opt/sgi/share/man:/opt/clmgr/share/man:/opt/clmgr/lib/cm-cli/man:/scratch/lus/dev/man:/opt/clmgr/man:/opt/sgi/share/man:/opt/clmgr/share/man:/opt/clmgr/lib/cm-cli/man:/scratch/lus/dev/man:/opt/clmgr/man:/opt/sgi/share/man:/opt/clmgr/share/man:/opt/clmgr/lib/cm-cli/man:/scratch/lus/dev/man:/opt/cray/pe/man
++ export MANPATH
++ MPICH_DIR=/opt/cray/pe/mpich/8.1.30/ucx/cray/17.0
++ export MPICH_DIR
++ PATH=/opt/cray/pe/ucx/1.14.0/ucx/bin:/opt/cray/pe/parallel-netcdf/1.12.3.13/bin:/opt/cray/pe/netcdf/4.9.0.13/bin:/opt/cray/pe/mpich/8.1.30/ucx/cray/17.0/bin:/opt/cray/pe/mpich/8.1.30/bin:/opt/cray/libfabric/1.20.1/bin:/opt/cray/pe/craype/2.7.32/bin:/opt/cray/pe/cce/18.0.0/binutils/x86_64/x86_64-pc-linux-gnu/bin:/opt/cray/pe/cce/18.0.0/binutils/cross/x86_64-aarch64/aarch64-linux-gnu/../bin:/opt/cray/pe/cce/18.0.0/utils/x86_64/bin:/opt/cray/pe/cce/18.0.0/bin:/scratch/lus/dev/paraview/bin:/scratch/lus/dev/bin:/scratch/lus/dev/bin:/scratch/lus/arw/.local/bin:/scratch/lus/dev/bin:/scratch/lus/arw/model/bin:.:/opt/clmgr/sbin:/opt/clmgr/bin:/opt/sgi/sbin:/opt/sgi/bin:/scratch/lus/dev/paraview/bin:/scratch/lus/dev/bin:/scratch/lus/dev/bin:/scratch/lus/arw/.local/bin:/scratch/lus/dev/bin:/scratch/lus/arw/model/bin:.:/opt/clmgr/sbin:/opt/clmgr/bin:/opt/sgi/sbin:/opt/sgi/bin:/scratch/lus/dev/paraview/bin:/scratch/lus/dev/bin:/scratch/lus/dev/bin:/scratch/lus/arw/.local/bin:/scratch/lus/dev/bin:/scratch/lus/arw/model/bin:.:/opt/clmgr/sbin:/opt/clmgr/bin:/opt/sgi/sbin:/opt/sgi/bin:/usr/bin:/bin:/usr/X11R6/bin:/opt/c3/bin:/usr/lib/mit/bin:/sbin:/bin:/sbin:/usr/sbin:/usr/bin:/opt/opengrads:/scratch/lus/dev/opengrads:/scratch/lus/dev/bin:/scratch/lus/arw/model/src/iodaconv/bin:/scratch/lus/arw/model/src/ioda/bin:/scratch/lus/arw/model/src/jedi/bin:/scratch/lus/dev/ncl/bin:/scratch/lus/dev/bin:/scratch/lus/dev/sbin:/pe:/usr/lib/mit/bin:/sbin:/bin:/sbin:/usr/sbin:/usr/bin:/opt/opengrads:/scratch/lus/dev/opengrads:/scratch/lus/dev/bin:/scratch/lus/arw/model/src/iodaconv/bin:/scratch/lus/arw/model/src/ioda/bin:/scratch/lus/arw/model/src/jedi/bin:/scratch/lus/dev/ncl/bin:/scratch/lus/dev/bin:/scratch/lus/dev/sbin:/pe:/usr/lib/mit/bin:/sbin:/bin:/sbin:/usr/sbin:/usr/bin:/opt/opengrads:/scratch/lus/dev/opengrads:/scratch/lus/dev/bin:/scratch/lus/arw/model/src/iodaconv/bin:/scratch/lus/arw/model/src/ioda/bin:/scratch/lus/arw/model/src/jedi/bin:/scratch/lus/dev/ncl/bin:/scratch/lus/dev/bin:/scratch/lus/dev/sbin:/pe:/opt/cray/pe/bin
++ export PATH
++ PE_FORTRAN_PKGCONFIG_LIBS=netcdf-fortran:mpichf90
++ export PE_FORTRAN_PKGCONFIG_LIBS
++ PE_INTEL_FIXED_PKGCONFIG_PATH=/opt/cray/pe/parallel-netcdf/1.12.3.13/INTEL/2023.2/lib/pkgconfig:/opt/cray/pe/netcdf/4.9.0.13/INTEL/2023.2/lib/pkgconfig:/opt/cray/pe/libsci/24.07.0/INTEL/2023.2/x86_64/lib/pkgconfig:/opt/cray/pe/mpich/8.1.30/ucx/intel/2022.1/lib/pkgconfig
++ export PE_INTEL_FIXED_PKGCONFIG_PATH
++ PE_MPICH_FIXED_PRGENV=INTEL
++ export PE_MPICH_FIXED_PRGENV
++ PE_MPICH_FORTRAN_PKGCONFIG_LIBS=mpichf90
++ export PE_MPICH_FORTRAN_PKGCONFIG_LIBS
++ PE_MPICH_GENCOMPILERS_AMD=6.0
++ export PE_MPICH_GENCOMPILERS_AMD
++ PE_MPICH_GENCOMPILERS_AOCC=4.1
++ export PE_MPICH_GENCOMPILERS_AOCC
++ PE_MPICH_GENCOMPILERS_CRAY=17.0
++ export PE_MPICH_GENCOMPILERS_CRAY
++ PE_MPICH_GENCOMPILERS_CRAYCLANG=17.0
++ export PE_MPICH_GENCOMPILERS_CRAYCLANG
++ PE_MPICH_GENCOMPILERS_GNU=12.3
++ export PE_MPICH_GENCOMPILERS_GNU
++ PE_MPICH_GENCOMPILERS_NVIDIA=23.3
++ export PE_MPICH_GENCOMPILERS_NVIDIA
++ PE_MPICH_GTL_DIR_amd_gfx906=-L/opt/cray/pe/mpich/8.1.30/gtl/lib
++ export PE_MPICH_GTL_DIR_amd_gfx906
++ PE_MPICH_GTL_DIR_amd_gfx908=-L/opt/cray/pe/mpich/8.1.30/gtl/lib
++ export PE_MPICH_GTL_DIR_amd_gfx908
++ PE_MPICH_GTL_DIR_amd_gfx90a=-L/opt/cray/pe/mpich/8.1.30/gtl/lib
++ export PE_MPICH_GTL_DIR_amd_gfx90a
++ PE_MPICH_GTL_DIR_amd_gfx940=-L/opt/cray/pe/mpich/8.1.30/gtl/lib
++ export PE_MPICH_GTL_DIR_amd_gfx940
++ PE_MPICH_GTL_DIR_amd_gfx942=-L/opt/cray/pe/mpich/8.1.30/gtl/lib
++ export PE_MPICH_GTL_DIR_amd_gfx942
++ PE_MPICH_GTL_DIR_nvidia70=-L/opt/cray/pe/mpich/8.1.30/gtl/lib
++ export PE_MPICH_GTL_DIR_nvidia70
++ PE_MPICH_GTL_DIR_nvidia80=-L/opt/cray/pe/mpich/8.1.30/gtl/lib
++ export PE_MPICH_GTL_DIR_nvidia80
++ PE_MPICH_GTL_DIR_nvidia90=-L/opt/cray/pe/mpich/8.1.30/gtl/lib
++ export PE_MPICH_GTL_DIR_nvidia90
++ PE_MPICH_GTL_DIR_ponteVecchio=-L/opt/cray/pe/mpich/8.1.30/gtl/lib
++ export PE_MPICH_GTL_DIR_ponteVecchio
++ PE_MPICH_GTL_LIBS_amd_gfx906=-lmpi_gtl_hsa
++ export PE_MPICH_GTL_LIBS_amd_gfx906
++ PE_MPICH_GTL_LIBS_amd_gfx908=-lmpi_gtl_hsa
++ export PE_MPICH_GTL_LIBS_amd_gfx908
++ PE_MPICH_GTL_LIBS_amd_gfx90a=-lmpi_gtl_hsa
++ export PE_MPICH_GTL_LIBS_amd_gfx90a
++ PE_MPICH_GTL_LIBS_amd_gfx940=-lmpi_gtl_hsa
++ export PE_MPICH_GTL_LIBS_amd_gfx940
++ PE_MPICH_GTL_LIBS_amd_gfx942=-lmpi_gtl_hsa
++ export PE_MPICH_GTL_LIBS_amd_gfx942
++ PE_MPICH_GTL_LIBS_nvidia70=-lmpi_gtl_cuda
++ export PE_MPICH_GTL_LIBS_nvidia70
++ PE_MPICH_GTL_LIBS_nvidia80=-lmpi_gtl_cuda
++ export PE_MPICH_GTL_LIBS_nvidia80
++ PE_MPICH_GTL_LIBS_nvidia90=-lmpi_gtl_cuda
++ export PE_MPICH_GTL_LIBS_nvidia90
++ PE_MPICH_GTL_LIBS_ponteVecchio=-lmpi_gtl_ze
++ export PE_MPICH_GTL_LIBS_ponteVecchio
++ PE_MPICH_MODULE_NAME=cray-mpich
++ export PE_MPICH_MODULE_NAME
++ PE_MPICH_PKGCONFIG_LIBS=mpich
++ export PE_MPICH_PKGCONFIG_LIBS
++ PE_MPICH_PKGCONFIG_VARIABLES=PE_MPICH_GTL_DIR_@accelerator@:PE_MPICH_GTL_LIBS_@accelerator@
++ export PE_MPICH_PKGCONFIG_VARIABLES
++ PE_MPICH_VOLATILE_PKGCONFIG_PATH=/opt/cray/pe/mpich/8.1.30/ucx/@PRGENV@/@PE_MPICH_GENCOMPS@/lib/pkgconfig:/opt/cray/pe/mpich/8.1.30/gtl/lib/pkgconfig
++ export PE_MPICH_VOLATILE_PKGCONFIG_PATH
++ PE_MPICH_VOLATILE_PRGENV='AMD AOCC CRAY CRAYCLANG GNU NVIDIA'
++ export PE_MPICH_VOLATILE_PRGENV
++ PE_PERFTOOLS_MPICH_LIBDIR=/opt/cray/pe/mpich/8.1.30/ucx/cray/17.0/lib
++ export PE_PERFTOOLS_MPICH_LIBDIR
++ PE_PKGCONFIG_LIBS=pnetcdf:netcdf:libsci_mpi:libsci:mpich:dsmml
++ export PE_PKGCONFIG_LIBS
++ PE_PKGCONFIG_PRODUCTS=PE_PARALLEL_NETCDF:PE_NETCDF:PE_LIBSCI:PE_MPICH:PE_DSMML:PE_ATP
++ export PE_PKGCONFIG_PRODUCTS
++ UCX_LOG_LEVEL=error
++ export UCX_LOG_LEVEL
++ _LMFILES_=/opt/cray/pe/modulefiles/cce/18.0.0:/opt/cray/pe/modulefiles/craype/2.7.32:/opt/cray/pe/modulefiles/cray-dsmml/0.3.0:/opt/cray/modulefiles/libfabric/1.20.1:/opt/cray/pe/modulefiles/cray-ucx/1.14.0:/opt/cray/pe/craype-targets/default/modulefiles/craype-network-ucx:/opt/cray/pe/modulefiles/cray-mpich-ucx/8.1.30:/opt/cray/pe/modulefiles/cray-libsci/24.07.0:/opt/cray/pe/modulefiles/PrgEnv-cray/8.5.0:/opt/cray/pe/modulefiles/cray-netcdf/4.9.0.13:/opt/cray/pe/modulefiles/cray-parallel-netcdf/1.12.3.13:/opt/cray/pe/craype-targets/default/modulefiles/craype-x86-rome
++ export _LMFILES_
+ module list
++ /opt/cray/pe/modules/3.2.11.7/bin/modulecmd bash list
Currently Loaded Modulefiles:
  1) cce/18.0.0                       7) cray-mpich-ucx/8.1.30
  2) craype/2.7.32                    8) cray-libsci/24.07.0
  3) cray-dsmml/0.3.0                 9) PrgEnv-cray/8.5.0
  4) libfabric/1.20.1                10) cray-netcdf/4.9.0.13
  5) cray-ucx/1.14.0                 11) cray-parallel-netcdf/1.12.3.13
  6) craype-network-ucx              12) craype-x86-rome
+ eval
+ ulimit -s unlimited
+ ulimit -a
core file size          (blocks, -c) 0
data seg size           (kbytes, -d) unlimited
scheduling priority             (-e) 0
file size               (blocks, -f) unlimited
pending signals                 (-i) 1026535
max locked memory       (kbytes, -l) unlimited
max memory size         (kbytes, -m) 214843392
open files                      (-n) 131072
pipe size            (512 bytes, -p) 8
POSIX message queues     (bytes, -q) 819200
real-time priority              (-r) 0
stack size              (kbytes, -s) unlimited
cpu time               (seconds, -t) unlimited
max user processes              (-u) 1026535
virtual memory          (kbytes, -v) unlimited
file locks                      (-x) unlimited
+ ulimit -c 0
+ export KMP_AFFINITY=compact,verbose
+ KMP_AFFINITY=compact,verbose
+ export KMP_STACKSIZE=4G
+ KMP_STACKSIZE=4G
+ cd /scratch/lus/tmp/slurm.7593788
++ expr 2026081812
++ cut -c9-10
+ export CYCLE_RUN=12
+ CYCLE_RUN=12
++ /scratch/lus/dev/bin/smsdate -12 2026081812
+ export START_DATE=2026081800
+ START_DATE=2026081800
++ expr 2026081800
++ cut -c1-4
+ export START_YEAR=2026
+ START_YEAR=2026
++ expr 2026081800
++ cut -c5-6
+ export START_MONTH=08
+ START_MONTH=08
++ expr 2026081800
++ cut -c7-8
+ export START_DAY=18
+ START_DAY=18
++ expr 2026081800
++ cut -c9-10
+ export START_HOUR=00
+ START_HOUR=00
++ expr 2026081800
++ cut -c9-10
+ export CYCLE=00
+ CYCLE=00
+ export DO_RESTART=false
+ DO_RESTART=false
+ export JEDI_RESTART_INTERVAL=09:00:00
+ JEDI_RESTART_INTERVAL=09:00:00
+ '[' -f /scratch/lus/tmp/arw/day//r12/OK.MPAS.2026081800 ']'
++ find /scratch/lus/tmp/arw/day//r12 -maxdepth 1 -type f -name 'MPAS*.nc'
++ wc -l
+ '[' 228 -eq 241 ']'
+ '[' -f /scratch/lus/tmp/arw/day//r12/INIT.2026-08-18_00.nc ']'
++ wc -l
++ ls -l /scratch/lus/tmp/arw/day/r12/RSTR.2026-08-18_03.nc /scratch/lus/tmp/arw/day/r12/RSTR.2026-08-18_06.nc /scratch/lus/tmp/arw/day/r12/RSTR.2026-08-18_09.nc /scratch/lus/tmp/arw/day/r12/RSTR.2026-08-18_12.nc /scratch/lus/tmp/arw/day/r12/RSTR.2026-08-18_15.nc /scratch/lus/tmp/arw/day/r12/RSTR.2026-08-18_18.nc /scratch/lus/tmp/arw/day/r12/RSTR.2026-08-18_21.nc /scratch/lus/tmp/arw/day/r12/RSTR.2026-08-19_00.nc /scratch/lus/tmp/arw/day/r12/RSTR.2026-08-19_03.nc /scratch/lus/tmp/arw/day/r12/RSTR.2026-08-19_06.nc /scratch/lus/tmp/arw/day/r12/RSTR.2026-08-19_09.nc /scratch/lus/tmp/arw/day/r12/RSTR.2026-08-19_12.nc /scratch/lus/tmp/arw/day/r12/RSTR.2026-08-19_15.nc /scratch/lus/tmp/arw/day/r12/RSTR.2026-08-19_18.nc /scratch/lus/tmp/arw/day/r12/RSTR.2026-08-19_21.nc /scratch/lus/tmp/arw/day/r12/RSTR.2026-08-20_00.nc /scratch/lus/tmp/arw/day/r12/RSTR.2026-08-20_03.nc /scratch/lus/tmp/arw/day/r12/RSTR.2026-08-20_06.nc /scratch/lus/tmp/arw/day/r12/RSTR.2026-08-20_09.nc /scratch/lus/tmp/arw/day/r12/RSTR.2026-08-20_12.nc /scratch/lus/tmp/arw/day/r12/RSTR.2026-08-20_15.nc /scratch/lus/tmp/arw/day/r12/RSTR.2026-08-20_18.nc /scratch/lus/tmp/arw/day/r12/RSTR.2026-08-20_21.nc /scratch/lus/tmp/arw/day/r12/RSTR.2026-08-21_00.nc /scratch/lus/tmp/arw/day/r12/RSTR.2026-08-21_03.nc /scratch/lus/tmp/arw/day/r12/RSTR.2026-08-21_06.nc /scratch/lus/tmp/arw/day/r12/RSTR.2026-08-21_09.nc /scratch/lus/tmp/arw/day/r12/RSTR.2026-08-21_12.nc /scratch/lus/tmp/arw/day/r12/RSTR.2026-08-21_15.nc /scratch/lus/tmp/arw/day/r12/RSTR.2026-08-21_18.nc /scratch/lus/tmp/arw/day/r12/RSTR.2026-08-21_21.nc /scratch/lus/tmp/arw/day/r12/RSTR.2026-08-22_00.nc /scratch/lus/tmp/arw/day/r12/RSTR.2026-08-22_03.nc /scratch/lus/tmp/arw/day/r12/RSTR.2026-08-22_06.nc /scratch/lus/tmp/arw/day/r12/RSTR.2026-08-22_09.nc /scratch/lus/tmp/arw/day/r12/RSTR.2026-08-22_12.nc /scratch/lus/tmp/arw/day/r12/RSTR.2026-08-22_15.nc /scratch/lus/tmp/arw/day/r12/RSTR.2026-08-22_18.nc /scratch/lus/tmp/arw/day/r12/RSTR.2026-08-22_21.nc /scratch/lus/tmp/arw/day/r12/RSTR.2026-08-23_00.nc /scratch/lus/tmp/arw/day/r12/RSTR.2026-08-23_03.nc /scratch/lus/tmp/arw/day/r12/RSTR.2026-08-23_06.nc /scratch/lus/tmp/arw/day/r12/RSTR.2026-08-23_09.nc /scratch/lus/tmp/arw/day/r12/RSTR.2026-08-23_12.nc /scratch/lus/tmp/arw/day/r12/RSTR.2026-08-23_15.nc /scratch/lus/tmp/arw/day/r12/RSTR.2026-08-23_18.nc /scratch/lus/tmp/arw/day/r12/RSTR.2026-08-23_21.nc /scratch/lus/tmp/arw/day/r12/RSTR.2026-08-24_00.nc /scratch/lus/tmp/arw/day/r12/RSTR.2026-08-24_03.nc /scratch/lus/tmp/arw/day/r12/RSTR.2026-08-24_06.nc /scratch/lus/tmp/arw/day/r12/RSTR.2026-08-24_09.nc /scratch/lus/tmp/arw/day/r12/RSTR.2026-08-24_12.nc /scratch/lus/tmp/arw/day/r12/RSTR.2026-08-24_15.nc /scratch/lus/tmp/arw/day/r12/RSTR.2026-08-24_18.nc /scratch/lus/tmp/arw/day/r12/RSTR.2026-08-24_21.nc /scratch/lus/tmp/arw/day/r12/RSTR.2026-08-25_00.nc /scratch/lus/tmp/arw/day/r12/RSTR.2026-08-25_03.nc /scratch/lus/tmp/arw/day/r12/RSTR.2026-08-25_06.nc /scratch/lus/tmp/arw/day/r12/RSTR.2026-08-25_09.nc /scratch/lus/tmp/arw/day/r12/RSTR.2026-08-25_12.nc /scratch/lus/tmp/arw/day/r12/RSTR.2026-08-25_15.nc /scratch/lus/tmp/arw/day/r12/RSTR.2026-08-25_18.nc /scratch/lus/tmp/arw/day/r12/RSTR.2026-08-25_21.nc /scratch/lus/tmp/arw/day/r12/RSTR.2026-08-26_00.nc /scratch/lus/tmp/arw/day/r12/RSTR.2026-08-26_03.nc /scratch/lus/tmp/arw/day/r12/RSTR.2026-08-26_06.nc /scratch/lus/tmp/arw/day/r12/RSTR.2026-08-26_09.nc /scratch/lus/tmp/arw/day/r12/RSTR.2026-08-26_12.nc /scratch/lus/tmp/arw/day/r12/RSTR.2026-08-26_15.nc /scratch/lus/tmp/arw/day/r12/RSTR.2026-08-26_18.nc /scratch/lus/tmp/arw/day/r12/RSTR.2026-08-26_21.nc /scratch/lus/tmp/arw/day/r12/RSTR.2026-08-27_00.nc /scratch/lus/tmp/arw/day/r12/RSTR.2026-08-27_03.nc /scratch/lus/tmp/arw/day/r12/RSTR.2026-08-27_06.nc /scratch/lus/tmp/arw/day/r12/RSTR.2026-08-27_09.nc
+ '[' 75 -gt 1 ']'
+++ tail -1
+++ ls -rt1 /scratch/lus/tmp/arw/day/r12/RSTR.2026-08-18_03.nc /scratch/lus/tmp/arw/day/r12/RSTR.2026-08-18_06.nc /scratch/lus/tmp/arw/day/r12/RSTR.2026-08-18_09.nc /scratch/lus/tmp/arw/day/r12/RSTR.2026-08-18_12.nc /scratch/lus/tmp/arw/day/r12/RSTR.2026-08-18_15.nc /scratch/lus/tmp/arw/day/r12/RSTR.2026-08-18_18.nc /scratch/lus/tmp/arw/day/r12/RSTR.2026-08-18_21.nc /scratch/lus/tmp/arw/day/r12/RSTR.2026-08-19_00.nc /scratch/lus/tmp/arw/day/r12/RSTR.2026-08-19_03.nc /scratch/lus/tmp/arw/day/r12/RSTR.2026-08-19_06.nc /scratch/lus/tmp/arw/day/r12/RSTR.2026-08-19_09.nc /scratch/lus/tmp/arw/day/r12/RSTR.2026-08-19_12.nc /scratch/lus/tmp/arw/day/r12/RSTR.2026-08-19_15.nc /scratch/lus/tmp/arw/day/r12/RSTR.2026-08-19_18.nc /scratch/lus/tmp/arw/day/r12/RSTR.2026-08-19_21.nc /scratch/lus/tmp/arw/day/r12/RSTR.2026-08-20_00.nc /scratch/lus/tmp/arw/day/r12/RSTR.2026-08-20_03.nc /scratch/lus/tmp/arw/day/r12/RSTR.2026-08-20_06.nc /scratch/lus/tmp/arw/day/r12/RSTR.2026-08-20_09.nc /scratch/lus/tmp/arw/day/r12/RSTR.2026-08-20_12.nc /scratch/lus/tmp/arw/day/r12/RSTR.2026-08-20_15.nc /scratch/lus/tmp/arw/day/r12/RSTR.2026-08-20_18.nc /scratch/lus/tmp/arw/day/r12/RSTR.2026-08-20_21.nc /scratch/lus/tmp/arw/day/r12/RSTR.2026-08-21_00.nc /scratch/lus/tmp/arw/day/r12/RSTR.2026-08-21_03.nc /scratch/lus/tmp/arw/day/r12/RSTR.2026-08-21_06.nc /scratch/lus/tmp/arw/day/r12/RSTR.2026-08-21_09.nc /scratch/lus/tmp/arw/day/r12/RSTR.2026-08-21_12.nc /scratch/lus/tmp/arw/day/r12/RSTR.2026-08-21_15.nc /scratch/lus/tmp/arw/day/r12/RSTR.2026-08-21_18.nc /scratch/lus/tmp/arw/day/r12/RSTR.2026-08-21_21.nc /scratch/lus/tmp/arw/day/r12/RSTR.2026-08-22_00.nc /scratch/lus/tmp/arw/day/r12/RSTR.2026-08-22_03.nc /scratch/lus/tmp/arw/day/r12/RSTR.2026-08-22_06.nc /scratch/lus/tmp/arw/day/r12/RSTR.2026-08-22_09.nc /scratch/lus/tmp/arw/day/r12/RSTR.2026-08-22_12.nc /scratch/lus/tmp/arw/day/r12/RSTR.2026-08-22_15.nc /scratch/lus/tmp/arw/day/r12/RSTR.2026-08-22_18.nc /scratch/lus/tmp/arw/day/r12/RSTR.2026-08-22_21.nc /scratch/lus/tmp/arw/day/r12/RSTR.2026-08-23_00.nc /scratch/lus/tmp/arw/day/r12/RSTR.2026-08-23_03.nc /scratch/lus/tmp/arw/day/r12/RSTR.2026-08-23_06.nc /scratch/lus/tmp/arw/day/r12/RSTR.2026-08-23_09.nc /scratch/lus/tmp/arw/day/r12/RSTR.2026-08-23_12.nc /scratch/lus/tmp/arw/day/r12/RSTR.2026-08-23_15.nc /scratch/lus/tmp/arw/day/r12/RSTR.2026-08-23_18.nc /scratch/lus/tmp/arw/day/r12/RSTR.2026-08-23_21.nc /scratch/lus/tmp/arw/day/r12/RSTR.2026-08-24_00.nc /scratch/lus/tmp/arw/day/r12/RSTR.2026-08-24_03.nc /scratch/lus/tmp/arw/day/r12/RSTR.2026-08-24_06.nc /scratch/lus/tmp/arw/day/r12/RSTR.2026-08-24_09.nc /scratch/lus/tmp/arw/day/r12/RSTR.2026-08-24_12.nc /scratch/lus/tmp/arw/day/r12/RSTR.2026-08-24_15.nc /scratch/lus/tmp/arw/day/r12/RSTR.2026-08-24_18.nc /scratch/lus/tmp/arw/day/r12/RSTR.2026-08-24_21.nc /scratch/lus/tmp/arw/day/r12/RSTR.2026-08-25_00.nc /scratch/lus/tmp/arw/day/r12/RSTR.2026-08-25_03.nc /scratch/lus/tmp/arw/day/r12/RSTR.2026-08-25_06.nc /scratch/lus/tmp/arw/day/r12/RSTR.2026-08-25_09.nc /scratch/lus/tmp/arw/day/r12/RSTR.2026-08-25_12.nc /scratch/lus/tmp/arw/day/r12/RSTR.2026-08-25_15.nc /scratch/lus/tmp/arw/day/r12/RSTR.2026-08-25_18.nc /scratch/lus/tmp/arw/day/r12/RSTR.2026-08-25_21.nc /scratch/lus/tmp/arw/day/r12/RSTR.2026-08-26_00.nc /scratch/lus/tmp/arw/day/r12/RSTR.2026-08-26_03.nc /scratch/lus/tmp/arw/day/r12/RSTR.2026-08-26_06.nc /scratch/lus/tmp/arw/day/r12/RSTR.2026-08-26_09.nc /scratch/lus/tmp/arw/day/r12/RSTR.2026-08-26_12.nc /scratch/lus/tmp/arw/day/r12/RSTR.2026-08-26_15.nc /scratch/lus/tmp/arw/day/r12/RSTR.2026-08-26_18.nc /scratch/lus/tmp/arw/day/r12/RSTR.2026-08-26_21.nc /scratch/lus/tmp/arw/day/r12/RSTR.2026-08-27_00.nc /scratch/lus/tmp/arw/day/r12/RSTR.2026-08-27_03.nc /scratch/lus/tmp/arw/day/r12/RSTR.2026-08-27_06.nc /scratch/lus/tmp/arw/day/r12/RSTR.2026-08-27_09.nc
++ basename /scratch/lus/tmp/arw/day/r12/RSTR.2026-08-27_09.nc
+ export LAST_FILE=RSTR.2026-08-27_09.nc
+ LAST_FILE=RSTR.2026-08-27_09.nc
++ expr RSTR.2026-08-27_09.nc
++ cut -c6-9
+ export LAST_FILE_YEAR=2026
+ LAST_FILE_YEAR=2026
++ expr RSTR.2026-08-27_09.nc
++ cut -c11-12
+ export LAST_FILE_MONTH=08
+ LAST_FILE_MONTH=08
++ expr RSTR.2026-08-27_09.nc
++ cut -c14-15
+ export LAST_FILE_DAY=27
+ LAST_FILE_DAY=27
++ expr RSTR.2026-08-27_09.nc
++ cut -c17-18
+ export LAST_FILE_HOUR=09
+ LAST_FILE_HOUR=09
++ date -d '2026/08/18 00:00:00' +%s
+ date0=1787011200
++ date -d '2026/08/27 09:00:00' +%s
+ date1=1787821200
+ last_range=810000
+ last_range=75
+ last_range=225
+ restart_range=15
+ export NDAYS=0
+ NDAYS=0
+ export NHOURS=15
+ NHOURS=15
+ export MPAS_FORECAST_LENGTH=0_15:00:00
+ MPAS_FORECAST_LENGTH=0_15:00:00
+ export START_YEAR=2026
+ START_YEAR=2026
+ export START_MONTH=08
+ START_MONTH=08
+ export START_DAY=27
+ START_DAY=27
+ export START_HOUR=09
+ START_HOUR=09
+ export DO_RESTART=true
+ DO_RESTART=true
+ case $MPAS_RESOLUTION in
+ XNN=x1
+ NUM=4096002
+ DT=72.0
+ DX=12000.0
+ UPWIND=0.0
+ PHOTDT=720
+ export STRIDE=2
+ STRIDE=2
+ export STRIPE=8
+ STRIPE=8
+ export IOTASKS=465
+ IOTASKS=465
+ export OMP_NUM_THREADS=4
+ OMP_NUM_THREADS=4
+ export IO_IN=pnetcdf,cdf5
+ IO_IN=pnetcdf,cdf5
+ export IO_OUT=pnetcdf,cdf5
+ IO_OUT=pnetcdf,cdf5
+ export SSIZE=1048576
+ SSIZE=1048576
+ export MLTPSR=4
+ MLTPSR=4
+ export MLTPSW=4
+ MLTPSW=4
+ export MLTPW=6
+ MLTPW=6
+ export MLTPR=6
+ MLTPR=6
+ export MODE_LOCK=2
+ MODE_LOCK=2
+ export MPICH_COLL_OPT_OFF=MPI_Scatterv
+ MPICH_COLL_OPT_OFF=MPI_Scatterv
+ export MPICH_COLL_SYNC=MPI_Gather
+ MPICH_COLL_SYNC=MPI_Gather
+ export MPICH_RANK_REORDER_METHOD=0
+ MPICH_RANK_REORDER_METHOD=0
+ export 'MPICH_MPIIO_HINTS=*/INIT.*:striping_factor=8:striping_unit=4194304:cray_cb_write_lock_mode=2:cray_cb_nodes_multiplier=6,*/MPAS.*:striping_factor=8:striping_unit=4194304:cray_cb_write_lock_mode=2:cray_cb_nodes_multiplier=6,*/RSTR.*:striping_factor=8:striping_unit=4194304:cray_cb_write_lock_mode=2:cray_cb_nodes_multiplier=6,*/DIAG.*:striping_factor=8:striping_unit=4194304:cray_cb_write_lock_mode=2:cray_cb_nodes_multiplier=6'
+ MPICH_MPIIO_HINTS='*/INIT.*:striping_factor=8:striping_unit=4194304:cray_cb_write_lock_mode=2:cray_cb_nodes_multiplier=6,*/MPAS.*:striping_factor=8:striping_unit=4194304:cray_cb_write_lock_mode=2:cray_cb_nodes_multiplier=6,*/RSTR.*:striping_factor=8:striping_unit=4194304:cray_cb_write_lock_mode=2:cray_cb_nodes_multiplier=6,*/DIAG.*:striping_factor=8:striping_unit=4194304:cray_cb_write_lock_mode=2:cray_cb_nodes_multiplier=6'
+ sed -e s/START_DATE/2026-08-27_09:00:00/g -e s/MPAS_FORECAST_LENGTH/0_15:00:00/g -e s/UPWIND/0.0/g -e s/IOTASKS/465/g -e s/STRIDE/2/g -e s/MPAS_RESOLUTION/12/g -e s/PHOTDT/720/g -e s/DT/72.0/g -e s/DX/12000.0/g -e s/XNN/x1/g -e s/NUM/4096002/g -e s/DO_RESTART/true/g /scratch/lus/arw/model/name/mpas/8.0.v/namelist.atmosphere
+ grep -q config_restart_interval namelist.atmosphere
+ echo 'WARNING: config_restart_interval not found in namelist.atmosphere'
WARNING: config_restart_interval not found in namelist.atmosphere
+ cat namelist.atmosphere
&nhyd_model
    config_time_integration_order = 2
    config_dt = 72.0
    config_photdt =  720
    config_start_time = '2026-08-27_09:00:00'
    config_run_duration = '0_15:00:00'
    config_split_dynamics_transport = true
    config_number_of_sub_steps = 2
    config_dynamics_split_steps = 3
    config_h_mom_eddy_visc2 = 0.0
    config_h_mom_eddy_visc4 = 0.0
    config_v_mom_eddy_visc2 = 0.0
    config_h_theta_eddy_visc2 = 0.0
    config_h_theta_eddy_visc4 = 0.0
    config_v_theta_eddy_visc2 = 0.0
    config_horiz_mixing = '2d_smagorinsky'
    config_visc4_2dsmag = 0.05
    config_w_adv_order = 3
    config_theta_adv_order = 3
    config_scalar_adv_order = 3
    config_u_vadv_order = 3
    config_w_vadv_order = 3
    config_theta_vadv_order = 3
    config_scalar_vadv_order = 3
    config_scalar_advection = true
    config_positive_definite = false
    config_monotonic = true
    config_coef_3rd_order = 0.25
    config_epssm = 0.5
    config_smdiv = 0.1
    config_apvm_upwinding = 0.0
    config_len_disp = 12000.0
/

&damping
    config_zd = 22000.0
    config_xnutr = 0.2
/
&limited_area
    config_apply_lbcs = false
/
&io
    config_pio_num_iotasks = 465
    config_pio_stride = 2
/
&decomposition
    config_block_decomp_file_prefix = '/scratch/lus/arw/model/src/mpas/meshes/12/x1.4096002.graph.info.part.'
/
&restart
    config_do_restart = true
/
&printout
    config_print_debug_info = false
    config_print_global_minmax_sca = false
    config_print_global_minmax_vel = false
    config_print_detailed_minmax_vel = false
    config_print_global_minmax_chem = false
/

&IAU
    config_IAU_option = 'off'
    config_IAU_window_length_s = 21600.
/

&physics
    config_sst_update = false
    config_sstdiurn_update = false
    config_deepsoiltemp_update = false
    config_bucket_update = 'none'
    config_physics_suite = 'mesoscale_reference'
    config_pbl_scheme = 'bl_mynn'
    config_sfclayer_scheme = 'sf_mynn'
    config_lsm_scheme = 'sf_noah'
    config_frac_seaice  = false
    config_sfc_albedo  = true
    config_sfc_snowalbedo = true
    config_sst_update  = false
    config_sstdiurn_update = false
    config_deepsoiltemp_update = false
    config_bucket_update = 'none'
    config_radtlw_interval  = '00:15:00'
    config_radtsw_interval  = '00:15:00'
    config_aer_ra_feedback = true
/

&chemistry
    config_seas_opt           = 3
    config_seas_factor        = 1.0
    config_use_aer_IN         = false
    config_unsoluble_IN_size  = 0.5
    config_soluble_IN_size    = 0.1
    config_gas_drydep_opt     = 1
    config_ctrans_opt         = 'no_ctrans'
    config_cu_scav_on         = true
    config_mono_work_coupled  = false
    config_chem_opt           = 'bin4aer_dust'
    config_aer_op_opt         = 'volume_approx'
    config_diagnostic_opt     = 1

    config_dust_opt          = 'gocart'
    config_dust_factor       = 0.55
    config_drydep_on         = true
    config_wetscav_on        = true
    config_aer_drydep_opt    = 201
    config_kdepvel           = 1
    !config_settling_option   = 1
/

&soundings
    config_sounding_interval = 'none'
/

&assimilation
    config_jedi_da = true
/

&development
    config_halo_exch_method = 'mpas_halo'
/
+ sed -e s/CYCLE/12/g -e s/XNN/x1/g -e s/NUM/4096002/g -e s/IO_IN/pnetcdf,cdf5/g -e s/IO_OUT/pnetcdf,cdf5/g /scratch/lus/arw/model/name/mpas/8.0.v/streams.atmosphere
+ cat streams.atmosphere
<streams>
<immutable_stream name="input"
                  type="input"
                  filename_template="/scratch/lus/tmp/arw/day/r12/INIT.$Y-$M-$D_$h.nc"
                  io_type="pnetcdf,cdf5"
                  input_interval="initial_only" />

<immutable_stream name="restart"
                  type="input;output"
                  filename_template="/scratch/lus/tmp/arw/day/r12/RSTR.$Y-$M-$D_$h.nc"
                  input_interval="initial_only"
                  io_type="pnetcdf,cdf5"
                  clobber_mode="replace_files"
        	  output_interval="03:00:00" />

<stream name="output"
        type="output"
        filename_template="/scratch/lus/tmp/arw/day/r12/MPAS.$Y-$M-$D_$h.nc"
        output_interval="1:00:00"
        io_type="pnetcdf,cdf5"
        clobber_mode="replace_files">

        <file name="stream_list.atmosphere.output"/>
</stream>


<stream name="diagnostics"
        type="output"
        filename_template="/scratch/lus/tmp/arw/day/r12/DIAG.$Y-$M-$D_$h.nc"
        filename_interval="none"
        clobber_mode="replace_files"
        io_type="pnetcdf,cdf5"
        output_interval="none" >

        <file name="stream_list.atmosphere.diagnostics"/>
</stream>

<stream name="surface"
        type="input"
        filename_template="/scratch/lus/tmp/arw/day/r12/INIT.$Y-$M-$D_$h.nc"
        filename_interval="none"
        io_type="pnetcdf,cdf5"
        input_interval="none" >

        <file name="stream_list.atmosphere.surface"/>
</stream>

<immutable_stream name="iau"
                  type="input"
                  filename_template="/scratch/lus/tmp/arw/day/r12/x1.4096002.AmB.$Y-$M-$D_$h.nc"
                  filename_interval="none"
                  packages="iau"
                  input_interval="initial_only" />

<immutable_stream name="lbc_in"
                  type="input"
                  filename_template="/scratch/lus/tmp/arw/day/r12/lbc.$Y-$M-$D_$h.nc"
                  filename_interval="input_interval"
                  packages="limited_area"
                  input_interval="3:00:00" />

</streams>
+ ln -sf /scratch/lus/arw/model/name/mpas/8.0.v/stream_list.atmosphere.diagnostics
+ ln -sf /scratch/lus/arw/model/name/mpas/8.0.v/stream_list.atmosphere.output
+ ln -sf /scratch/lus/arw/model/name/mpas/8.0.v/stream_list.atmosphere.surface
+ ln -sf /scratch/lus/arw/model/src/mpas/cce/8.0.v/src/core_atmosphere/physics/physics_wrf/files/CAM_ABS_DATA.DBL
+ ln -sf /scratch/lus/arw/model/src/mpas/cce/8.0.v/src/core_atmosphere/physics/physics_wrf/files/CAM_AEROPT_DATA.DBL
+ ln -sf /scratch/lus/arw/model/src/mpas/cce/8.0.v/src/core_atmosphere/physics/physics_wrf/files/GENPARM.TBL
+ ln -sf /scratch/lus/arw/model/src/mpas/cce/8.0.v/src/core_atmosphere/physics/physics_wrf/files/LANDUSE.TBL
+ ln -sf /scratch/lus/arw/model/src/mpas/cce/8.0.v/src/core_atmosphere/physics/physics_wrf/files/OZONE_DAT.TBL
+ ln -sf /scratch/lus/arw/model/src/mpas/cce/8.0.v/src/core_atmosphere/physics/physics_wrf/files/OZONE_LAT.TBL
+ ln -sf /scratch/lus/arw/model/src/mpas/cce/8.0.v/src/core_atmosphere/physics/physics_wrf/files/OZONE_PLEV.TBL
+ ln -sf /scratch/lus/arw/model/src/mpas/cce/8.0.v/src/core_atmosphere/physics/physics_wrf/files/RRTMG_LW_DATA
+ ln -sf /scratch/lus/arw/model/src/mpas/cce/8.0.v/src/core_atmosphere/physics/physics_wrf/files/RRTMG_LW_DATA.DBL
+ ln -sf /scratch/lus/arw/model/src/mpas/cce/8.0.v/src/core_atmosphere/physics/physics_wrf/files/RRTMG_SW_DATA
+ ln -sf /scratch/lus/arw/model/src/mpas/cce/8.0.v/src/core_atmosphere/physics/physics_wrf/files/RRTMG_SW_DATA.DBL
+ ln -sf /scratch/lus/arw/model/src/mpas/cce/8.0.v/src/core_atmosphere/physics/physics_wrf/files/SOILPARM.TBL
+ ln -sf /scratch/lus/arw/model/src/mpas/cce/8.0.v/src/core_atmosphere/physics/physics_wrf/files/VEGPARM.TBL
+ ln -sf /scratch/lus/arw/model/src/mpas/cce/8.0.v/MP_THOMPSON_QRacrQS_DATA.DBL
+ ln -sf /scratch/lus/arw/model/src/mpas/cce/8.0.v/MP_THOMPSON_QRacrQG_DATA.DBL
+ ln -sf /scratch/lus/arw/model/src/mpas/cce/8.0.v/MP_THOMPSON_QIautQS_DATA.DBL
+ ln -sf /scratch/lus/arw/model/src/mpas/cce/8.0.v/MP_THOMPSON_freezeH2O_DATA.DBL
+ ln -sf /scratch/lus/arw/model/src/mpas/cce/8.0.v/build_tables
+ ln -sf /scratch/lus/arw/model/src/mpas/cce/8.0.v/default_inputs
+ /bin/rm -f /scratch/lus/arw/model/log/log.atmosphere.0000.out
+ ln -sf /scratch/lus/arw/model/src/mpas/cce/8.0.v/atmosphere_model mpas.exe
+ ln -sf /scratch/lus/arw/model/log/log.atmosphere.0000.out log.atmosphere.0000.out
+ /usr/bin/time -v srun -v -l --cpu-bind=cores --cpus-per-task=4 mpas.exe
srun: Updating SLURM_TRES_PER_TASK to cpu=4 as --cpus-per-task takes precedence over the environment variables.
srun: defined options
srun: -------------------- --------------------
srun: (null)              : nid[000001-000119,000121]
srun: cpu-bind            : cores
srun: cpus-per-task       : 4
srun: jobid               : 7593788
srun: job-name            : MPAS.MODEL
srun: label               : set
srun: mem-per-cpu         : 1692
srun: nodes               : 120
srun: ntasks              : 3720
srun: ntasks-per-node     : 31
srun: tres-per-task       : cpu=4
srun: verbose             : 1
srun: -------------------- --------------------
srun: end of defined options
srun: jobid 7593788: nodes(120):`nid[000001-000119,000121]', cpu counts: 124(x120)
srun: Implicitly setting --exact, because -c/--cpus-per-task given.
srun: CpuBindType=cores
srun: launching StepId=7593788.0 on host nid000001, 31 tasks: [0-30]
srun: launching StepId=7593788.0 on host nid000002, 31 tasks: [31-61]
srun: launching StepId=7593788.0 on host nid000003, 31 tasks: [62-92]
srun: launching StepId=7593788.0 on host nid000004, 31 tasks: [93-123]
srun: launching StepId=7593788.0 on host nid000005, 31 tasks: [124-154]
srun: launching StepId=7593788.0 on host nid000006, 31 tasks: [155-185]
srun: launching StepId=7593788.0 on host nid000007, 31 tasks: [186-216]
srun: launching StepId=7593788.0 on host nid000008, 31 tasks: [217-247]
srun: launching StepId=7593788.0 on host nid000009, 31 tasks: [248-278]
srun: launching StepId=7593788.0 on host nid000010, 31 tasks: [279-309]
srun: launching StepId=7593788.0 on host nid000011, 31 tasks: [310-340]
srun: launching StepId=7593788.0 on host nid000012, 31 tasks: [341-371]
srun: launching StepId=7593788.0 on host nid000013, 31 tasks: [372-402]
srun: launching StepId=7593788.0 on host nid000014, 31 tasks: [403-433]
srun: launching StepId=7593788.0 on host nid000015, 31 tasks: [434-464]
srun: launching StepId=7593788.0 on host nid000016, 31 tasks: [465-495]
srun: launching StepId=7593788.0 on host nid000017, 31 tasks: [496-526]
srun: launching StepId=7593788.0 on host nid000018, 31 tasks: [527-557]
srun: launching StepId=7593788.0 on host nid000019, 31 tasks: [558-588]
srun: launching StepId=7593788.0 on host nid000020, 31 tasks: [589-619]
srun: launching StepId=7593788.0 on host nid000021, 31 tasks: [620-650]
srun: launching StepId=7593788.0 on host nid000022, 31 tasks: [651-681]
srun: launching StepId=7593788.0 on host nid000023, 31 tasks: [682-712]
srun: launching StepId=7593788.0 on host nid000024, 31 tasks: [713-743]
srun: launching StepId=7593788.0 on host nid000025, 31 tasks: [744-774]
srun: launching StepId=7593788.0 on host nid000026, 31 tasks: [775-805]
srun: launching StepId=7593788.0 on host nid000027, 31 tasks: [806-836]
srun: launching StepId=7593788.0 on host nid000028, 31 tasks: [837-867]
srun: launching StepId=7593788.0 on host nid000029, 31 tasks: [868-898]
srun: launching StepId=7593788.0 on host nid000030, 31 tasks: [899-929]
srun: launching StepId=7593788.0 on host nid000031, 31 tasks: [930-960]
srun: launching StepId=7593788.0 on host nid000032, 31 tasks: [961-991]
srun: launching StepId=7593788.0 on host nid000033, 31 tasks: [992-1022]
srun: launching StepId=7593788.0 on host nid000034, 31 tasks: [1023-1053]
srun: launching StepId=7593788.0 on host nid000035, 31 tasks: [1054-1084]
srun: launching StepId=7593788.0 on host nid000036, 31 tasks: [1085-1115]
srun: launching StepId=7593788.0 on host nid000037, 31 tasks: [1116-1146]
srun: launching StepId=7593788.0 on host nid000038, 31 tasks: [1147-1177]
srun: launching StepId=7593788.0 on host nid000039, 31 tasks: [1178-1208]
srun: launching StepId=7593788.0 on host nid000040, 31 tasks: [1209-1239]
srun: launching StepId=7593788.0 on host nid000041, 31 tasks: [1240-1270]
srun: launching StepId=7593788.0 on host nid000042, 31 tasks: [1271-1301]
srun: launching StepId=7593788.0 on host nid000043, 31 tasks: [1302-1332]
srun: launching StepId=7593788.0 on host nid000044, 31 tasks: [1333-1363]
srun: launching StepId=7593788.0 on host nid000045, 31 tasks: [1364-1394]
srun: launching StepId=7593788.0 on host nid000046, 31 tasks: [1395-1425]
srun: launching StepId=7593788.0 on host nid000047, 31 tasks: [1426-1456]
srun: launching StepId=7593788.0 on host nid000048, 31 tasks: [1457-1487]
srun: launching StepId=7593788.0 on host nid000049, 31 tasks: [1488-1518]
srun: launching StepId=7593788.0 on host nid000050, 31 tasks: [1519-1549]
srun: launching StepId=7593788.0 on host nid000051, 31 tasks: [1550-1580]
srun: launching StepId=7593788.0 on host nid000052, 31 tasks: [1581-1611]
srun: launching StepId=7593788.0 on host nid000053, 31 tasks: [1612-1642]
srun: launching StepId=7593788.0 on host nid000054, 31 tasks: [1643-1673]
srun: launching StepId=7593788.0 on host nid000055, 31 tasks: [1674-1704]
srun: launching StepId=7593788.0 on host nid000056, 31 tasks: [1705-1735]
srun: launching StepId=7593788.0 on host nid000057, 31 tasks: [1736-1766]
srun: launching StepId=7593788.0 on host nid000058, 31 tasks: [1767-1797]
srun: launching StepId=7593788.0 on host nid000059, 31 tasks: [1798-1828]
srun: launching StepId=7593788.0 on host nid000060, 31 tasks: [1829-1859]
srun: launching StepId=7593788.0 on host nid000061, 31 tasks: [1860-1890]
srun: launching StepId=7593788.0 on host nid000062, 31 tasks: [1891-1921]
srun: launching StepId=7593788.0 on host nid000063, 31 tasks: [1922-1952]
srun: launching StepId=7593788.0 on host nid000064, 31 tasks: [1953-1983]
srun: launching StepId=7593788.0 on host nid000065, 31 tasks: [1984-2014]
srun: launching StepId=7593788.0 on host nid000066, 31 tasks: [2015-2045]
srun: launching StepId=7593788.0 on host nid000067, 31 tasks: [2046-2076]
srun: launching StepId=7593788.0 on host nid000068, 31 tasks: [2077-2107]
srun: launching StepId=7593788.0 on host nid000069, 31 tasks: [2108-2138]
srun: launching StepId=7593788.0 on host nid000070, 31 tasks: [2139-2169]
srun: launching StepId=7593788.0 on host nid000071, 31 tasks: [2170-2200]
srun: launching StepId=7593788.0 on host nid000072, 31 tasks: [2201-2231]
srun: launching StepId=7593788.0 on host nid000073, 31 tasks: [2232-2262]
srun: launching StepId=7593788.0 on host nid000074, 31 tasks: [2263-2293]
srun: launching StepId=7593788.0 on host nid000075, 31 tasks: [2294-2324]
srun: launching StepId=7593788.0 on host nid000076, 31 tasks: [2325-2355]
srun: launching StepId=7593788.0 on host nid000077, 31 tasks: [2356-2386]
srun: launching StepId=7593788.0 on host nid000078, 31 tasks: [2387-2417]
srun: launching StepId=7593788.0 on host nid000079, 31 tasks: [2418-2448]
srun: launching StepId=7593788.0 on host nid000080, 31 tasks: [2449-2479]
srun: launching StepId=7593788.0 on host nid000081, 31 tasks: [2480-2510]
srun: launching StepId=7593788.0 on host nid000082, 31 tasks: [2511-2541]
srun: launching StepId=7593788.0 on host nid000083, 31 tasks: [2542-2572]
srun: launching StepId=7593788.0 on host nid000084, 31 tasks: [2573-2603]
srun: launching StepId=7593788.0 on host nid000085, 31 tasks: [2604-2634]
srun: launching StepId=7593788.0 on host nid000086, 31 tasks: [2635-2665]
srun: launching StepId=7593788.0 on host nid000087, 31 tasks: [2666-2696]
srun: launching StepId=7593788.0 on host nid000088, 31 tasks: [2697-2727]
srun: launching StepId=7593788.0 on host nid000089, 31 tasks: [2728-2758]
srun: launching StepId=7593788.0 on host nid000090, 31 tasks: [2759-2789]
srun: launching StepId=7593788.0 on host nid000091, 31 tasks: [2790-2820]
srun: launching StepId=7593788.0 on host nid000092, 31 tasks: [2821-2851]
srun: launching StepId=7593788.0 on host nid000093, 31 tasks: [2852-2882]
srun: launching StepId=7593788.0 on host nid000094, 31 tasks: [2883-2913]
srun: launching StepId=7593788.0 on host nid000095, 31 tasks: [2914-2944]
srun: launching StepId=7593788.0 on host nid000096, 31 tasks: [2945-2975]
srun: launching StepId=7593788.0 on host nid000097, 31 tasks: [2976-3006]
srun: launching StepId=7593788.0 on host nid000098, 31 tasks: [3007-3037]
srun: launching StepId=7593788.0 on host nid000099, 31 tasks: [3038-3068]
srun: launching StepId=7593788.0 on host nid000100, 31 tasks: [3069-3099]
srun: launching StepId=7593788.0 on host nid000101, 31 tasks: [3100-3130]
srun: launching StepId=7593788.0 on host nid000102, 31 tasks: [3131-3161]
srun: launching StepId=7593788.0 on host nid000103, 31 tasks: [3162-3192]
srun: launching StepId=7593788.0 on host nid000104, 31 tasks: [3193-3223]
srun: launching StepId=7593788.0 on host nid000105, 31 tasks: [3224-3254]
srun: launching StepId=7593788.0 on host nid000106, 31 tasks: [3255-3285]
srun: launching StepId=7593788.0 on host nid000107, 31 tasks: [3286-3316]
srun: launching StepId=7593788.0 on host nid000108, 31 tasks: [3317-3347]
srun: launching StepId=7593788.0 on host nid000109, 31 tasks: [3348-3378]
srun: launching StepId=7593788.0 on host nid000110, 31 tasks: [3379-3409]
srun: launching StepId=7593788.0 on host nid000111, 31 tasks: [3410-3440]
srun: launching StepId=7593788.0 on host nid000112, 31 tasks: [3441-3471]
srun: launching StepId=7593788.0 on host nid000113, 31 tasks: [3472-3502]
srun: launching StepId=7593788.0 on host nid000114, 31 tasks: [3503-3533]
srun: launching StepId=7593788.0 on host nid000115, 31 tasks: [3534-3564]
srun: launching StepId=7593788.0 on host nid000116, 31 tasks: [3565-3595]
srun: launching StepId=7593788.0 on host nid000117, 31 tasks: [3596-3626]
srun: launching StepId=7593788.0 on host nid000118, 31 tasks: [3627-3657]
srun: launching StepId=7593788.0 on host nid000119, 31 tasks: [3658-3688]
srun: launching StepId=7593788.0 on host nid000121, 31 tasks: [3689-3719]
srun: topology/default: init: topology Default plugin loaded
srun: Node nid000001, 31 tasks started
srun: Node nid000073, 31 tasks started
srun: Node nid000103, 31 tasks started
srun: Node nid000119, 31 tasks started
srun: Node nid000107, 31 tasks started
srun: Node nid000102, 31 tasks started
srun: Node nid000084, 31 tasks started
srun: Node nid000040, 31 tasks started
srun: Node nid000048, 31 tasks started
srun: Node nid000021, 31 tasks started
srun: Node nid000064, 31 tasks started
srun: Node nid000008, 31 tasks started
srun: Node nid000045, 31 tasks started
srun: Node nid000022, 31 tasks started
srun: Node nid000035, 31 tasks started
srun: Node nid000012, 31 tasks started
srun: Node nid000118, 31 tasks started
srun: Node nid000077, 31 tasks started
srun: Node nid000078, 31 tasks started
srun: Node nid000106, 31 tasks started
srun: Node nid000056, 31 tasks started
srun: Node nid000003, 31 tasks started
srun: Node nid000094, 31 tasks started
srun: Node nid000098, 31 tasks started
srun: Node nid000033, 31 tasks started
srun: Node nid000052, 31 tasks started
srun: Node nid000041, 31 tasks started
srun: Node nid000051, 31 tasks started
srun: Node nid000025, 31 tasks started
srun: Node nid000110, 31 tasks started
srun: Node nid000075, 31 tasks started
srun: Node nid000049, 31 tasks started
srun: Node nid000011, 31 tasks started
srun: Node nid000093, 31 tasks started
srun: Node nid000115, 31 tasks started
srun: Node nid000095, 31 tasks started
srun: Node nid000121, 31 tasks started
srun: Node nid000085, 31 tasks started
srun: Node nid000086, 31 tasks started
srun: Node nid000111, 31 tasks started
srun: Node nid000088, 31 tasks started
srun: Node nid000050, 31 tasks started
srun: Node nid000069, 31 tasks started
srun: Node nid000019, 31 tasks started
srun: Node nid000059, 31 tasks started
srun: Node nid000108, 31 tasks started
srun: Node nid000046, 31 tasks started
srun: Node nid000029, 31 tasks started
srun: Node nid000081, 31 tasks started
srun: Node nid000004, 31 tasks started
srun: Node nid000080, 31 tasks started
srun: Node nid000099, 31 tasks started
srun: Node nid000058, 31 tasks started
srun: Node nid000116, 31 tasks started
srun: Node nid000036, 31 tasks started
srun: Node nid000031, 31 tasks started
srun: Node nid000047, 31 tasks started
srun: Node nid000039, 31 tasks started
srun: Node nid000109, 31 tasks started
srun: Node nid000101, 31 tasks started
srun: Node nid000060, 31 tasks started
srun: Node nid000067, 31 tasks started
srun: Node nid000032, 31 tasks started
srun: Node nid000009, 31 tasks started
srun: Node nid000010, 31 tasks started
srun: Node nid000020, 31 tasks started
srun: Node nid000114, 31 tasks started
srun: Node nid000112, 31 tasks started
srun: Node nid000044, 31 tasks started
srun: Node nid000057, 31 tasks started
srun: Node nid000091, 31 tasks started
srun: Node nid000092, 31 tasks started
srun: Node nid000015, 31 tasks started
srun: Node nid000055, 31 tasks started
srun: Node nid000005, 31 tasks started
srun: Node nid000087, 31 tasks started
srun: Node nid000061, 31 tasks started
srun: Node nid000002, 31 tasks started
srun: Node nid000066, 31 tasks started
srun: Node nid000076, 31 tasks started
srun: Node nid000104, 31 tasks started
srun: Node nid000006, 31 tasks started
srun: Node nid000028, 31 tasks started
srun: Node nid000113, 31 tasks started
srun: Node nid000042, 31 tasks started
srun: Node nid000034, 31 tasks started
srun: Node nid000071, 31 tasks started
srun: Node nid000096, 31 tasks started
srun: Node nid000079, 31 tasks started
srun: Node nid000068, 31 tasks started
srun: Node nid000105, 31 tasks started
srun: Node nid000037, 31 tasks started
srun: Node nid000062, 31 tasks started
srun: Node nid000030, 31 tasks started
srun: Node nid000007, 31 tasks started
srun: Node nid000089, 31 tasks started
srun: Node nid000054, 31 tasks started
srun: Node nid000016, 31 tasks started
srun: Node nid000083, 31 tasks started
srun: Node nid000027, 31 tasks started
srun: Node nid000070, 31 tasks started
srun: Node nid000038, 31 tasks started
srun: Node nid000063, 31 tasks started
srun: Node nid000013, 31 tasks started
srun: Node nid000053, 31 tasks started
srun: Node nid000024, 31 tasks started
srun: Node nid000043, 31 tasks started
srun: Node nid000065, 31 tasks started
srun: Node nid000090, 31 tasks started
srun: Node nid000082, 31 tasks started
srun: Node nid000023, 31 tasks started
srun: Node nid000117, 31 tasks started
srun: Node nid000097, 31 tasks started
srun: Node nid000074, 31 tasks started
srun: Node nid000018, 31 tasks started
srun: Node nid000100, 31 tasks started
srun: Node nid000014, 31 tasks started
srun: Node nid000017, 31 tasks started
srun: Node nid000072, 31 tasks started
srun: Node nid000026, 31 tasks started
1742:  warning! max/min of tend_wetls =  8.01972155E-10,  -6.16839468E-10
1742:  warning! max/min of tend_wetls =  8.01972155E-10,  -6.16839468E-10
1742:  warning! max/min of tend_wetls =  8.01972155E-10,  -6.16839468E-10
2339:  warning! max/min of tend_wetls =  5.05274804E-14,  -7.57912206E-14
2289:  warning! max/min of tend_wetls =  2.96059456E-16,  -5.42775642E-16
 522:  warning! max/min of tend_wetls =  1.35525263E-20,  -2.37169199E-19
1742:  warning! max/min of tend_wetls =  8.01972155E-10,  -6.16839468E-10
3353:  warning! max/min of tend_wetls =  9.86864852E-17,  -1.11022296E-16
2339:  warning! max/min of tend_wetls =  5.05274804E-14,  -7.57912206E-14
2289:  warning! max/min of tend_wetls =  2.96059456E-16,  -5.42775642E-16
 522:  warning! max/min of tend_wetls =  1.35525263E-20,  -2.37169199E-19
2754:  warning! max/min of tend_wetls =  4.44641806E-12,  -4.87590177E-12
3353:  warning! max/min of tend_wetls =  9.86864852E-17,  -1.11022296E-16
2289:  warning! max/min of tend_wetls =  2.96059456E-16,  -5.42775642E-16
 522:  warning! max/min of tend_wetls =  1.35525263E-20,  -2.37169199E-19
2754:  warning! max/min of tend_wetls =  4.44641806E-12,  -4.87590177E-12
2289:  warning! max/min of tend_wetls =  2.96059456E-16,  -5.42775642E-16
 522:  warning! max/min of tend_wetls =  1.35525263E-20,  -2.37169199E-19
2363:  warning! max/min of tend_wetls =  1.67993763E-9,  -1.93338345E-9
3384:  warning! max/min of tend_wetls =  9.86864852E-17,  -8.32667202E-17
2754:  warning! max/min of tend_wetls =  4.44641806E-12,  -4.87590177E-12
3353:  warning! max/min of tend_wetls =  9.86864852E-17,  -1.11022296E-16
2363:  warning! max/min of tend_wetls =  1.67993763E-9,  -1.93338345E-9
3384:  warning! max/min of tend_wetls =  9.86864852E-17,  -8.32667202E-17
3384:  warning! max/min of tend_wetls =  9.86864852E-17,  -8.32667202E-17
2754:  warning! max/min of tend_wetls =  4.44641806E-12,  -4.87590177E-12
3353:  warning! max/min of tend_wetls =  9.86864852E-17,  -1.11022296E-16
2339:  warning! max/min of tend_wetls =  5.05274804E-14,  -7.57912206E-14
2363:  warning! max/min of tend_wetls =  1.67993763E-9,  -1.93338345E-9
3384:  warning! max/min of tend_wetls =  9.86864852E-17,  -8.32667202E-17
2339:  warning! max/min of tend_wetls =  5.05274804E-14,  -7.57912206E-14
2363:  warning! max/min of tend_wetls =  1.67993763E-9,  -1.93338345E-9
2799:  warning! max/min of tend_wetls =  1.35693911E-16,  -6.63173184E-13
2799:  warning! max/min of tend_wetls =  1.35693911E-16,  -6.63173184E-13
3536:  warning! max/min of tend_wetls =  2.12021735E-18,  -1.54197633E-18
2799:  warning! max/min of tend_wetls =  1.35693911E-16,  -6.63173184E-13
3536:  warning! max/min of tend_wetls =  2.12021735E-18,  -1.54197633E-18
2799:  warning! max/min of tend_wetls =  1.35693911E-16,  -6.63173184E-13
1909:  warning! max/min of tend_wetls =  1.54197633E-17,  -1.48415227E-17
3536:  warning! max/min of tend_wetls =  2.12021735E-18,  -1.54197633E-18
 162:  warning! max/min of tend_wetls =  3.72425518E-7,  -3.40217298E-7
 113:  warning! max/min of tend_wetls =  6.20881679E-10,  -4.02906125E-10
3536:  warning! max/min of tend_wetls =  2.12021735E-18,  -1.54197633E-18
1909:  warning! max/min of tend_wetls =  1.54197633E-17,  -1.48415227E-17
1991:  warning! max/min of tend_wetls =  9.86864852E-17,  -7.40148639E-17
3383:  warning! max/min of tend_wetls =  1.41476945E-12,  -1.51582436E-12
 162:  warning! max/min of tend_wetls =  3.72425518E-7,  -3.40217298E-7
 113:  warning! max/min of tend_wetls =  6.20881679E-10,  -4.02906125E-10
1909:  warning! max/min of tend_wetls =  1.54197633E-17,  -1.48415227E-17
1991:  warning! max/min of tend_wetls =  9.86864852E-17,  -7.40148639E-17
3383:  warning! max/min of tend_wetls =  1.41476945E-12,  -1.51582436E-12
1576:  warning! max/min of tend_wetls =  6.63173197E-14,  -7.72745989E-14
 162:  warning! max/min of tend_wetls =  3.72425518E-7,  -3.40217298E-7
 113:  warning! max/min of tend_wetls =  6.20881679E-10,  -4.02906125E-10
1991:  warning! max/min of tend_wetls =  9.86864852E-17,  -7.40148639E-17
3383:  warning! max/min of tend_wetls =  1.41476945E-12,  -1.51582436E-12
 162:  warning! max/min of tend_wetls =  3.72425518E-7,  -3.40217298E-7
 113:  warning! max/min of tend_wetls =  6.20881679E-10,  -4.02906125E-10
1909:  warning! max/min of tend_wetls =  1.54197633E-17,  -1.48415227E-17
1991:  warning! max/min of tend_wetls =  9.86864852E-17,  -7.40148639E-17
3383:  warning! max/min of tend_wetls =  1.41476945E-12,  -1.51582436E-12
1576:  warning! max/min of tend_wetls =  6.63173197E-14,  -7.72745989E-14
 730:  warning! max/min of tend_wetls =  9.25185799E-18,  -3.39234776E-17
2036:  warning! max/min of tend_wetls =  9.86864852E-17,  -8.48086974E-17
 730:  warning! max/min of tend_wetls =  9.25185799E-18,  -3.39234776E-17
2884:  warning! max/min of tend_wetls =  8.88178367E-16,  -1.87311574E-15
1576:  warning! max/min of tend_wetls =  6.63173197E-14,  -7.72745989E-14
2036:  warning! max/min of tend_wetls =  9.86864852E-17,  -8.48086974E-17
1576:  warning! max/min of tend_wetls =  6.63173197E-14,  -7.72745989E-14
2884:  warning! max/min of tend_wetls =  8.88178367E-16,  -1.87311574E-15
2036:  warning! max/min of tend_wetls =  9.86864852E-17,  -8.48086974E-17
 730:  warning! max/min of tend_wetls =  9.25185799E-18,  -3.39234776E-17
2036:  warning! max/min of tend_wetls =  9.86864852E-17,  -8.48086974E-17
 730:  warning! max/min of tend_wetls =  9.25185799E-18,  -3.39234776E-17
2741:  warning! max/min of tend_wetls =  6.57099797E-9,  -7.52819052E-9
2741:  warning! max/min of tend_wetls =  6.57099797E-9,  -7.52819052E-9
2884:  warning! max/min of tend_wetls =  8.88178367E-16,  -1.87311574E-15
2884:  warning! max/min of tend_wetls =  8.88178367E-16,  -1.87311574E-15
2741:  warning! max/min of tend_wetls =  6.57099797E-9,  -7.52819052E-9
2741:  warning! max/min of tend_wetls =  6.57099797E-9,  -7.52819052E-9
1771:  warning! max/min of tend_wetls =  1.21265953E-12,  -2.47584657E-12
1771:  warning! max/min of tend_wetls =  1.21265953E-12,  -2.47584657E-12
1771:  warning! max/min of tend_wetls =  1.21265953E-12,  -2.47584657E-12
2353:  warning! max/min of tend_wetls =  7.57912206E-14,  -6.00013813E-14
1771:  warning! max/min of tend_wetls =  1.21265953E-12,  -2.47584657E-12
2353:  warning! max/min of tend_wetls =  7.57912206E-14,  -6.00013813E-14
2353:  warning! max/min of tend_wetls =  7.57912206E-14,  -6.00013813E-14
  23:  warning! max/min of tend_wetls =  6.31593505E-15,  -6.001372E-15
1488:  warning! max/min of tend_wetls =  1.92747041E-19,  -2.77073866E-19
2353:  warning! max/min of tend_wetls =  7.57912206E-14,  -6.00013813E-14
 251:  warning! max/min of tend_wetls =  1.14476325E-14,  -1.45069131E-14
 251:  warning! max/min of tend_wetls =  1.14476325E-14,  -1.45069131E-14
 251:  warning! max/min of tend_wetls =  1.14476325E-14,  -1.45069131E-14
 251:  warning! max/min of tend_wetls =  1.14476325E-14,  -1.45069131E-14
  23:  warning! max/min of tend_wetls =  6.31593505E-15,  -6.001372E-15
1488:  warning! max/min of tend_wetls =  1.92747041E-19,  -2.77073866E-19
 272:  warning! max/min of tend_wetls =  6.2642791E-19,  -1.03601539E-18
  23:  warning! max/min of tend_wetls =  6.31593505E-15,  -6.001372E-15
1488:  warning! max/min of tend_wetls =  1.92747041E-19,  -2.77073866E-19
 272:  warning! max/min of tend_wetls =  6.2642791E-19,  -1.03601539E-18
  23:  warning! max/min of tend_wetls =  6.31593505E-15,  -6.001372E-15
1488:  warning! max/min of tend_wetls =  1.92747041E-19,  -2.77073866E-19
 272:  warning! max/min of tend_wetls =  6.2642791E-19,  -1.03601539E-18
 272:  warning! max/min of tend_wetls =  6.2642791E-19,  -1.03601539E-18
2074:  warning! max/min of tend_wetls =  1.01054961E-13,  -1.01054961E-13
3692:  warning! max/min of tend_wetls =  4.7683713E-7,  -1.34276013E-6
2074:  warning! max/min of tend_wetls =  1.01054961E-13,  -1.01054961E-13
3692:  warning! max/min of tend_wetls =  4.7683713E-7,  -1.34276013E-6
1226:  warning! max/min of tend_wetls =  5.61111483E-6,  -5.09640358E-6
2074:  warning! max/min of tend_wetls =  1.01054961E-13,  -1.01054961E-13
3692:  warning! max/min of tend_wetls =  4.7683713E-7,  -1.34276013E-6
2074:  warning! max/min of tend_wetls =  1.01054961E-13,  -1.01054961E-13
1226:  warning! max/min of tend_wetls =  5.61111483E-6,  -5.09640358E-6
3692:  warning! max/min of tend_wetls =  4.7683713E-7,  -1.34276013E-6
1395:  warning! max/min of tend_wetls =  3.85494083E-18,  -3.20441952E-18
1634:  warning! max/min of tend_wetls =  1.9737297E-15,  -1.38161079E-15
1226:  warning! max/min of tend_wetls =  5.61111483E-6,  -5.09640358E-6
1395:  warning! max/min of tend_wetls =  3.85494083E-18,  -3.20441952E-18
1634:  warning! max/min of tend_wetls =  1.9737297E-15,  -1.38161079E-15
1226:  warning! max/min of tend_wetls =  5.61111483E-6,  -5.09640358E-6
1395:  warning! max/min of tend_wetls =  3.85494083E-18,  -3.20441952E-18
1634:  warning! max/min of tend_wetls =  1.9737297E-15,  -1.38161079E-15
1395:  warning! max/min of tend_wetls =  3.85494083E-18,  -3.20441952E-18
1634:  warning! max/min of tend_wetls =  1.9737297E-15,  -1.38161079E-15
 708:  warning! max/min of tend_wetls =  3.92728361E-6,  -3.72860154E-6
 708:  warning! max/min of tend_wetls =  3.92728361E-6,  -3.72860154E-6
 775:  warning! max/min of tend_wetls =  3.08395266E-18,  -3.37307317E-18
 775:  warning! max/min of tend_wetls =  3.08395266E-18,  -3.37307317E-18
 708:  warning! max/min of tend_wetls =  3.92728361E-6,  -3.72860154E-6
 775:  warning! max/min of tend_wetls =  3.08395266E-18,  -3.37307317E-18
 708:  warning! max/min of tend_wetls =  3.92728361E-6,  -3.72860154E-6
 155:  warning! max/min of tend_wetls =  1.86183657E-9,  -1.74729708E-9
 775:  warning! max/min of tend_wetls =  3.08395266E-18,  -3.37307317E-18
3610:  warning! max/min of tend_wetls =  2.46471813E-4,  -3.82529339E-4
 155:  warning! max/min of tend_wetls =  1.86183657E-9,  -1.74729708E-9
 376:  warning! max/min of tend_wetls =  6.06329765E-13,  -3.7895609E-13
 558:  warning! max/min of tend_wetls =  1.15648225E-18,  -1.44560276E-18
 155:  warning! max/min of tend_wetls =  1.86183657E-9,  -1.74729708E-9
 155:  warning! max/min of tend_wetls =  1.86183657E-9,  -1.74729708E-9
3610:  warning! max/min of tend_wetls =  2.46471813E-4,  -3.82529339E-4
 376:  warning! max/min of tend_wetls =  6.06329765E-13,  -3.7895609E-13
 376:  warning! max/min of tend_wetls =  6.06329765E-13,  -3.7895609E-13
 376:  warning! max/min of tend_wetls =  6.06329765E-13,  -3.7895609E-13
 558:  warning! max/min of tend_wetls =  1.15648225E-18,  -1.44560276E-18
 624:  warning! max/min of tend_wetls =  1.11220606E-6,  -1.06481207E-6
3610:  warning! max/min of tend_wetls =  2.46471813E-4,  -3.82529339E-4
 951:  warning! max/min of tend_wetls =  1.96302096E-7,  -1.77830856E-7
 558:  warning! max/min of tend_wetls =  1.15648225E-18,  -1.44560276E-18
 624:  warning! max/min of tend_wetls =  1.11220606E-6,  -1.06481207E-6
3610:  warning! max/min of tend_wetls =  2.46471813E-4,  -3.82529339E-4
 558:  warning! max/min of tend_wetls =  1.15648225E-18,  -1.44560276E-18
 951:  warning! max/min of tend_wetls =  1.96302096E-7,  -1.77830856E-7
 624:  warning! max/min of tend_wetls =  1.11220606E-6,  -1.06481207E-6
 624:  warning! max/min of tend_wetls =  1.11220606E-6,  -1.06481207E-6
 951:  warning! max/min of tend_wetls =  1.96302096E-7,  -1.77830856E-7
 951:  warning! max/min of tend_wetls =  1.96302096E-7,  -1.77830856E-7
2320:  warning! max/min of tend_wetls =  6.31593505E-14,  -5.05274804E-14
2320:  warning! max/min of tend_wetls =  6.31593505E-14,  -5.05274804E-14
2320:  warning! max/min of tend_wetls =  6.31593505E-14,  -5.05274804E-14
2320:  warning! max/min of tend_wetls =  6.31593505E-14,  -5.05274804E-14
3030:  warning! max/min of tend_wetls =  2.78999396E-5,  -9.42183833E-5
1468:  warning! max/min of tend_wetls =  1.76846179E-12,  -1.01054961E-12
1468:  warning! max/min of tend_wetls =  1.76846179E-12,  -1.01054961E-12
3030:  warning! max/min of tend_wetls =  2.78999396E-5,  -9.42183833E-5
1468:  warning! max/min of tend_wetls =  1.76846179E-12,  -1.01054961E-12
1468:  warning! max/min of tend_wetls =  1.76846179E-12,  -1.01054961E-12
3030:  warning! max/min of tend_wetls =  2.78999396E-5,  -9.42183833E-5
1783:  warning! max/min of tend_wetls =  8.76999054E-18,  -1.2624931E-17
3030:  warning! max/min of tend_wetls =  2.78999396E-5,  -9.42183833E-5
1783:  warning! max/min of tend_wetls =  8.76999054E-18,  -1.2624931E-17
3259:  warning! max/min of tend_wetls =  7.07384726E-13,  -1.11160452E-12
3259:  warning! max/min of tend_wetls =  7.07384726E-13,  -1.11160452E-12
1783:  warning! max/min of tend_wetls =  8.76999054E-18,  -1.2624931E-17
3259:  warning! max/min of tend_wetls =  7.07384726E-13,  -1.11160452E-12
1783:  warning! max/min of tend_wetls =  8.76999054E-18,  -1.2624931E-17
3259:  warning! max/min of tend_wetls =  7.07384726E-13,  -1.11160452E-12
2893:  warning! max/min of tend_wetls =  1.06714038E-9,  -1.28784439E-9
1045:  warning! max/min of tend_wetls =  2.36847564E-15,  -1.18423782E-15
 423:  warning! max/min of tend_wetls =  3.45402698E-16,  -6.90805396E-16
2893:  warning! max/min of tend_wetls =  1.06714038E-9,  -1.28784439E-9
1045:  warning! max/min of tend_wetls =  2.36847564E-15,  -1.18423782E-15
 423:  warning! max/min of tend_wetls =  3.45402698E-16,  -6.90805396E-16
2893:  warning! max/min of tend_wetls =  1.06714038E-9,  -1.28784439E-9
1045:  warning! max/min of tend_wetls =  2.36847564E-15,  -1.18423782E-15
 423:  warning! max/min of tend_wetls =  3.45402698E-16,  -6.90805396E-16
 423:  warning! max/min of tend_wetls =  3.45402698E-16,  -6.90805396E-16
2893:  warning! max/min of tend_wetls =  1.06714038E-9,  -1.28784439E-9
1045:  warning! max/min of tend_wetls =  2.36847564E-15,  -1.18423782E-15
2533:  warning! max/min of tend_wetls =  3.8400884E-12,  -4.90116541E-12
 326:  warning! max/min of tend_wetls =  6.68482585E-7,  -5.92683307E-7
2506:  warning! max/min of tend_wetls =  3.6632424E-13,  -5.00537871E-13
2506:  warning! max/min of tend_wetls =  3.6632424E-13,  -5.00537871E-13
2533:  warning! max/min of tend_wetls =  3.8400884E-12,  -4.90116541E-12
 326:  warning! max/min of tend_wetls =  6.68482585E-7,  -5.92683307E-7
2506:  warning! max/min of tend_wetls =  3.6632424E-13,  -5.00537871E-13
 762:  warning! max/min of tend_wetls =  1.69448955E-9,  -1.26925026E-9
2506:  warning! max/min of tend_wetls =  3.6632424E-13,  -5.00537871E-13
2533:  warning! max/min of tend_wetls =  3.8400884E-12,  -4.90116541E-12
 762:  warning! max/min of tend_wetls =  1.69448955E-9,  -1.26925026E-9
 326:  warning! max/min of tend_wetls =  6.68482585E-7,  -5.92683307E-7
2165:  warning! max/min of tend_wetls =  8.88178367E-16,  -6.90805396E-16
 762:  warning! max/min of tend_wetls =  1.69448955E-9,  -1.26925026E-9
2338:  warning! max/min of tend_wetls =  7.89491882E-16,  -1.01153649E-15
2338:  warning! max/min of tend_wetls =  7.89491882E-16,  -1.01153649E-15
2338:  warning! max/min of tend_wetls =  7.89491882E-16,  -1.01153649E-15
1912:  warning! max/min of tend_wetls =  1.31067992E-17,  -1.8503716E-17
1984:  warning! max/min of tend_wetls =  1.26318701E-13,  -1.37371587E-13
2533:  warning! max/min of tend_wetls =  3.8400884E-12,  -4.90116541E-12
2338:  warning! max/min of tend_wetls =  7.89491882E-16,  -1.01153649E-15
2165:  warning! max/min of tend_wetls =  8.88178367E-16,  -6.90805396E-16
 762:  warning! max/min of tend_wetls =  1.69448955E-9,  -1.26925026E-9
 326:  warning! max/min of tend_wetls =  6.68482585E-7,  -5.92683307E-7
1912:  warning! max/min of tend_wetls =  1.31067992E-17,  -1.8503716E-17
1984:  warning! max/min of tend_wetls =  1.26318701E-13,  -1.37371587E-13
2165:  warning! max/min of tend_wetls =  8.88178367E-16,  -6.90805396E-16
1984:  warning! max/min of tend_wetls =  1.26318701E-13,  -1.37371587E-13
1912:  warning! max/min of tend_wetls =  1.31067992E-17,  -1.8503716E-17
2165:  warning! max/min of tend_wetls =  8.88178367E-16,  -6.90805396E-16
1984:  warning! max/min of tend_wetls =  1.26318701E-13,  -1.37371587E-13
1912:  warning! max/min of tend_wetls =  1.31067992E-17,  -1.8503716E-17
 947:  warning! max/min of tend_wetls =  2.23351844E-6,  -1.95572557E-6
 983:  warning! max/min of tend_wetls =  1.9737297E-16,  -3.70074306E-16
 947:  warning! max/min of tend_wetls =  2.23351844E-6,  -1.95572557E-6
 983:  warning! max/min of tend_wetls =  1.9737297E-16,  -3.70074306E-16
 983:  warning! max/min of tend_wetls =  1.9737297E-16,  -3.70074306E-16
 947:  warning! max/min of tend_wetls =  2.23351844E-6,  -1.95572557E-6
2591:  warning! max/min of tend_wetls =  3.52930374E-23,  -1.20584546E-22
 947:  warning! max/min of tend_wetls =  2.23351844E-6,  -1.95572557E-6
 983:  warning! max/min of tend_wetls =  1.9737297E-16,  -3.70074306E-16
2591:  warning! max/min of tend_wetls =  3.52930374E-23,  -1.20584546E-22
2591:  warning! max/min of tend_wetls =  3.52930374E-23,  -1.20584546E-22
 901:  warning! max/min of tend_wetls =  4.81867603E-20,  -2.04793738E-19
2591:  warning! max/min of tend_wetls =  3.52930374E-23,  -1.20584546E-22
2432:  warning! max/min of tend_wetls =  2.22044592E-16,  -1.85037153E-16
 901:  warning! max/min of tend_wetls =  4.81867603E-20,  -2.04793738E-19
2432:  warning! max/min of tend_wetls =  2.22044592E-16,  -1.85037153E-16
2432:  warning! max/min of tend_wetls =  2.22044592E-16,  -1.85037153E-16
2432:  warning! max/min of tend_wetls =  2.22044592E-16,  -1.85037153E-16
 901:  warning! max/min of tend_wetls =  4.81867603E-20,  -2.04793738E-19
 901:  warning! max/min of tend_wetls =  4.81867603E-20,  -2.04793738E-19
3637:  warning! max/min of tend_wetls =  7.76102099E-11,  -5.33570202E-11
3637:  warning! max/min of tend_wetls =  7.76102099E-11,  -5.33570202E-11
3637:  warning! max/min of tend_wetls =  7.76102099E-11,  -5.33570202E-11
3637:  warning! max/min of tend_wetls =  7.76102099E-11,  -5.33570202E-11
 896:  warning! max/min of tend_wetls =  2.46716213E-16,  -8.38835151E-16
 896:  warning! max/min of tend_wetls =  2.46716213E-16,  -8.38835151E-16
 896:  warning! max/min of tend_wetls =  2.46716213E-16,  -8.38835151E-16
 316:  warning! max/min of tend_wetls =  3.08395266E-17,  -4.93432426E-17
 316:  warning! max/min of tend_wetls =  3.08395266E-17,  -4.93432426E-17
 316:  warning! max/min of tend_wetls =  3.08395266E-17,  -4.93432426E-17
 316:  warning! max/min of tend_wetls =  3.08395266E-17,  -4.93432426E-17
 896:  warning! max/min of tend_wetls =  2.46716213E-16,  -8.38835151E-16
3523:  warning! max/min of tend_wetls =  5.69141512E-10,  -4.1392112E-10
3523:  warning! max/min of tend_wetls =  5.69141512E-10,  -4.1392112E-10
3523:  warning! max/min of tend_wetls =  5.69141512E-10,  -4.1392112E-10
3523:  warning! max/min of tend_wetls =  5.69141512E-10,  -4.1392112E-10
3496:  warning! max/min of tend_wetls =  4.73691307E-6,  -3.92107495E-6
3496:  warning! max/min of tend_wetls =  4.73691307E-6,  -3.92107495E-6
3496:  warning! max/min of tend_wetls =  4.73691307E-6,  -3.92107495E-6
3496:  warning! max/min of tend_wetls =  4.73691307E-6,  -3.92107495E-6
 355:  warning! max/min of tend_wetls =  4.59544757E-25,  -1.07055549E-21
 355:  warning! max/min of tend_wetls =  4.59544757E-25,  -1.07055549E-21
 355:  warning! max/min of tend_wetls =  4.59544757E-25,  -1.07055549E-21
 355:  warning! max/min of tend_wetls =  4.59544757E-25,  -1.07055549E-21
1746:  warning! max/min of tend_wetls =  2.8043155E-7,  -1.88282371E-7
1746:  warning! max/min of tend_wetls =  2.8043155E-7,  -1.88282371E-7
1746:  warning! max/min of tend_wetls =  2.8043155E-7,  -1.88282371E-7
1746:  warning! max/min of tend_wetls =  2.8043155E-7,  -1.88282371E-7
3131:  warning! max/min of tend_wetls =  1.61687937E-11,  -4.94032454E-11
3131:  warning! max/min of tend_wetls =  1.61687937E-11,  -4.94032454E-11
3131:  warning! max/min of tend_wetls =  1.61687937E-11,  -4.94032454E-11
3131:  warning! max/min of tend_wetls =  1.61687937E-11,  -4.94032454E-11
 558:  warning! max/min of tend_wetls =  4.06645162E-10,  -5.42740908E-10
 558:  warning! max/min of tend_wetls =  4.06645162E-10,  -5.42740908E-10
 558:  warning! max/min of tend_wetls =  4.06645162E-10,  -5.42740908E-10
 992:  warning! max/min of tend_wetls =  5.22049903E-10,  -4.25694036E-10
 992:  warning! max/min of tend_wetls =  5.22049903E-10,  -4.25694036E-10
 992:  warning! max/min of tend_wetls =  5.22049903E-10,  -4.25694036E-10
 248:  warning! max/min of tend_wetls =  1.68842629E-9,  -2.79750445E-9
 248:  warning! max/min of tend_wetls =  1.68842629E-9,  -2.79750445E-9
 992:  warning! max/min of tend_wetls =  5.22049903E-10,  -4.25694036E-10
 558:  warning! max/min of tend_wetls =  4.06645162E-10,  -5.42740908E-10
 248:  warning! max/min of tend_wetls =  1.68842629E-9,  -2.79750445E-9
 248:  warning! max/min of tend_wetls =  1.68842629E-9,  -2.79750445E-9
 372:  warning! max/min of tend_wetls =  1.3877787E-17,  -2.39006327E-17
3633:  warning! max/min of tend_wetls =  1.07938343E-17,  -3.08395266E-17
3633:  warning! max/min of tend_wetls =  1.07938343E-17,  -3.08395266E-17
3633:  warning! max/min of tend_wetls =  1.07938343E-17,  -3.08395266E-17
3633:  warning! max/min of tend_wetls =  1.38429126E-8,  -3.61421044E-8
 992:  warning! max/min of tend_wetls =  5.53376955E-10,  -4.26325614E-10
 992:  warning! max/min of tend_wetls =  5.53376955E-10,  -4.26325614E-10
 992:  warning! max/min of tend_wetls =  5.53376955E-10,  -4.26325614E-10
 372:  warning! max/min of tend_wetls =  2.5351051E-8,  -5.65649074E-8
 248:  warning! max/min of tend_wetls =  7.26332514E-14,  -1.23259421E-13
 372:  warning! max/min of tend_wetls =  2.5351051E-8,  -5.65649074E-8
 372:  warning! max/min of tend_wetls =  2.5351051E-8,  -5.65649074E-8
 248:  warning! max/min of tend_wetls =  7.26332514E-14,  -1.23259421E-13
 992:  warning! max/min of tend_wetls =  5.53376955E-10,  -4.26325614E-10
 248:  warning! max/min of tend_wetls =  7.26332514E-14,  -1.23259421E-13
 558:  warning! max/min of tend_wetls =  4.06443046E-10,  -5.41023004E-10
 558:  warning! max/min of tend_wetls =  4.06443046E-10,  -5.41023004E-10
 558:  warning! max/min of tend_wetls =  4.06443046E-10,  -5.41023004E-10
 372:  warning! max/min of tend_wetls =  2.5351051E-8,  -5.65649074E-8
 248:  warning! max/min of tend_wetls =  7.26332514E-14,  -1.23259421E-13
 558:  warning! max/min of tend_wetls =  4.06443046E-10,  -5.41023004E-10
3633:  warning! max/min of tend_wetls =  1.48979264E-8,  -3.61421044E-8
3633:  warning! max/min of tend_wetls =  1.48979264E-8,  -3.61421044E-8
3633:  warning! max/min of tend_wetls =  1.48979264E-8,  -3.61421044E-8
3633:  warning! max/min of tend_wetls =  1.48979264E-8,  -3.53967238E-8
3530:  warning! max/min of tend_wetls =  7.07384726E-13,  -9.22126524E-13
3530:  warning! max/min of tend_wetls =  7.07384726E-13,  -9.22126524E-13
3530:  warning! max/min of tend_wetls =  7.07384726E-13,  -9.22126524E-13
3530:  warning! max/min of tend_wetls =  7.07384726E-13,  -9.22126524E-13
 372:  warning! max/min of tend_wetls =  2.6258121E-8,  -5.67362974E-8
 372:  warning! max/min of tend_wetls =  2.6258121E-8,  -5.67362974E-8
 372:  warning! max/min of tend_wetls =  2.6258121E-8,  -5.67362974E-8
 558:  warning! max/min of tend_wetls =  1.99886718E-10,  -1.92433916E-10
 558:  warning! max/min of tend_wetls =  1.99886718E-10,  -1.92433916E-10
 558:  warning! max/min of tend_wetls =  1.99886718E-10,  -1.92433916E-10
 372:  warning! max/min of tend_wetls =  2.72646279E-8,  -5.67362974E-8
 558:  warning! max/min of tend_wetls =  1.99886718E-10,  -1.92433916E-10
 992:  warning! max/min of tend_wetls =  5.53376955E-10,  -4.26325614E-10
 992:  warning! max/min of tend_wetls =  5.21746757E-10,  -4.26325614E-10
 992:  warning! max/min of tend_wetls =  5.21746757E-10,  -4.26325614E-10
 248:  warning! max/min of tend_wetls =  2.74101475E-9,  -6.03419403E-9
 248:  warning! max/min of tend_wetls =  2.74101475E-9,  -6.03419403E-9
 248:  warning! max/min of tend_wetls =  2.74101475E-9,  -6.03419403E-9
 248:  warning! max/min of tend_wetls =  2.74101475E-9,  -6.03419403E-9
3633:  warning! max/min of tend_wetls =  1.47807029E-8,  -2.03993586E-8
3633:  warning! max/min of tend_wetls =  1.47807029E-8,  -2.03993586E-8
3633:  warning! max/min of tend_wetls =  1.47807029E-8,  -2.03993586E-8
3633:  warning! max/min of tend_wetls =  1.47807029E-8,  -2.03993586E-8
2263:  warning! max/min of tend_wetls =  4.81867603E-20,  -8.67361686E-19
2263:  warning! max/min of tend_wetls =  4.81867603E-20,  -8.67361686E-19
2263:  warning! max/min of tend_wetls =  4.81867603E-20,  -8.67361686E-19
2263:  warning! max/min of tend_wetls =  4.81867603E-20,  -8.67361686E-19
 372:  warning! max/min of tend_wetls =  2.72646279E-8,  -5.3463733E-8
 372:  warning! max/min of tend_wetls =  2.72646279E-8,  -5.3463733E-8
 372:  warning! max/min of tend_wetls =  2.72646279E-8,  -5.3463733E-8
 372:  warning! max/min of tend_wetls =  2.51796628E-8,  -3.94211348E-8
3633:  warning! max/min of tend_wetls =  1.50046411E-8,  -3.53352831E-8
3633:  warning! max/min of tend_wetls =  1.50046411E-8,  -3.53352831E-8
3633:  warning! max/min of tend_wetls =  1.50046411E-8,  -3.53352831E-8
3633:  warning! max/min of tend_wetls =  1.50046411E-8,  -3.53352831E-8
3139:  warning! max/min of tend_wetls =  3.96135451E-11,  -1.46327589E-10
3139:  warning! max/min of tend_wetls =  3.96135451E-11,  -1.46327589E-10
3139:  warning! max/min of tend_wetls =  3.96135451E-11,  -1.46327589E-10
3139:  warning! max/min of tend_wetls =  3.96135451E-11,  -1.46327589E-10
3591:  warning! max/min of tend_wetls =  1.94350869E-4,  -2.3399292E-4
3591:  warning! max/min of tend_wetls =  1.94350869E-4,  -2.3399292E-4
3591:  warning! max/min of tend_wetls =  1.94350869E-4,  -2.3399292E-4
3591:  warning! max/min of tend_wetls =  1.94350869E-4,  -2.3399292E-4
 372:  warning! max/min of tend_wetls =  3.2096672E-8,  -6.13476345E-8
 372:  warning! max/min of tend_wetls =  3.2096672E-8,  -6.13476345E-8
 372:  warning! max/min of tend_wetls =  3.2096672E-8,  -6.13476345E-8
 372:  warning! max/min of tend_wetls =  3.2096672E-8,  -6.13476345E-8
1581:  warning! max/min of tend_wetls =  2.3129645E-18,  -1.6383499E-18
1581:  warning! max/min of tend_wetls =  2.3129645E-18,  -1.6383499E-18
1581:  warning! max/min of tend_wetls =  2.3129645E-18,  -1.6383499E-18
1581:  warning! max/min of tend_wetls =  2.3129645E-18,  -1.6383499E-18
1710:  warning! max/min of tend_wetls =  7.70988166E-19,  -7.22801379E-19
1710:  warning! max/min of tend_wetls =  7.70988166E-19,  -7.22801379E-19
1710:  warning! max/min of tend_wetls =  7.70988166E-19,  -7.22801379E-19
1710:  warning! max/min of tend_wetls =  7.70988166E-19,  -7.22801379E-19
 124:  warning! max/min of tend_wetls =  1.15648225E-18,  -1.0994193E-18
 124:  warning! max/min of tend_wetls =  1.15648225E-18,  -1.0994193E-18
 124:  warning! max/min of tend_wetls =  1.15648225E-18,  -1.0994193E-18
 124:  warning! max/min of tend_wetls =  1.15648225E-18,  -1.0994193E-18
1992:  warning! max/min of tend_wetls =  1.10528863E-14,  -1.08555133E-14
1992:  warning! max/min of tend_wetls =  1.10528863E-14,  -1.08555133E-14
1992:  warning! max/min of tend_wetls =  1.10528863E-14,  -1.08555133E-14
1992:  warning! max/min of tend_wetls =  1.10528863E-14,  -1.08555133E-14
 689:  warning! max/min of tend_wetls =  1.38161079E-15,  -5.1810405E-15
 689:  warning! max/min of tend_wetls =  1.38161079E-15,  -5.1810405E-15
 689:  warning! max/min of tend_wetls =  1.38161079E-15,  -5.1810405E-15
 689:  warning! max/min of tend_wetls =  1.38161079E-15,  -5.1810405E-15
 442:  warning! max/min of tend_wetls =  6.31593505E-15,  -6.31593505E-15
 442:  warning! max/min of tend_wetls =  6.31593505E-15,  -6.31593505E-15
 442:  warning! max/min of tend_wetls =  6.31593505E-15,  -6.31593505E-15
 442:  warning! max/min of tend_wetls =  6.31593505E-15,  -6.31593505E-15
2993:  warning! max/min of tend_wetls =  3.79819602E-14,  -4.10535795E-14
2993:  warning! max/min of tend_wetls =  3.79819602E-14,  -4.10535795E-14
2993:  warning! max/min of tend_wetls =  3.79819602E-14,  -4.10535795E-14
2993:  warning! max/min of tend_wetls =  3.79819602E-14,  -4.36163421E-14
2821:  warning! max/min of tend_wetls =  1.57898376E-15,  -1.57898376E-15
2821:  warning! max/min of tend_wetls =  1.57898376E-15,  -1.57898376E-15
2821:  warning! max/min of tend_wetls =  1.57898376E-15,  -1.57898376E-15
2821:  warning! max/min of tend_wetls =  1.57898376E-15,  -1.57898376E-15
1729:  warning! max/min of tend_wetls =  2.62425999E-7,  -2.15484746E-7
1729:  warning! max/min of tend_wetls =  2.62425999E-7,  -2.15484746E-7
1729:  warning! max/min of tend_wetls =  2.62425999E-7,  -2.15484746E-7
1729:  warning! max/min of tend_wetls =  2.62425999E-7,  -2.15484746E-7
3131:  warning! max/min of tend_wetls =  1.38161079E-15,  -1.28292436E-15
3131:  warning! max/min of tend_wetls =  1.38161079E-15,  -1.28292436E-15
3131:  warning! max/min of tend_wetls =  1.38161079E-15,  -1.28292436E-15
3131:  warning! max/min of tend_wetls =  1.38161079E-15,  -1.28292436E-15
1729:  warning! max/min of tend_wetls =  2*0.
1729:  warning! max/min of tend_wetls =  2*0.
3572:  warning! max/min of tend_wetls =  1.98067725E-11,  -3.07207072E-11
3572:  warning! max/min of tend_wetls =  1.98067725E-11,  -3.07207072E-11
3572:  warning! max/min of tend_wetls =  1.98067725E-11,  -3.07207072E-11
3572:  warning! max/min of tend_wetls =  1.98067725E-11,  -3.07207072E-11
 465:  warning! max/min of tend_wetls =  6.74614645E-19,  -7.10754735E-19
 465:  warning! max/min of tend_wetls =  6.74614645E-19,  -7.10754735E-19
 465:  warning! max/min of tend_wetls =  6.74614645E-19,  -7.10754735E-19
 465:  warning! max/min of tend_wetls =  6.74614645E-19,  -7.10754735E-19
1980:  warning! max/min of tend_wetls =  5.91701886E-4,  -8.98202183E-4
1980:  warning! max/min of tend_wetls =  5.91701886E-4,  -8.98202183E-4
1980:  warning! max/min of tend_wetls =  5.91701886E-4,  -8.98202183E-4
1980:  warning! max/min of tend_wetls =  5.91701886E-4,  -8.98202183E-4
1773:  warning! max/min of tend_wetls =  5.36854496E-14,  -7.73702052E-14
1773:  warning! max/min of tend_wetls =  5.36854496E-14,  -7.73702052E-14
1773:  warning! max/min of tend_wetls =  5.36854496E-14,  -7.73702052E-14
1773:  warning! max/min of tend_wetls =  5.36854496E-14,  -7.73702052E-14
1235:  warning! max/min of tend_wetls =  1.3877787E-17,  -2.01320436E-14
1235:  warning! max/min of tend_wetls =  1.3877787E-17,  -2.01320436E-14
1235:  warning! max/min of tend_wetls =  1.3877787E-17,  -2.01320436E-14
1235:  warning! max/min of tend_wetls =  1.3877787E-17,  -2.01320436E-14
3485:  warning! max/min of tend_wetls =  9.86864852E-16,  -1.03620812E-15
3485:  warning! max/min of tend_wetls =  9.86864852E-16,  -1.03620812E-15
3485:  warning! max/min of tend_wetls =  9.86864852E-16,  -1.03620812E-15
3485:  warning! max/min of tend_wetls =  9.86864852E-16,  -1.03620812E-15
1445:  warning! max/min of tend_wetls =  5.84350277E-11,  -6.31372454E-11
1445:  warning! max/min of tend_wetls =  5.84350277E-11,  -6.31372454E-11
1445:  warning! max/min of tend_wetls =  5.84350277E-11,  -6.31372454E-11
1445:  warning! max/min of tend_wetls =  5.84350277E-11,  -6.31372454E-11
2449:  warning! max/min of tend_wetls =  1.38161079E-15,  -1.28292436E-15
2449:  warning! max/min of tend_wetls =  1.38161079E-15,  -1.28292436E-15
2449:  warning! max/min of tend_wetls =  1.38161079E-15,  -1.28292436E-15
2449:  warning! max/min of tend_wetls =  1.38161079E-15,  -1.28292436E-15
3519:  warning! max/min of tend_wetls =  4.75181423E-6,  -4.56389444E-6
3519:  warning! max/min of tend_wetls =  4.75181423E-6,  -4.56389444E-6
3519:  warning! max/min of tend_wetls =  4.75181423E-6,  -4.56389444E-6
3519:  warning! max/min of tend_wetls =  4.75181423E-6,  -4.56389444E-6
1691:  warning! max/min of tend_wetls =  2.44989203E-14,  -4.01330174E-14
1691:  warning! max/min of tend_wetls =  2.44989203E-14,  -4.01330174E-14
1691:  warning! max/min of tend_wetls =  2.44989203E-14,  -4.01330174E-14
1691:  warning! max/min of tend_wetls =  2.44989203E-14,  -4.01330174E-14
1202:  warning! max/min of tend_wetls =  6.35161939E-7,  -4.01089551E-7
1202:  warning! max/min of tend_wetls =  6.35161939E-7,  -4.01089551E-7
1202:  warning! max/min of tend_wetls =  6.35161939E-7,  -4.01089551E-7
1202:  warning! max/min of tend_wetls =  6.35161939E-7,  -4.01089551E-7
 620:  warning! max/min of tend_wetls =  2.50212073E-9,  -3.44172979E-9
 620:  warning! max/min of tend_wetls =  2.50212073E-9,  -3.44172979E-9
 620:  warning! max/min of tend_wetls =  2.50212073E-9,  -3.44172979E-9
 620:  warning! max/min of tend_wetls =  2.50212073E-9,  -3.44172979E-9
1202:  warning! max/min of tend_wetls =  2.21344322E-7,  -1.91839504E-7
1202:  warning! max/min of tend_wetls =  2.21344322E-7,  -1.91839504E-7
1003:  warning! max/min of tend_wetls =  6.13282358E-9,  -7.18214022E-9
1003:  warning! max/min of tend_wetls =  6.13282358E-9,  -7.18214022E-9
1003:  warning! max/min of tend_wetls =  6.13282358E-9,  -7.18214022E-9
1003:  warning! max/min of tend_wetls =  6.13282358E-9,  -7.18214022E-9
 182:  warning! max/min of tend_wetls =  2.89577898E-3,  -1.72159402E-3
 182:  warning! max/min of tend_wetls =  2.89577898E-3,  -1.72159402E-3
 182:  warning! max/min of tend_wetls =  2.89577898E-3,  -1.72159402E-3
 182:  warning! max/min of tend_wetls =  2.89577898E-3,  -1.72159402E-3
 182:  warning! max/min of tend_wetls =  2.89747422E-3,  -4.81345877E-3
 182:  warning! max/min of tend_wetls =  2.89747422E-3,  -4.81345877E-3
 182:  warning! max/min of tend_wetls =  2.89747422E-3,  -4.81345877E-3
 182:  warning! max/min of tend_wetls =  2.89747422E-3,  -4.81345877E-3
1449:  warning! max/min of tend_wetls =  9.86864852E-17,  -1.41861819E-16
1449:  warning! max/min of tend_wetls =  9.86864852E-17,  -1.41861819E-16
1449:  warning! max/min of tend_wetls =  9.86864852E-17,  -1.41861819E-16
1449:  warning! max/min of tend_wetls =  9.86864852E-17,  -1.41861819E-16
 744:  warning! max/min of tend_wetls =  8.8663637E-18,  -1.25285578E-17
 744:  warning! max/min of tend_wetls =  8.8663637E-18,  -1.25285578E-17
 744:  warning! max/min of tend_wetls =  8.8663637E-18,  -1.25285578E-17
 744:  warning! max/min of tend_wetls =  8.8663637E-18,  -1.25285578E-17
3596:  warning! max/min of tend_wetls =  4.81867603E-19,  -5.78241104E-18
3596:  warning! max/min of tend_wetls =  4.81867603E-19,  -5.78241104E-18
3596:  warning! max/min of tend_wetls =  4.81867603E-19,  -5.78241104E-18
3596:  warning! max/min of tend_wetls =  4.81867603E-19,  -5.78241104E-18
 878:  warning! max/min of tend_wetls =  8.84230907E-14,  -1.70530243E-13
 878:  warning! max/min of tend_wetls =  8.84230907E-14,  -1.70530243E-13
 878:  warning! max/min of tend_wetls =  8.84230907E-14,  -1.70530243E-13
 878:  warning! max/min of tend_wetls =  8.84230907E-14,  -1.70530243E-13
 279:  warning! max/min of tend_wetls =  1.54197633E-18,  -1.51788294E-18
 279:  warning! max/min of tend_wetls =  1.54197633E-18,  -1.51788294E-18
 279:  warning! max/min of tend_wetls =  1.54197633E-18,  -1.51788294E-18
 279:  warning! max/min of tend_wetls =  1.54197633E-18,  -1.51788294E-18
3155:  warning! max/min of tend_wetls =  7.76619515E-8,  -4.15279295E-8
3155:  warning! max/min of tend_wetls =  7.76619515E-8,  -4.15279295E-8
3155:  warning! max/min of tend_wetls =  7.76619515E-8,  -4.15279295E-8
3155:  warning! max/min of tend_wetls =  7.76619515E-8,  -4.15279295E-8
2286:  warning! max/min of tend_wetls =  7.83966607E-6,  -1.06837178E-5
2286:  warning! max/min of tend_wetls =  7.83966607E-6,  -1.06837178E-5
2286:  warning! max/min of tend_wetls =  7.83966607E-6,  -1.06837178E-5
2286:  warning! max/min of tend_wetls =  7.83966607E-6,  -1.06837178E-5
1374:  warning! max/min of tend_wetls =  2.96059456E-16,  -3.2073109E-16
1374:  warning! max/min of tend_wetls =  2.96059456E-16,  -3.2073109E-16
1374:  warning! max/min of tend_wetls =  2.96059456E-16,  -3.2073109E-16
1374:  warning! max/min of tend_wetls =  2.96059456E-16,  -3.2073109E-16
2636:  warning! max/min of tend_wetls =  1.23358106E-16,  -1.37235894E-16
2636:  warning! max/min of tend_wetls =  1.23358106E-16,  -1.37235894E-16
2636:  warning! max/min of tend_wetls =  1.23358106E-16,  -1.37235894E-16
2636:  warning! max/min of tend_wetls =  1.23358106E-16,  -1.37235894E-16
 668:  warning! max/min of tend_wetls =  1.36424194E-12,  -1.41043034E-13
 668:  warning! max/min of tend_wetls =  1.36424194E-12,  -1.41043034E-13
 668:  warning! max/min of tend_wetls =  1.36424194E-12,  -1.41043034E-13
 668:  warning! max/min of tend_wetls =  1.36424194E-12,  -1.41043034E-13
 442:  warning! max/min of tend_wetls =  2.37839072E-6,  -3.32440754E-6
 442:  warning! max/min of tend_wetls =  2.37839072E-6,  -3.32440754E-6
 442:  warning! max/min of tend_wetls =  2.37839072E-6,  -3.32440754E-6
 442:  warning! max/min of tend_wetls =  2.37839072E-6,  -3.32440754E-6
1141:  warning! max/min of tend_wetls =  4.00913863E-17,  -4.47173144E-17
1141:  warning! max/min of tend_wetls =  4.00913863E-17,  -4.47173144E-17
1141:  warning! max/min of tend_wetls =  4.00913863E-17,  -4.47173144E-17
1141:  warning! max/min of tend_wetls =  4.00913863E-17,  -4.47173144E-17
2198:  warning! max/min of tend_wetls =  1.29772552E-5,  -2.48518245E-5
2198:  warning! max/min of tend_wetls =  1.29772552E-5,  -2.48518245E-5
2198:  warning! max/min of tend_wetls =  1.29772552E-5,  -2.48518245E-5
2198:  warning! max/min of tend_wetls =  1.29772552E-5,  -2.48518245E-5
2660:  warning! max/min of tend_wetls =  8.96656616E-8,  -1.8329591E-7
2660:  warning! max/min of tend_wetls =  8.96656616E-8,  -1.8329591E-7
2660:  warning! max/min of tend_wetls =  8.96656616E-8,  -1.8329591E-7
2660:  warning! max/min of tend_wetls =  8.96656616E-8,  -1.8329591E-7
1710:  warning! max/min of tend_wetls =  3.85494083E-19,  -7.70988166E-19
1710:  warning! max/min of tend_wetls =  3.85494083E-19,  -7.70988166E-19
1710:  warning! max/min of tend_wetls =  3.85494083E-19,  -7.70988166E-19
1710:  warning! max/min of tend_wetls =  3.85494083E-19,  -7.70988166E-19
1398:  warning! max/min of tend_wetls =  6.16790532E-18,  -8.48086941E-18
1398:  warning! max/min of tend_wetls =  6.16790532E-18,  -8.48086941E-18
1398:  warning! max/min of tend_wetls =  6.16790532E-18,  -8.48086941E-18
1398:  warning! max/min of tend_wetls =  6.16790532E-18,  -8.48086941E-18
1581:  warning! max/min of tend_wetls =  1.05408538E-20,  -8.28209935E-20
1581:  warning! max/min of tend_wetls =  1.05408538E-20,  -8.28209935E-20
1581:  warning! max/min of tend_wetls =  1.05408538E-20,  -8.28209935E-20
1581:  warning! max/min of tend_wetls =  1.05408538E-20,  -8.28209935E-20
1546:  warning! max/min of tend_wetls =  1.58581194E-2,  -3.22909877E-2
1546:  warning! max/min of tend_wetls =  1.58581194E-2,  -3.22909877E-2
1546:  warning! max/min of tend_wetls =  1.58581194E-2,  -3.22909877E-2
1546:  warning! max/min of tend_wetls =  1.58581194E-2,  -3.22909877E-2
 899:  warning! max/min of tend_wetls =  1.00228466E-17,  -5.20417001E-18
 899:  warning! max/min of tend_wetls =  1.00228466E-17,  -5.20417001E-18
 899:  warning! max/min of tend_wetls =  1.00228466E-17,  -5.20417001E-18
 899:  warning! max/min of tend_wetls =  1.00228466E-17,  -5.20417001E-18
 248:  warning! max/min of tend_wetls =  2.69845858E-18,  -4.95721317E-18
 248:  warning! max/min of tend_wetls =  2.69845858E-18,  -4.95721317E-18
 248:  warning! max/min of tend_wetls =  2.69845858E-18,  -4.95721317E-18
 248:  warning! max/min of tend_wetls =  2.69845858E-18,  -4.95721317E-18
 659:  warning! max/min of tend_wetls =  3.42422049E-4,  -4.96698718E-4
 659:  warning! max/min of tend_wetls =  3.42422049E-4,  -4.96698718E-4
 659:  warning! max/min of tend_wetls =  3.42422049E-4,  -4.96698718E-4
 659:  warning! max/min of tend_wetls =  3.42422049E-4,  -4.96698718E-4
 182:  warning! max/min of tend_wetls =  8.03006941E-8,  -2.21033872E-7
 182:  warning! max/min of tend_wetls =  8.03006941E-8,  -2.21033872E-7
 182:  warning! max/min of tend_wetls =  8.03006941E-8,  -2.21033872E-7
 182:  warning! max/min of tend_wetls =  8.03006941E-8,  -2.21033872E-7
1464:  warning! max/min of tend_wetls =  1.26318701E-14,  -7.10542693E-15
1464:  warning! max/min of tend_wetls =  1.26318701E-14,  -7.10542693E-15
1464:  warning! max/min of tend_wetls =  1.26318701E-14,  -7.10542693E-15
1464:  warning! max/min of tend_wetls =  1.26318701E-14,  -7.10542693E-15
2924:  warning! max/min of tend_wetls =  3.45402698E-16,  -3.4130105E-14
2924:  warning! max/min of tend_wetls =  3.45402698E-16,  -3.4130105E-14
2924:  warning! max/min of tend_wetls =  3.45402698E-16,  -3.4130105E-14
2924:  warning! max/min of tend_wetls =  3.45402698E-16,  -3.4130105E-14
1631:  warning! max/min of tend_wetls =  6.40554233E-12,  -1.19284331E-11
1631:  warning! max/min of tend_wetls =  6.40554233E-12,  -1.19284331E-11
1631:  warning! max/min of tend_wetls =  6.40554233E-12,  -1.19284331E-11
1631:  warning! max/min of tend_wetls =  6.40554233E-12,  -1.19284331E-11
1731:  warning! max/min of tend_wetls =  5.15331777E-8,  -1.34343267E-7
1731:  warning! max/min of tend_wetls =  5.15331777E-8,  -1.34343267E-7
1731:  warning! max/min of tend_wetls =  5.15331777E-8,  -1.34343267E-7
1731:  warning! max/min of tend_wetls =  5.15331777E-8,  -1.34343267E-7
1491:  warning! max/min of tend_wetls =  8.22587387E-10,  -8.29358082E-10
1491:  warning! max/min of tend_wetls =  8.22587387E-10,  -8.29358082E-10
1491:  warning! max/min of tend_wetls =  8.22587387E-10,  -8.29358082E-10
1491:  warning! max/min of tend_wetls =  8.22587387E-10,  -8.29358082E-10
1507:  warning! max/min of tend_wetls =  9.03501724E-20,  -1.58112808E-19
1507:  warning! max/min of tend_wetls =  9.03501724E-20,  -1.58112808E-19
1507:  warning! max/min of tend_wetls =  9.03501724E-20,  -1.58112808E-19
1507:  warning! max/min of tend_wetls =  9.03501724E-20,  -1.58112808E-19
2887:  warning! max/min of tend_wetls =  2.02109922E-13,  -3.7895609E-13
2887:  warning! max/min of tend_wetls =  2.02109922E-13,  -3.7895609E-13
2887:  warning! max/min of tend_wetls =  2.02109922E-13,  -3.7895609E-13
2887:  warning! max/min of tend_wetls =  2.02109922E-13,  -3.7895609E-13
2976:  warning! max/min of tend_wetls =  9.86864852E-17,  -6.16790546E-16
2976:  warning! max/min of tend_wetls =  9.86864852E-17,  -6.16790546E-16
2976:  warning! max/min of tend_wetls =  9.86864852E-17,  -6.16790546E-16
2976:  warning! max/min of tend_wetls =  9.86864852E-17,  -6.16790546E-16
3131:  warning! max/min of tend_wetls =  2.76964983E-7,  -2.29344636E-7
3131:  warning! max/min of tend_wetls =  2.76964983E-7,  -2.29344636E-7
3131:  warning! max/min of tend_wetls =  2.76964983E-7,  -2.29344636E-7
3131:  warning! max/min of tend_wetls =  2.76964983E-7,  -2.29344636E-7
1334:  warning! max/min of tend_wetls =  9.86864852E-16,  -9.86864852E-16
1334:  warning! max/min of tend_wetls =  9.86864852E-16,  -9.86864852E-16
1334:  warning! max/min of tend_wetls =  9.86864852E-16,  -9.86864852E-16
1334:  warning! max/min of tend_wetls =  9.86864852E-16,  -9.86864852E-16
  38:  warning! max/min of tend_wetls =  5.34702016E-9,  -3.36957662E-9
  38:  warning! max/min of tend_wetls =  5.34702016E-9,  -3.36957662E-9
  38:  warning! max/min of tend_wetls =  5.34702016E-9,  -3.36957662E-9
  38:  warning! max/min of tend_wetls =  5.34702016E-9,  -3.36957662E-9
   4:  warning! max/min of tend_wetls =  3.78956103E-14,  -3.67113736E-14
   4:  warning! max/min of tend_wetls =  3.78956103E-14,  -3.67113736E-14
   4:  warning! max/min of tend_wetls =  3.78956103E-14,  -3.67113736E-14
   4:  warning! max/min of tend_wetls =  3.78956103E-14,  -3.67113736E-14
3643:  warning! max/min of tend_wetls =  7.80239995E-15,  -6.86218025E-15
3643:  warning! max/min of tend_wetls =  7.80239995E-15,  -6.86218025E-15
3643:  warning! max/min of tend_wetls =  7.80239995E-15,  -6.86218025E-15
3643:  warning! max/min of tend_wetls =  7.80239995E-15,  -6.86218025E-15
3007:  warning! max/min of tend_wetls =  2.90262193E-7,  -3.30037409E-7
3007:  warning! max/min of tend_wetls =  2.90262193E-7,  -3.30037409E-7
3007:  warning! max/min of tend_wetls =  2.90262193E-7,  -3.30037409E-7
3007:  warning! max/min of tend_wetls =  2.90262193E-7,  -3.30037409E-7
   4:  warning! max/min of tend_wetls =  1.28630127E-5,  -1.89242674E-5
   4:  warning! max/min of tend_wetls =  1.28630127E-5,  -1.89242674E-5
   4:  warning! max/min of tend_wetls =  1.28630127E-5,  -1.89242674E-5
   4:  warning! max/min of tend_wetls =  1.28630127E-5,  -1.89242674E-5
 709:  warning! max/min of tend_wetls =  1.05190265E-3,  -1.80212641E-3
 709:  warning! max/min of tend_wetls =  1.05190265E-3,  -1.80212641E-3
 709:  warning! max/min of tend_wetls =  1.05190265E-3,  -1.80212641E-3
 709:  warning! max/min of tend_wetls =  1.05190265E-3,  -1.80212641E-3
3643:  warning! max/min of tend_wetls =  2*0.
3643:  warning! max/min of tend_wetls =  2*0.
 442:  warning! max/min of tend_wetls =  6.31593505E-15,  -5.82250279E-15
 442:  warning! max/min of tend_wetls =  6.31593505E-15,  -5.82250279E-15
 442:  warning! max/min of tend_wetls =  6.31593505E-15,  -5.82250279E-15
 442:  warning! max/min of tend_wetls =  6.31593505E-15,  -5.82250279E-15
2112:  warning! max/min of tend_wetls =  9.20062512E-3,  -9.27734282E-3
2112:  warning! max/min of tend_wetls =  9.20062512E-3,  -9.27734282E-3
2112:  warning! max/min of tend_wetls =  9.20062512E-3,  -9.27734282E-3
2112:  warning! max/min of tend_wetls =  9.20062512E-3,  -9.27734282E-3
2573:  warning! max/min of tend_wetls =  1.54197633E-17,  -3.85494091E-17
2573:  warning! max/min of tend_wetls =  1.54197633E-17,  -3.85494091E-17
2573:  warning! max/min of tend_wetls =  1.54197633E-17,  -3.85494091E-17
 124:  warning! max/min of tend_wetls =  2.82243355E-14,  -2.36354125E-14
2573:  warning! max/min of tend_wetls =  1.54197633E-17,  -3.85494091E-17
 124:  warning! max/min of tend_wetls =  2.82243355E-14,  -2.36354125E-14
 124:  warning! max/min of tend_wetls =  2.82243355E-14,  -2.36354125E-14
 124:  warning! max/min of tend_wetls =  2.82243355E-14,  -2.36354125E-14
2842:  warning! max/min of tend_wetls =  8.19174952E-19,  -1.41808598E-18
2842:  warning! max/min of tend_wetls =  8.19174952E-19,  -1.41808598E-18
2842:  warning! max/min of tend_wetls =  8.19174952E-19,  -1.41808598E-18
2842:  warning! max/min of tend_wetls =  8.19174952E-19,  -1.41808598E-18
2364:  warning! max/min of tend_wetls =  1.31061336E-3,  -4.91830986E-4
2364:  warning! max/min of tend_wetls =  1.31061336E-3,  -4.91830986E-4
2364:  warning! max/min of tend_wetls =  1.31061336E-3,  -4.91830986E-4
2364:  warning! max/min of tend_wetls =  1.31061336E-3,  -4.91830986E-4
2364:  warning! max/min of tend_wetls =  4.06884465E-6,  -3.01996852E-6
2364:  warning! max/min of tend_wetls =  4.06884465E-6,  -3.01996852E-6
2364:  warning! max/min of tend_wetls =  2*0.
 249:  warning! max/min of tend_wetls =  3.80290039E-8,  -3.88956494E-8
 249:  warning! max/min of tend_wetls =  3.80290039E-8,  -3.88956494E-8
 249:  warning! max/min of tend_wetls =  3.80290039E-8,  -3.88956494E-8
 249:  warning! max/min of tend_wetls =  3.80290039E-8,  -3.88956494E-8
2093:  warning! max/min of tend_wetls =  6.87316003E-7,  -5.10041389E-7
2093:  warning! max/min of tend_wetls =  6.87316003E-7,  -5.10041389E-7
2093:  warning! max/min of tend_wetls =  6.87316003E-7,  -5.10041389E-7
2093:  warning! max/min of tend_wetls =  6.87316003E-7,  -5.10041389E-7
1044:  warning! max/min of tend_wetls =  7.64820247E-16,  -7.89491882E-16
1044:  warning! max/min of tend_wetls =  7.64820247E-16,  -7.89491882E-16
1044:  warning! max/min of tend_wetls =  7.64820247E-16,  -7.89491882E-16
1044:  warning! max/min of tend_wetls =  7.64820247E-16,  -7.89491882E-16
3637:  warning! max/min of tend_wetls =  5.52644317E-15,  -2.76322159E-15
3637:  warning! max/min of tend_wetls =  5.52644317E-15,  -2.76322159E-15
3637:  warning! max/min of tend_wetls =  5.52644317E-15,  -2.76322159E-15
3637:  warning! max/min of tend_wetls =  5.52644317E-15,  -2.76322159E-15
 372:  warning! max/min of tend_wetls =  1.10352019E-10,  -1.69620748E-10
 372:  warning! max/min of tend_wetls =  1.10352019E-10,  -1.69620748E-10
 372:  warning! max/min of tend_wetls =  1.10352019E-10,  -1.69620748E-10
 372:  warning! max/min of tend_wetls =  1.10352019E-10,  -1.69620748E-10
2976:  warning! max/min of tend_wetls =  5.48031551E-7,  -1.044378E-6
2976:  warning! max/min of tend_wetls =  5.48031551E-7,  -1.044378E-6
2976:  warning! max/min of tend_wetls =  5.48031551E-7,  -1.044378E-6
2976:  warning! max/min of tend_wetls =  5.48031551E-7,  -1.044378E-6
 227:  warning! max/min of tend_wetls =  8.63506745E-17,  -8.54050086E-17
 227:  warning! max/min of tend_wetls =  8.63506745E-17,  -8.54050086E-17
 227:  warning! max/min of tend_wetls =  8.63506745E-17,  -8.54050086E-17
 227:  warning! max/min of tend_wetls =  8.63506745E-17,  -8.54050086E-17
3692:  warning! max/min of tend_wetls =  6.94752822E-14,  -1.76846181E-13
3692:  warning! max/min of tend_wetls =  6.94752822E-14,  -1.76846181E-13
3692:  warning! max/min of tend_wetls =  6.94752822E-14,  -1.76846181E-13
3692:  warning! max/min of tend_wetls =  6.94752822E-14,  -1.76846181E-13
1334:  warning! max/min of tend_wetls =  6.78830645E-8,  -7.17894437E-8
1334:  warning! max/min of tend_wetls =  6.78830645E-8,  -7.17894437E-8
1334:  warning! max/min of tend_wetls =  6.78830645E-8,  -7.17894437E-8
1334:  warning! max/min of tend_wetls =  6.78830645E-8,  -7.17894437E-8
2332:  warning! max/min of tend_wetls =  1.75554291E-7,  -2.89240319E-7
2332:  warning! max/min of tend_wetls =  1.75554291E-7,  -2.89240319E-7
2332:  warning! max/min of tend_wetls =  1.75554291E-7,  -2.89240319E-7
2332:  warning! max/min of tend_wetls =  1.75554291E-7,  -2.89240319E-7
3295:  warning! max/min of tend_wetls =  2.46716213E-16,  -1.48029728E-16
3295:  warning! max/min of tend_wetls =  2.46716213E-16,  -1.48029728E-16
3295:  warning! max/min of tend_wetls =  2.46716213E-16,  -1.48029728E-16
3295:  warning! max/min of tend_wetls =  2.46716213E-16,  -1.48029728E-16
 280:  warning! max/min of tend_wetls =  1.48029728E-16,  -1.11022296E-16
 280:  warning! max/min of tend_wetls =  1.48029728E-16,  -1.11022296E-16
 280:  warning! max/min of tend_wetls =  1.48029728E-16,  -1.11022296E-16
 280:  warning! max/min of tend_wetls =  1.48029728E-16,  -1.11022296E-16
1242:  warning! max/min of tend_wetls =  4.81867603E-19,  -3.85494083E-19
1242:  warning! max/min of tend_wetls =  4.81867603E-19,  -3.85494083E-19
1242:  warning! max/min of tend_wetls =  4.81867603E-19,  -3.85494083E-19
1242:  warning! max/min of tend_wetls =  4.81867603E-19,  -3.85494083E-19
 558:  warning! max/min of tend_wetls =  4.06443046E-10,  -6.01889649E-10
 558:  warning! max/min of tend_wetls =  4.06443046E-10,  -6.01889649E-10
 558:  warning! max/min of tend_wetls =  4.06443046E-10,  -6.01889649E-10
 558:  warning! max/min of tend_wetls =  4.06443046E-10,  -6.01889649E-10
 992:  warning! max/min of tend_wetls =  4.79202622E-10,  -3.98990257E-10
 992:  warning! max/min of tend_wetls =  4.79202622E-10,  -3.98990257E-10
 992:  warning! max/min of tend_wetls =  4.79202622E-10,  -3.98990257E-10
 992:  warning! max/min of tend_wetls =  4.79202622E-10,  -3.98990257E-10
2636:  warning! max/min of tend_wetls =  1.23358106E-16,  -1.29526015E-16
2636:  warning! max/min of tend_wetls =  1.23358106E-16,  -1.29526015E-16
2636:  warning! max/min of tend_wetls =  1.23358106E-16,  -1.29526015E-16
2636:  warning! max/min of tend_wetls =  1.23358106E-16,  -1.29526015E-16
1953:  warning! max/min of tend_wetls =  7.17118326E-7,  -1.20152242E-6
1953:  warning! max/min of tend_wetls =  7.17118326E-7,  -1.20152242E-6
1953:  warning! max/min of tend_wetls =  7.17118326E-7,  -1.20152242E-6
1953:  warning! max/min of tend_wetls =  7.17118326E-7,  -1.20152242E-6
 992:  warning! max/min of tend_wetls =  4.98403041E-10,  -3.96312289E-10
 992:  warning! max/min of tend_wetls =  4.98403041E-10,  -3.96312289E-10
 992:  warning! max/min of tend_wetls =  4.98403041E-10,  -3.96312289E-10
 992:  warning! max/min of tend_wetls =  4.98403041E-10,  -3.96312289E-10
 372:  warning! max/min of tend_wetls =  1.94041689E-8,  -4.89801266E-8
 372:  warning! max/min of tend_wetls =  1.94041689E-8,  -4.89801266E-8
 372:  warning! max/min of tend_wetls =  1.94041689E-8,  -4.89801266E-8
 372:  warning! max/min of tend_wetls =  1.94041689E-8,  -4.89801266E-8
 372:  warning! max/min of tend_wetls =  2.90051982E-8,  -4.89833596E-8
 372:  warning! max/min of tend_wetls =  2.90051982E-8,  -4.89833596E-8
 372:  warning! max/min of tend_wetls =  2.90051982E-8,  -4.89833596E-8
 372:  warning! max/min of tend_wetls =  2.90051982E-8,  -4.89833596E-8
 372:  warning! max/min of tend_wetls =  2.9094128E-8,  -4.89833596E-8
 372:  warning! max/min of tend_wetls =  2.9094128E-8,  -4.89849761E-8
 372:  warning! max/min of tend_wetls =  2.9094128E-8,  -4.89849761E-8
 372:  warning! max/min of tend_wetls =  2.9094128E-8,  -4.89849761E-8
 321:  warning! max/min of tend_wetls =  7.77912987E-8,  -1.25449624E-8
 321:  warning! max/min of tend_wetls =  7.77912987E-8,  -1.25449624E-8
 321:  warning! max/min of tend_wetls =  7.77912987E-8,  -1.25449624E-8
 321:  warning! max/min of tend_wetls =  7.77912987E-8,  -1.25449624E-8
 372:  warning! max/min of tend_wetls =  2.91749718E-8,  -5.39374803E-8
 372:  warning! max/min of tend_wetls =  2.91749718E-8,  -5.39374803E-8
 372:  warning! max/min of tend_wetls =  2.91749718E-8,  -5.39374803E-8
 372:  warning! max/min of tend_wetls =  2.91749718E-8,  -5.39374803E-8
 372:  warning! max/min of tend_wetls =  2*0.
 372:  warning! max/min of tend_wetls =  2*0.
1818:  warning! max/min of tend_wetls =  1.27736052E-6,  -1.11531051E-6
1818:  warning! max/min of tend_wetls =  1.27736052E-6,  -1.11531051E-6
1818:  warning! max/min of tend_wetls =  1.27736052E-6,  -1.11531051E-6
1818:  warning! max/min of tend_wetls =  1.27736052E-6,  -1.11531051E-6
 591:  warning! max/min of tend_wetls =  3.93144228E-9,  -3.02391823E-9
 591:  warning! max/min of tend_wetls =  3.93144228E-9,  -3.02391823E-9
 591:  warning! max/min of tend_wetls =  3.93144228E-9,  -3.02391823E-9
 591:  warning! max/min of tend_wetls =  3.93144228E-9,  -3.02391823E-9
1818:  warning! max/min of tend_wetls =  6.45458229E-8,  -7.15566131E-8
1818:  warning! max/min of tend_wetls =  6.45458229E-8,  -7.15566131E-8
1818:  warning! max/min of tend_wetls =  2*0.
  62:  warning! max/min of tend_wetls =  7.27848337E-11,  -5.73423739E-11
  62:  warning! max/min of tend_wetls =  7.27848337E-11,  -5.73423739E-11
  62:  warning! max/min of tend_wetls =  7.27848337E-11,  -5.73423739E-11
  62:  warning! max/min of tend_wetls =  7.27848337E-11,  -5.73423739E-11
2842:  warning! max/min of tend_wetls =  6.60721611E-8,  -6.12118214E-8
2842:  warning! max/min of tend_wetls =  6.60721611E-8,  -6.12118214E-8
2842:  warning! max/min of tend_wetls =  6.60721611E-8,  -6.12118214E-8
2842:  warning! max/min of tend_wetls =  6.60721611E-8,  -6.12118214E-8
 465:  warning! max/min of tend_wetls =  1.19017476E-10,  -8.00607913E-11
 465:  warning! max/min of tend_wetls =  1.19017476E-10,  -8.00607913E-11
 465:  warning! max/min of tend_wetls =  1.19017476E-10,  -8.00607913E-11
 465:  warning! max/min of tend_wetls =  1.19017476E-10,  -8.00607913E-11
2279:  warning! max/min of tend_wetls =  1.69406579E-21,  -1.22349201E-21
2279:  warning! max/min of tend_wetls =  1.69406579E-21,  -1.22349201E-21
2279:  warning! max/min of tend_wetls =  1.69406579E-21,  -1.22349201E-21
2279:  warning! max/min of tend_wetls =  1.69406579E-21,  -1.22349201E-21
2108:  warning! max/min of tend_wetls =  3.15200936E-7,  -2.99368452E-7
2108:  warning! max/min of tend_wetls =  3.15200936E-7,  -2.99368452E-7
2108:  warning! max/min of tend_wetls =  3.15200936E-7,  -2.99368452E-7
2108:  warning! max/min of tend_wetls =  3.15200936E-7,  -2.99368452E-7
3286:  warning! max/min of tend_wetls =  1.11022296E-16,  -2.09708788E-16
3286:  warning! max/min of tend_wetls =  1.11022296E-16,  -2.09708788E-16
3286:  warning! max/min of tend_wetls =  1.11022296E-16,  -2.09708788E-16
3286:  warning! max/min of tend_wetls =  1.11022296E-16,  -2.09708788E-16
 465:  warning! max/min of tend_wetls =  0.,  -6.34171782E-23
 465:  warning! max/min of tend_wetls =  0.,  -6.34171782E-23
 459:  warning! max/min of tend_wetls =  8.43040926E-9,  -7.62196972E-9
 459:  warning! max/min of tend_wetls =  8.43040926E-9,  -7.62196972E-9
 459:  warning! max/min of tend_wetls =  8.43040926E-9,  -7.62196972E-9
 459:  warning! max/min of tend_wetls =  8.43040926E-9,  -7.62196972E-9
2147:  warning! max/min of tend_wetls =  7.73039119E-6,  -9.33930187E-6
2147:  warning! max/min of tend_wetls =  7.73039119E-6,  -9.33930187E-6
1041:  warning! max/min of tend_wetls =  2.48404405E-7,  -2.44886081E-7
2147:  warning! max/min of tend_wetls =  7.73039119E-6,  -9.33930187E-6
1041:  warning! max/min of tend_wetls =  2.48404405E-7,  -2.44886081E-7
2147:  warning! max/min of tend_wetls =  7.73039119E-6,  -9.33930187E-6
1041:  warning! max/min of tend_wetls =  2.48404405E-7,  -2.44886081E-7
1041:  warning! max/min of tend_wetls =  2.48404405E-7,  -2.44886081E-7
3223:  warning! max/min of tend_wetls =  4.04219843E-13,  -3.85272028E-13
3223:  warning! max/min of tend_wetls =  4.04219843E-13,  -3.85272028E-13
3223:  warning! max/min of tend_wetls =  4.04219843E-13,  -3.85272028E-13
3223:  warning! max/min of tend_wetls =  4.04219843E-13,  -3.85272028E-13
 839:  warning! max/min of tend_wetls =  3.5791242E-8,  -2.97554319E-8
 839:  warning! max/min of tend_wetls =  3.5791242E-8,  -2.97554319E-8
 839:  warning! max/min of tend_wetls =  3.5791242E-8,  -2.97554319E-8
 839:  warning! max/min of tend_wetls =  3.5791242E-8,  -2.97554319E-8
 208:  warning! max/min of tend_wetls =  4.31753373E-17,  -2.92975495E-17
 208:  warning! max/min of tend_wetls =  4.31753373E-17,  -2.92975495E-17
2029:  warning! max/min of tend_wetls =  3.45882825E-8,  -2.34770887E-8
 684:  warning! max/min of tend_wetls =  5.35769153E-8,  -3.20206794E-8
 684:  warning! max/min of tend_wetls =  5.35769153E-8,  -3.20206794E-8
 208:  warning! max/min of tend_wetls =  4.31753373E-17,  -2.92975495E-17
2029:  warning! max/min of tend_wetls =  3.45882825E-8,  -2.34770887E-8
 684:  warning! max/min of tend_wetls =  5.35769153E-8,  -3.20206794E-8
 208:  warning! max/min of tend_wetls =  4.31753373E-17,  -2.92975495E-17
 684:  warning! max/min of tend_wetls =  5.35769153E-8,  -3.20206794E-8
2029:  warning! max/min of tend_wetls =  3.45882825E-8,  -2.34770887E-8
2029:  warning! max/min of tend_wetls =  3.45882825E-8,  -2.34770887E-8
 519:  warning! max/min of tend_wetls =  2.69876568E-6,  -3.13917781E-6
 519:  warning! max/min of tend_wetls =  2.69876568E-6,  -3.13917781E-6
 519:  warning! max/min of tend_wetls =  2.69876568E-6,  -3.13917781E-6
 519:  warning! max/min of tend_wetls =  2.69876568E-6,  -3.13917781E-6
 459:  warning! max/min of tend_wetls =  2*0.
 459:  warning! max/min of tend_wetls =  2*0.
3273:  warning! max/min of tend_wetls =  3.76459065E-22,  -4.82338184E-22
3273:  warning! max/min of tend_wetls =  3.76459065E-22,  -4.82338184E-22
3273:  warning! max/min of tend_wetls =  3.76459065E-22,  -4.82338184E-22
3273:  warning! max/min of tend_wetls =  3.76459065E-22,  -4.82338184E-22
1829:  warning! max/min of tend_wetls =  1.36883716E-6,  -1.1930241E-6
1829:  warning! max/min of tend_wetls =  1.36883716E-6,  -1.1930241E-6
1829:  warning! max/min of tend_wetls =  1.36883716E-6,  -1.1930241E-6
1829:  warning! max/min of tend_wetls =  1.36883716E-6,  -1.1930241E-6
2821:  warning! max/min of tend_wetls =  3.81583543E-10,  -3.8805105E-11
2821:  warning! max/min of tend_wetls =  3.81583543E-10,  -3.8805105E-11
2821:  warning! max/min of tend_wetls =  3.81583543E-10,  -3.8805105E-11
2821:  warning! max/min of tend_wetls =  3.81583543E-10,  -3.8805105E-11
2608:  warning! max/min of tend_wetls =  1.64740612E-7,  -5.43892327E-7
2608:  warning! max/min of tend_wetls =  1.64740612E-7,  -5.43892327E-7
2608:  warning! max/min of tend_wetls =  1.64740612E-7,  -5.43892327E-7
2608:  warning! max/min of tend_wetls =  1.64740612E-7,  -5.43892327E-7
 907:  warning! max/min of tend_wetls =  2.21057727E-14,  -5.52644309E-14
 907:  warning! max/min of tend_wetls =  2.21057727E-14,  -5.52644309E-14
 907:  warning! max/min of tend_wetls =  2.21057727E-14,  -5.52644309E-14
 907:  warning! max/min of tend_wetls =  2.21057727E-14,  -5.52644309E-14
3445:  warning! max/min of tend_wetls =  1.77856722E-11,  -4.52726225E-11
3445:  warning! max/min of tend_wetls =  1.77856722E-11,  -4.52726225E-11
3445:  warning! max/min of tend_wetls =  1.77856722E-11,  -4.52726225E-11
3445:  warning! max/min of tend_wetls =  1.77856722E-11,  -4.52726225E-11
1746:  warning! max/min of tend_wetls =  3.94745941E-16,  -5.18104061E-16
1746:  warning! max/min of tend_wetls =  3.94745941E-16,  -5.18104061E-16
1746:  warning! max/min of tend_wetls =  3.94745941E-16,  -5.18104061E-16
1746:  warning! max/min of tend_wetls =  3.94745941E-16,  -5.18104061E-16
1490:  warning! max/min of tend_wetls =  1.1822622E-8,  -2.33358133E-8
1490:  warning! max/min of tend_wetls =  1.1822622E-8,  -2.33358133E-8
1490:  warning! max/min of tend_wetls =  1.1822622E-8,  -2.33358133E-8
1490:  warning! max/min of tend_wetls =  1.1822622E-8,  -2.33358133E-8
3710:  warning! max/min of tend_wetls =  6.72945211E-9,  -6.31472252E-9
3710:  warning! max/min of tend_wetls =  6.72945211E-9,  -6.31472252E-9
3710:  warning! max/min of tend_wetls =  6.72945211E-9,  -6.31472252E-9
3710:  warning! max/min of tend_wetls =  6.72945211E-9,  -6.31472252E-9
1754:  warning! max/min of tend_wetls =  3.58817864E-8,  -9.41573504E-8
1754:  warning! max/min of tend_wetls =  3.58817864E-8,  -9.41573504E-8
1754:  warning! max/min of tend_wetls =  3.58817864E-8,  -9.41573504E-8
1754:  warning! max/min of tend_wetls =  3.58817864E-8,  -9.41573504E-8
3379:  warning! max/min of tend_wetls =  3.94745941E-16,  -3.45402698E-16
3379:  warning! max/min of tend_wetls =  3.94745941E-16,  -3.45402698E-16
3379:  warning! max/min of tend_wetls =  3.94745941E-16,  -3.45402698E-16
3379:  warning! max/min of tend_wetls =  3.94745941E-16,  -3.45402698E-16
 808:  warning! max/min of tend_wetls =  7.70988166E-19,  -2.50571164E-18
 808:  warning! max/min of tend_wetls =  7.70988166E-19,  -2.50571164E-18
 808:  warning! max/min of tend_wetls =  7.70988166E-19,  -2.50571164E-18
 808:  warning! max/min of tend_wetls =  7.70988166E-19,  -2.50571164E-18
3616:  warning! max/min of tend_wetls =  8.69544806E-7,  -6.56892837E-7
3616:  warning! max/min of tend_wetls =  8.69544806E-7,  -6.56892837E-7
3616:  warning! max/min of tend_wetls =  8.69544806E-7,  -6.56892837E-7
3616:  warning! max/min of tend_wetls =  8.69544806E-7,  -6.56892837E-7
 410:  warning! max/min of tend_wetls =  3.6358831E-6,  -3.04645946E-5
 410:  warning! max/min of tend_wetls =  3.6358831E-6,  -3.04645946E-5
 410:  warning! max/min of tend_wetls =  3.6358831E-6,  -3.04645946E-5
 410:  warning! max/min of tend_wetls =  3.6358831E-6,  -3.04645946E-5
3448:  warning! max/min of tend_wetls =  1.9737297E-16,  -2.25128546E-16
3448:  warning! max/min of tend_wetls =  1.9737297E-16,  -2.25128546E-16
3448:  warning! max/min of tend_wetls =  1.9737297E-16,  -2.25128546E-16
3448:  warning! max/min of tend_wetls =  1.9737297E-16,  -2.25128546E-16
 403:  warning! max/min of tend_wetls =  2.5907965E-11,  -6.08382442E-12
 403:  warning! max/min of tend_wetls =  2.5907965E-11,  -6.08382442E-12
 403:  warning! max/min of tend_wetls =  2.5907965E-11,  -6.08382442E-12
 403:  warning! max/min of tend_wetls =  2.5907965E-11,  -6.08382442E-12
 668:  warning! max/min of tend_wetls =  7.70928121E-9,  -8.42965076E-9
 668:  warning! max/min of tend_wetls =  7.70928121E-9,  -8.42965076E-9
 668:  warning! max/min of tend_wetls =  7.70928121E-9,  -8.42965076E-9
1932:  warning! max/min of tend_wetls =  4.93432426E-16,  -6.29126363E-16
 668:  warning! max/min of tend_wetls =  7.70928121E-9,  -8.42965076E-9
1932:  warning! max/min of tend_wetls =  4.93432426E-16,  -6.29126363E-16
1932:  warning! max/min of tend_wetls =  4.93432426E-16,  -6.29126363E-16
1932:  warning! max/min of tend_wetls =  4.93432426E-16,  -6.29126363E-16
3255:  warning! max/min of tend_wetls =  3.15796753E-15,  -3.70074327E-15
3255:  warning! max/min of tend_wetls =  3.15796753E-15,  -3.70074327E-15
3255:  warning! max/min of tend_wetls =  3.15796753E-15,  -3.70074327E-15
3255:  warning! max/min of tend_wetls =  3.15796753E-15,  -3.70074327E-15
3319:  warning! max/min of tend_wetls =  1.9737297E-16,  -1.91205062E-16
3319:  warning! max/min of tend_wetls =  1.9737297E-16,  -1.91205062E-16
3319:  warning! max/min of tend_wetls =  1.9737297E-16,  -1.91205062E-16
3319:  warning! max/min of tend_wetls =  1.9737297E-16,  -1.91205062E-16
2017:  warning! max/min of tend_wetls =  1.92747041E-18,  -1.82145948E-17
2017:  warning! max/min of tend_wetls =  1.92747041E-18,  -1.82145948E-17
2017:  warning! max/min of tend_wetls =  1.92747041E-18,  -1.82145948E-17
2017:  warning! max/min of tend_wetls =  1.92747041E-18,  -1.82145948E-17
1773:  warning! max/min of tend_wetls =  1.31937361E-9,  -1.97501815E-9
1773:  warning! max/min of tend_wetls =  1.31937361E-9,  -1.97501815E-9
1773:  warning! max/min of tend_wetls =  1.31937361E-9,  -1.97501815E-9
1773:  warning! max/min of tend_wetls =  1.31937361E-9,  -1.97501815E-9
1300:  warning! max/min of tend_wetls =  8.25193129E-5,  -7.31084074E-5
1300:  warning! max/min of tend_wetls =  8.25193129E-5,  -7.31084074E-5
1300:  warning! max/min of tend_wetls =  8.25193129E-5,  -7.31084074E-5
1300:  warning! max/min of tend_wetls =  8.25193129E-5,  -7.31084074E-5
1300:  warning! max/min of tend_wetls =  6.04788438E-5,  -5.96576247E-5
1300:  warning! max/min of tend_wetls =  6.04788438E-5,  -5.96576247E-5
1300:  warning! max/min of tend_wetls =  6.04788438E-5,  -5.96576247E-5
1300:  warning! max/min of tend_wetls =  6.04788438E-5,  -5.96576247E-5
3446:  warning! max/min of tend_wetls =  1.12767637E-7,  -1.39090432E-7
3446:  warning! max/min of tend_wetls =  1.12767637E-7,  -1.39090432E-7
3446:  warning! max/min of tend_wetls =  1.12767637E-7,  -1.39090432E-7
3446:  warning! max/min of tend_wetls =  1.12767637E-7,  -1.39090432E-7
 289:  warning! max/min of tend_wetls =  6.16790532E-18,  -3.16105152E-17
 289:  warning! max/min of tend_wetls =  6.16790532E-18,  -3.16105152E-17
 289:  warning! max/min of tend_wetls =  6.16790532E-18,  -3.16105152E-17
 289:  warning! max/min of tend_wetls =  6.16790532E-18,  -3.16105152E-17
1691:  warning! max/min of tend_wetls =  2.94579153E-14,  -4.02887562E-14
1691:  warning! max/min of tend_wetls =  2.94579153E-14,  -4.02887562E-14
1691:  warning! max/min of tend_wetls =  2.94579153E-14,  -4.02887562E-14
1691:  warning! max/min of tend_wetls =  2.94579153E-14,  -4.02887562E-14
 476:  warning! max/min of tend_wetls =  7.0407981E-7,  -6.18398133E-7
 476:  warning! max/min of tend_wetls =  7.0407981E-7,  -6.18398133E-7
 476:  warning! max/min of tend_wetls =  7.0407981E-7,  -6.18398133E-7
 476:  warning! max/min of tend_wetls =  7.0407981E-7,  -6.18398133E-7
 644:  warning! max/min of tend_wetls =  2.96059456E-16,  -2.46716213E-16
 644:  warning! max/min of tend_wetls =  2.96059456E-16,  -2.46716213E-16
 644:  warning! max/min of tend_wetls =  2.96059456E-16,  -2.46716213E-16
 644:  warning! max/min of tend_wetls =  2.96059456E-16,  -2.46716213E-16
1030:  warning! max/min of tend_wetls =  1.11160452E-12,  -2.04636286E-12
1030:  warning! max/min of tend_wetls =  1.11160452E-12,  -2.04636286E-12
1030:  warning! max/min of tend_wetls =  1.11160452E-12,  -2.04636286E-12
1030:  warning! max/min of tend_wetls =  1.11160452E-12,  -2.04636286E-12
3524:  warning! max/min of tend_wetls =  4.93432426E-17,  -6.16790532E-17
3524:  warning! max/min of tend_wetls =  4.93432426E-17,  -6.16790532E-17
3524:  warning! max/min of tend_wetls =  4.93432426E-17,  -6.16790532E-17
3524:  warning! max/min of tend_wetls =  4.93432426E-17,  -6.16790532E-17
 496:  warning! max/min of tend_wetls =  1.15648225E-18,  -1.71062998E-18
 496:  warning! max/min of tend_wetls =  1.15648225E-18,  -1.71062998E-18
 496:  warning! max/min of tend_wetls =  1.15648225E-18,  -1.71062998E-18
 496:  warning! max/min of tend_wetls =  1.15648225E-18,  -1.71062998E-18
3437:  warning! max/min of tend_wetls =  2.42975002E-4,  -7.48342893E-4
3437:  warning! max/min of tend_wetls =  2.42975002E-4,  -7.48342893E-4
3437:  warning! max/min of tend_wetls =  2.42975002E-4,  -7.48342893E-4
3437:  warning! max/min of tend_wetls =  2.42975002E-4,  -7.48342893E-4
1291:  warning! max/min of tend_wetls =  3.45402698E-16,  -1.9737297E-16
1291:  warning! max/min of tend_wetls =  3.45402698E-16,  -1.9737297E-16
1291:  warning! max/min of tend_wetls =  3.45402698E-16,  -1.9737297E-16
1291:  warning! max/min of tend_wetls =  3.45402698E-16,  -1.9737297E-16
2759:  warning! max/min of tend_wetls =  9.1311E-7,  -9.95131018E-7
2759:  warning! max/min of tend_wetls =  9.1311E-7,  -9.95131018E-7
2759:  warning! max/min of tend_wetls =  9.1311E-7,  -9.95131018E-7
2759:  warning! max/min of tend_wetls =  9.1311E-7,  -9.95131018E-7
 569:  warning! max/min of tend_wetls =  1.92747041E-19,  -1.44560281E-19
 569:  warning! max/min of tend_wetls =  1.92747041E-19,  -1.44560281E-19
 569:  warning! max/min of tend_wetls =  1.92747041E-19,  -1.44560281E-19
 569:  warning! max/min of tend_wetls =  1.92747041E-19,  -1.44560281E-19
1705:  warning! max/min of tend_wetls =  2.96059456E-16,  -7.27812848E-16
1705:  warning! max/min of tend_wetls =  2.96059456E-16,  -7.27812848E-16
1705:  warning! max/min of tend_wetls =  2.96059456E-16,  -7.27812848E-16
1705:  warning! max/min of tend_wetls =  2.96059456E-16,  -7.27812848E-16
2759:  warning! max/min of tend_wetls =  4.04672426E-16,  0.
2759:  warning! max/min of tend_wetls =  2*0.
2759:  warning! max/min of tend_wetls =  2*0.
 963:  warning! max/min of tend_wetls =  3.11475645E-8,  -3.13949471E-8
 963:  warning! max/min of tend_wetls =  3.11475645E-8,  -3.13949471E-8
 963:  warning! max/min of tend_wetls =  3.11475645E-8,  -3.13949471E-8
 963:  warning! max/min of tend_wetls =  3.11475645E-8,  -3.13949471E-8
 874:  warning! max/min of tend_wetls =  2.45703586E-6,  -4.47695811E-6
 874:  warning! max/min of tend_wetls =  2.45703586E-6,  -4.47695811E-6
 874:  warning! max/min of tend_wetls =  2.45703586E-6,  -4.47695811E-6
 874:  warning! max/min of tend_wetls =  2.45703586E-6,  -4.47695811E-6
2465:  warning! max/min of tend_wetls =  1.89478052E-14,  -1.50003453E-14
2465:  warning! max/min of tend_wetls =  1.89478052E-14,  -1.50003453E-14
2465:  warning! max/min of tend_wetls =  1.89478052E-14,  -1.50003453E-14
2465:  warning! max/min of tend_wetls =  1.89478052E-14,  -1.50003453E-14
1147:  warning! max/min of tend_wetls =  6.43129923E-8,  -5.79424899E-8
1147:  warning! max/min of tend_wetls =  6.43129923E-8,  -5.79424899E-8
1147:  warning! max/min of tend_wetls =  6.43129923E-8,  -5.79424899E-8
1147:  warning! max/min of tend_wetls =  6.43129923E-8,  -5.79424899E-8
 341:  warning! max/min of tend_wetls =  6.34119883E-12,  -5.5074955E-12
 341:  warning! max/min of tend_wetls =  6.34119883E-12,  -5.5074955E-12
 341:  warning! max/min of tend_wetls =  6.34119883E-12,  -5.5074955E-12
 341:  warning! max/min of tend_wetls =  6.34119883E-12,  -5.5074955E-12
 496:  warning! max/min of tend_wetls =  3.11855597E-10,  -4.83067975E-10
 496:  warning! max/min of tend_wetls =  3.11855597E-10,  -4.83067975E-10
 496:  warning! max/min of tend_wetls =  3.11855597E-10,  -4.83067975E-10
 496:  warning! max/min of tend_wetls =  3.11855597E-10,  -4.83067975E-10
1212:  warning! max/min of tend_wetls =  1.68653661E-19,  -4.07178126E-18
1212:  warning! max/min of tend_wetls =  1.68653661E-19,  -4.07178126E-18
1212:  warning! max/min of tend_wetls =  1.68653661E-19,  -4.07178126E-18
1212:  warning! max/min of tend_wetls =  1.68653661E-19,  -4.07178126E-18
1571:  warning! max/min of tend_wetls =  1.70452722E-6,  -1.62753781E-6
1571:  warning! max/min of tend_wetls =  1.70452722E-6,  -1.62753781E-6
1571:  warning! max/min of tend_wetls =  1.70452722E-6,  -1.62753781E-6
1571:  warning! max/min of tend_wetls =  1.70452722E-6,  -1.62753781E-6
1056:  warning! max/min of tend_wetls =  1.2892996E-8,  -1.49989816E-8
1056:  warning! max/min of tend_wetls =  1.2892996E-8,  -1.49989816E-8
1056:  warning! max/min of tend_wetls =  1.2892996E-8,  -1.49989816E-8
1056:  warning! max/min of tend_wetls =  1.2892996E-8,  -1.49989816E-8
 496:  warning! max/min of tend_wetls =  2*0.
 496:  warning! max/min of tend_wetls =  2*0.
2387:  warning! max/min of tend_wetls =  4.76914757E-8,  -4.2659746E-8
2387:  warning! max/min of tend_wetls =  4.76914757E-8,  -4.2659746E-8
2387:  warning! max/min of tend_wetls =  4.76914757E-8,  -4.2659746E-8
2387:  warning! max/min of tend_wetls =  4.76914757E-8,  -4.2659746E-8
 190:  warning! max/min of tend_wetls =  4.7381717E-4,  -2.58074841E-4
 190:  warning! max/min of tend_wetls =  4.7381717E-4,  -2.58074841E-4
 190:  warning! max/min of tend_wetls =  4.7381717E-4,  -2.58074841E-4
 190:  warning! max/min of tend_wetls =  4.7381717E-4,  -2.58074841E-4
 436:  warning! max/min of tend_wetls =  1.92747041E-19,  -1.86723693E-19
 436:  warning! max/min of tend_wetls =  1.92747041E-19,  -1.86723693E-19
 436:  warning! max/min of tend_wetls =  1.92747041E-19,  -1.86723693E-19
 436:  warning! max/min of tend_wetls =  1.92747041E-19,  -1.86723693E-19
1643:  warning! max/min of tend_wetls =  1.23610433E-9,  -7.98874189E-10
1643:  warning! max/min of tend_wetls =  1.23610433E-9,  -7.98874189E-10
1643:  warning! max/min of tend_wetls =  1.23610433E-9,  -7.98874189E-10
1643:  warning! max/min of tend_wetls =  1.23610433E-9,  -7.98874189E-10
1821:  warning! max/min of tend_wetls =  6.72539045E-6,  -1.02404083E-5
1821:  warning! max/min of tend_wetls =  6.72539045E-6,  -1.02404083E-5
1821:  warning! max/min of tend_wetls =  6.72539045E-6,  -1.02404083E-5
1821:  warning! max/min of tend_wetls =  6.72539045E-6,  -1.02404083E-5
 876:  warning! max/min of tend_wetls =  3.15796753E-14,  -6.55278241E-14
 876:  warning! max/min of tend_wetls =  3.15796753E-14,  -6.55278241E-14
 876:  warning! max/min of tend_wetls =  3.15796753E-14,  -6.55278241E-14
 876:  warning! max/min of tend_wetls =  3.15796753E-14,  -6.55278241E-14
2469:  warning! max/min of tend_wetls =  6.16790532E-17,  -5.55111479E-17
2469:  warning! max/min of tend_wetls =  6.16790532E-17,  -5.55111479E-17
2469:  warning! max/min of tend_wetls =  6.16790532E-17,  -5.55111479E-17
2469:  warning! max/min of tend_wetls =  6.16790532E-17,  -5.55111479E-17
3437:  warning! max/min of tend_wetls =  2.24192918E-4,  -7.35627254E-4
3437:  warning! max/min of tend_wetls =  2.24192918E-4,  -7.35627254E-4
3437:  warning! max/min of tend_wetls =  2.24192918E-4,  -7.35627254E-4
3437:  warning! max/min of tend_wetls =  2.24192918E-4,  -7.35627254E-4
2432:  warning! max/min of tend_wetls =  3.70074319E-17,  -4.16333601E-17
2432:  warning! max/min of tend_wetls =  3.70074319E-17,  -4.16333601E-17
2432:  warning! max/min of tend_wetls =  3.70074319E-17,  -4.16333601E-17
2432:  warning! max/min of tend_wetls =  3.70074319E-17,  -4.16333601E-17
2877:  warning! max/min of tend_wetls =  2.06132711E-7,  -1.12741766E-7
2877:  warning! max/min of tend_wetls =  2.06132711E-7,  -1.12741766E-7
2877:  warning! max/min of tend_wetls =  2.06132711E-7,  -1.12741766E-7
2877:  warning! max/min of tend_wetls =  2.06132711E-7,  -1.12741766E-7
3319:  warning! max/min of tend_wetls =  1.9737297E-16,  -1.78869258E-16
3319:  warning! max/min of tend_wetls =  1.9737297E-16,  -1.78869258E-16
3319:  warning! max/min of tend_wetls =  1.9737297E-16,  -1.78869258E-16
3319:  warning! max/min of tend_wetls =  1.9737297E-16,  -1.78869258E-16
1746:  warning! max/min of tend_wetls =  3.94745941E-16,  -5.42775642E-16
1746:  warning! max/min of tend_wetls =  3.94745941E-16,  -5.42775642E-16
1746:  warning! max/min of tend_wetls =  3.94745941E-16,  -5.42775642E-16
1746:  warning! max/min of tend_wetls =  3.94745941E-16,  -5.42775642E-16
   4:  warning! max/min of tend_wetls =  2.23053812E-5,  -3.30640178E-5
   4:  warning! max/min of tend_wetls =  2.23053812E-5,  -3.30640178E-5
   4:  warning! max/min of tend_wetls =  2.23053812E-5,  -3.30640178E-5
   4:  warning! max/min of tend_wetls =  2.23053812E-5,  -3.30640178E-5
3030:  warning! max/min of tend_wetls =  1.13686831E-13,  -1.20002763E-13
3030:  warning! max/min of tend_wetls =  1.13686831E-13,  -1.20002763E-13
3030:  warning! max/min of tend_wetls =  1.13686831E-13,  -1.20002763E-13
3030:  warning! max/min of tend_wetls =  1.13686831E-13,  -1.20002763E-13
3071:  warning! max/min of tend_wetls =  6.57875887E-8,  -6.522815E-8
3071:  warning! max/min of tend_wetls =  6.57875887E-8,  -6.522815E-8
3071:  warning! max/min of tend_wetls =  6.57875887E-8,  -6.522815E-8
3071:  warning! max/min of tend_wetls =  6.57875887E-8,  -6.522815E-8
   0:  warning! max/min of tend_wetls =  3.85494083E-19,  -3.85494083E-19
   0:  warning! max/min of tend_wetls =  3.85494083E-19,  -3.85494083E-19
   0:  warning! max/min of tend_wetls =  3.85494083E-19,  -3.85494083E-19
   0:  warning! max/min of tend_wetls =  3.85494083E-19,  -3.85494083E-19
   4:  warning! max/min of tend_wetls =  1.99509977E-5,  -3.31078954E-5
   4:  warning! max/min of tend_wetls =  1.99509977E-5,  -3.31078954E-5
   4:  warning! max/min of tend_wetls =  1.99509977E-5,  -3.31078954E-5
   4:  warning! max/min of tend_wetls =  1.99509977E-5,  -3.31078954E-5
   4:  warning! max/min of tend_wetls =  2*0.
   4:  warning! max/min of tend_wetls =  2*0.
1374:  warning! max/min of tend_wetls =  2.46716213E-16,  -5.05768243E-16
1374:  warning! max/min of tend_wetls =  2.46716213E-16,  -5.05768243E-16
1374:  warning! max/min of tend_wetls =  2.46716213E-16,  -5.05768243E-16
1374:  warning! max/min of tend_wetls =  2.46716213E-16,  -5.05768243E-16
1300:  warning! max/min of tend_wetls =  5.80151827E-5,  -6.98400836E-5
1300:  warning! max/min of tend_wetls =  5.80151827E-5,  -6.98400836E-5
1300:  warning! max/min of tend_wetls =  5.80151827E-5,  -6.98400836E-5
1300:  warning! max/min of tend_wetls =  5.80151827E-5,  -6.98400836E-5
2356:  warning! max/min of tend_wetls =  2.08719726E-7,  -1.4967776E-7
2356:  warning! max/min of tend_wetls =  2.08719726E-7,  -1.4967776E-7
2356:  warning! max/min of tend_wetls =  2.08719726E-7,  -1.4967776E-7
2356:  warning! max/min of tend_wetls =  2.08719726E-7,  -1.4967776E-7
3364:  warning! max/min of tend_wetls =  1.9737297E-15,  -1.99840123E-15
3364:  warning! max/min of tend_wetls =  1.9737297E-15,  -1.99840123E-15
3364:  warning! max/min of tend_wetls =  1.9737297E-15,  -1.99840123E-15
3364:  warning! max/min of tend_wetls =  1.9737297E-15,  -1.99840123E-15
2714:  warning! max/min of tend_wetls =  1.3599896E-7,  -1.08912992E-7
2714:  warning! max/min of tend_wetls =  1.3599896E-7,  -1.08912992E-7
2714:  warning! max/min of tend_wetls =  1.3599896E-7,  -1.08912992E-7
2714:  warning! max/min of tend_wetls =  1.3599896E-7,  -1.08912992E-7
2108:  warning! max/min of tend_wetls =  2.98644096E-7,  -2.50810331E-7
2108:  warning! max/min of tend_wetls =  2.98644096E-7,  -2.50810331E-7
2108:  warning! max/min of tend_wetls =  2.98644096E-7,  -2.50810331E-7
2108:  warning! max/min of tend_wetls =  2.98644096E-7,  -2.50810331E-7
 297:  warning! max/min of tend_wetls =  1.57898376E-15,  -1.57898376E-15
 297:  warning! max/min of tend_wetls =  1.57898376E-15,  -1.57898376E-15
 297:  warning! max/min of tend_wetls =  1.57898376E-15,  -1.57898376E-15
 297:  warning! max/min of tend_wetls =  1.57898376E-15,  -1.57898376E-15
1044:  warning! max/min of tend_wetls =  9.86864852E-16,  -9.86864852E-16
1044:  warning! max/min of tend_wetls =  9.86864852E-16,  -9.86864852E-16
1044:  warning! max/min of tend_wetls =  9.86864852E-16,  -9.86864852E-16
1044:  warning! max/min of tend_wetls =  9.86864852E-16,  -9.86864852E-16
1677:  warning! max/min of tend_wetls =  4.01289252E-10,  -2.99627961E-10
1677:  warning! max/min of tend_wetls =  4.01289252E-10,  -2.99627961E-10
1677:  warning! max/min of tend_wetls =  4.01289252E-10,  -2.99627961E-10
1677:  warning! max/min of tend_wetls =  4.01289252E-10,  -2.99627961E-10
2449:  warning! max/min of tend_wetls =  1.57898376E-15,  -9.37521583E-16
2449:  warning! max/min of tend_wetls =  1.57898376E-15,  -9.37521583E-16
2449:  warning! max/min of tend_wetls =  1.57898376E-15,  -9.37521583E-16
2449:  warning! max/min of tend_wetls =  1.57898376E-15,  -9.37521583E-16
1244:  warning! max/min of tend_wetls =  7.91624132E-7,  -8.96410882E-7
1244:  warning! max/min of tend_wetls =  7.91624132E-7,  -8.96410882E-7
1244:  warning! max/min of tend_wetls =  7.91624132E-7,  -8.96410882E-7
1244:  warning! max/min of tend_wetls =  7.91624132E-7,  -8.96410882E-7
3410:  warning! max/min of tend_wetls =  5.24231098E-7,  -3.054285E-7
3410:  warning! max/min of tend_wetls =  5.24231098E-7,  -3.054285E-7
3410:  warning! max/min of tend_wetls =  5.24231098E-7,  -3.054285E-7
3410:  warning! max/min of tend_wetls =  5.24231098E-7,  -3.054285E-7
2015:  warning! max/min of tend_wetls =  5.99771681E-7,  -8.78961487E-7
2015:  warning! max/min of tend_wetls =  5.99771681E-7,  -8.78961487E-7
2015:  warning! max/min of tend_wetls =  5.99771681E-7,  -8.78961487E-7
2015:  warning! max/min of tend_wetls =  5.99771681E-7,  -8.78961487E-7
1746:  warning! max/min of tend_wetls =  1.89575871E-7,  -1.93739339E-7
1746:  warning! max/min of tend_wetls =  1.89575871E-7,  -1.93739339E-7
1746:  warning! max/min of tend_wetls =  1.89575871E-7,  -1.93739339E-7
1746:  warning! max/min of tend_wetls =  1.89575871E-7,  -1.93739339E-7
3131:  warning! max/min of tend_wetls =  3.6885061E-12,  -5.81066011E-12
3131:  warning! max/min of tend_wetls =  3.6885061E-12,  -5.81066011E-12
3131:  warning! max/min of tend_wetls =  3.6885061E-12,  -5.81066011E-12
3131:  warning! max/min of tend_wetls =  3.6885061E-12,  -5.81066011E-12
 359:  warning! max/min of tend_wetls =  9.86864852E-16,  -8.88178367E-16
 359:  warning! max/min of tend_wetls =  9.86864852E-16,  -8.88178367E-16
 359:  warning! max/min of tend_wetls =  9.86864852E-16,  -8.88178367E-16
 359:  warning! max/min of tend_wetls =  9.86864852E-16,  -8.88178367E-16
 992:  warning! max/min of tend_wetls =  3.2443695E-10,  -2.41401343E-10
 992:  warning! max/min of tend_wetls =  3.2443695E-10,  -2.41401343E-10
 992:  warning! max/min of tend_wetls =  3.2443695E-10,  -2.41401343E-10
 558:  warning! max/min of tend_wetls =  1.02510156E-9,  -1.36575784E-9
 558:  warning! max/min of tend_wetls =  1.02510156E-9,  -1.36575784E-9
 558:  warning! max/min of tend_wetls =  1.02510156E-9,  -1.36575784E-9
 992:  warning! max/min of tend_wetls =  4.06139899E-10,  -3.07990244E-10
 558:  warning! max/min of tend_wetls =  1.02510156E-9,  -1.36575784E-9
1980:  warning! max/min of tend_wetls =  5.30693214E-4,  -9.52773553E-4
1980:  warning! max/min of tend_wetls =  5.30693214E-4,  -9.52773553E-4
1980:  warning! max/min of tend_wetls =  5.30693214E-4,  -9.52773553E-4
1980:  warning! max/min of tend_wetls =  5.30693214E-4,  -9.52773553E-4
1457:  warning! max/min of tend_wetls =  1.54197633E-17,  -1.11793286E-17
1457:  warning! max/min of tend_wetls =  1.54197633E-17,  -1.11793286E-17
1457:  warning! max/min of tend_wetls =  1.54197633E-17,  -1.11793286E-17
1457:  warning! max/min of tend_wetls =  1.54197633E-17,  -1.11793286E-17
1030:  warning! max/min of tend_wetls =  6.18563732E-4,  -1.2744267E-3
1030:  warning! max/min of tend_wetls =  6.18563732E-4,  -1.2744267E-3
1030:  warning! max/min of tend_wetls =  6.18563732E-4,  -1.2744267E-3
1030:  warning! max/min of tend_wetls =  6.18563732E-4,  -1.2744267E-3
 992:  warning! max/min of tend_wetls =  4.06139899E-10,  -3.07990244E-10
 992:  warning! max/min of tend_wetls =  4.06139899E-10,  -3.07990244E-10
 992:  warning! max/min of tend_wetls =  4.06139899E-10,  -3.07990244E-10
 992:  warning! max/min of tend_wetls =  3.03215397E-10,  -2.21752477E-10
 266:  warning! max/min of tend_wetls =  1.17677769E-6,  -9.48914192E-7
 266:  warning! max/min of tend_wetls =  1.17677769E-6,  -9.48914192E-7
 266:  warning! max/min of tend_wetls =  1.17677769E-6,  -9.48914192E-7
 266:  warning! max/min of tend_wetls =  1.17677769E-6,  -9.48914192E-7
1030:  warning! max/min of tend_wetls =  2*0.
1030:  warning! max/min of tend_wetls =  2*0.
2083:  warning! max/min of tend_wetls =  6.92645244E-7,  -1.37339032E-6
2083:  warning! max/min of tend_wetls =  6.92645244E-7,  -1.37339032E-6
2083:  warning! max/min of tend_wetls =  6.92645244E-7,  -1.37339032E-6
2083:  warning! max/min of tend_wetls =  6.92645244E-7,  -1.37339032E-6
1512:  warning! max/min of tend_wetls =  6.46751749E-11,  -8.22587415E-11
1512:  warning! max/min of tend_wetls =  6.46751749E-11,  -8.22587415E-11
1512:  warning! max/min of tend_wetls =  6.46751749E-11,  -8.22587415E-11
1512:  warning! max/min of tend_wetls =  6.46751749E-11,  -8.22587415E-11
1860:  warning! max/min of tend_wetls =  1.58786558E-13,  -1.16770014E-14
1860:  warning! max/min of tend_wetls =  1.58786558E-13,  -1.16770014E-14
1860:  warning! max/min of tend_wetls =  1.58786558E-13,  -1.16770014E-14
1860:  warning! max/min of tend_wetls =  1.58786558E-13,  -1.16770014E-14
 266:  warning! max/min of tend_wetls =  6.69724386E-7,  -8.74822263E-7
 266:  warning! max/min of tend_wetls =  2*0.
 266:  warning! max/min of tend_wetls =  2*0.
1434:  warning! max/min of tend_wetls =  7.89491882E-15,  -1.20767586E-14
1434:  warning! max/min of tend_wetls =  7.89491882E-15,  -1.20767586E-14
1434:  warning! max/min of tend_wetls =  7.89491882E-15,  -1.20767586E-14
1434:  warning! max/min of tend_wetls =  7.89491882E-15,  -1.20767586E-14
1829:  warning! max/min of tend_wetls =  5.13169744E-15,  -3.75008633E-15
2393:  warning! max/min of tend_wetls =  4.34220514E-15,  -3.45402693E-15
1829:  warning! max/min of tend_wetls =  5.13169744E-15,  -3.75008633E-15
2393:  warning! max/min of tend_wetls =  4.34220514E-15,  -3.45402693E-15
1829:  warning! max/min of tend_wetls =  5.13169744E-15,  -3.75008633E-15
2393:  warning! max/min of tend_wetls =  4.34220514E-15,  -3.45402693E-15
1829:  warning! max/min of tend_wetls =  5.13169744E-15,  -3.75008633E-15
2393:  warning! max/min of tend_wetls =  4.34220514E-15,  -3.45402693E-15
3224:  warning! max/min of tend_wetls =  1.72701349E-16,  -2.22044592E-16
3224:  warning! max/min of tend_wetls =  1.72701349E-16,  -2.22044592E-16
3224:  warning! max/min of tend_wetls =  1.72701349E-16,  -2.22044592E-16
3224:  warning! max/min of tend_wetls =  1.72701349E-16,  -2.22044592E-16
 410:  warning! max/min of tend_wetls =  2.02109922E-12,  -3.63797859E-12
 410:  warning! max/min of tend_wetls =  2.02109922E-12,  -3.63797859E-12
 410:  warning! max/min of tend_wetls =  2.02109922E-12,  -3.63797859E-12
 410:  warning! max/min of tend_wetls =  2.02109922E-12,  -3.63797859E-12
 233:  warning! max/min of tend_wetls =  7.80034327E-7,  -5.00792794E-7
 233:  warning! max/min of tend_wetls =  7.80034327E-7,  -5.00792794E-7
 233:  warning! max/min of tend_wetls =  7.80034327E-7,  -5.00792794E-7
 233:  warning! max/min of tend_wetls =  7.80034327E-7,  -5.00792794E-7
3040:  warning! max/min of tend_wetls =  2.17110257E-15,  -2.26978911E-15
3040:  warning! max/min of tend_wetls =  2.17110257E-15,  -2.26978911E-15
3040:  warning! max/min of tend_wetls =  2.17110257E-15,  -2.26978911E-15
3040:  warning! max/min of tend_wetls =  2.17110257E-15,  -2.26978911E-15
1893:  warning! max/min of tend_wetls =  3.37307322E-19,  -4.75844281E-19
1893:  warning! max/min of tend_wetls =  3.37307322E-19,  -4.75844281E-19
1893:  warning! max/min of tend_wetls =  3.37307322E-19,  -4.75844281E-19
1893:  warning! max/min of tend_wetls =  3.37307322E-19,  -4.75844281E-19
3117:  warning! max/min of tend_wetls =  1.73472337E-18,  -2.60208501E-18
3117:  warning! max/min of tend_wetls =  1.73472337E-18,  -2.60208501E-18
3117:  warning! max/min of tend_wetls =  1.73472337E-18,  -2.60208501E-18
3117:  warning! max/min of tend_wetls =  1.73472337E-18,  -2.60208501E-18
2759:  warning! max/min of tend_wetls =  1.40319264E-6,  -1.52320388E-6
2759:  warning! max/min of tend_wetls =  1.40319264E-6,  -1.52320388E-6
2759:  warning! max/min of tend_wetls =  1.40319264E-6,  -1.52320388E-6
2759:  warning! max/min of tend_wetls =  1.40319264E-6,  -1.52320388E-6
 942:  warning! max/min of tend_wetls =  4.73695129E-15,  -3.15796753E-15
 942:  warning! max/min of tend_wetls =  4.73695129E-15,  -3.15796753E-15
 942:  warning! max/min of tend_wetls =  4.73695129E-15,  -3.15796753E-15
 942:  warning! max/min of tend_wetls =  4.73695129E-15,  -3.15796753E-15
2759:  warning! max/min of tend_wetls =  2*0.
2759:  warning! max/min of tend_wetls =  2*0.
 457:  warning! max/min of tend_wetls =  3.45402698E-16,  -9.12849948E-16
 457:  warning! max/min of tend_wetls =  3.45402698E-16,  -9.12849948E-16
 457:  warning! max/min of tend_wetls =  3.45402698E-16,  -9.12849948E-16
 457:  warning! max/min of tend_wetls =  3.45402698E-16,  -9.12849948E-16
3471:  warning! max/min of tend_wetls =  8.60934705E-3,  -1.38685433E-2
3471:  warning! max/min of tend_wetls =  8.60934705E-3,  -1.38685433E-2
3471:  warning! max/min of tend_wetls =  8.60934705E-3,  -1.38685433E-2
3471:  warning! max/min of tend_wetls =  8.60934705E-3,  -1.38685433E-2
 227:  warning! max/min of tend_wetls =  1.48029728E-16,  -6.78469553E-17
 227:  warning! max/min of tend_wetls =  1.48029728E-16,  -6.78469553E-17
 227:  warning! max/min of tend_wetls =  1.48029728E-16,  -6.78469553E-17
 227:  warning! max/min of tend_wetls =  1.48029728E-16,  -6.78469553E-17
2332:  warning! max/min of tend_wetls =  3.45402698E-16,  -7.09309096E-16
2332:  warning! max/min of tend_wetls =  3.45402698E-16,  -7.09309096E-16
2332:  warning! max/min of tend_wetls =  3.45402698E-16,  -7.09309096E-16
2332:  warning! max/min of tend_wetls =  3.45402698E-16,  -7.09309096E-16
  51:  warning! max/min of tend_wetls =  5.11192582E-8,  -6.25538306E-8
  51:  warning! max/min of tend_wetls =  5.11192582E-8,  -6.25538306E-8
  51:  warning! max/min of tend_wetls =  5.11192582E-8,  -6.25538306E-8
  51:  warning! max/min of tend_wetls =  5.11192582E-8,  -6.25538306E-8
2780:  warning! max/min of tend_wetls =  3.61400703E-20,  -1.040834E-17
2780:  warning! max/min of tend_wetls =  3.61400703E-20,  -1.040834E-17
2780:  warning! max/min of tend_wetls =  3.61400703E-20,  -1.040834E-17
2780:  warning! max/min of tend_wetls =  3.61400703E-20,  -1.040834E-17
2883:  warning! max/min of tend_wetls =  1.22106734E-8,  -1.76482384E-8
2883:  warning! max/min of tend_wetls =  1.22106734E-8,  -1.76482384E-8
2883:  warning! max/min of tend_wetls =  1.22106734E-8,  -1.76482384E-8
2883:  warning! max/min of tend_wetls =  1.22106734E-8,  -1.76482384E-8
3498:  warning! max/min of tend_wetls =  2.17106601E-4,  -4.39272961E-4
3498:  warning! max/min of tend_wetls =  2.17106601E-4,  -4.39272961E-4
3498:  warning! max/min of tend_wetls =  2.17106601E-4,  -4.39272961E-4
3498:  warning! max/min of tend_wetls =  2.17106601E-4,  -4.39272961E-4
3056:  warning! max/min of tend_wetls =  1.76465187E-23,  -3.08814085E-23
3056:  warning! max/min of tend_wetls =  1.76465187E-23,  -3.08814085E-23
3056:  warning! max/min of tend_wetls =  1.76465187E-23,  -3.08814085E-23
3056:  warning! max/min of tend_wetls =  1.76465187E-23,  -3.08814085E-23
3071:  warning! max/min of tend_wetls =  6.02334504E-20,  -5.39691708E-17
3071:  warning! max/min of tend_wetls =  6.02334504E-20,  -5.39691708E-17
3071:  warning! max/min of tend_wetls =  6.02334504E-20,  -5.39691708E-17
3071:  warning! max/min of tend_wetls =  6.02334504E-20,  -5.39691708E-17
  93:  warning! max/min of tend_wetls =  2.56805913E-11,  -2.96217356E-11
  93:  warning! max/min of tend_wetls =  2.56805913E-11,  -2.96217356E-11
  93:  warning! max/min of tend_wetls =  2.56805913E-11,  -2.96217356E-11
  93:  warning! max/min of tend_wetls =  2.56805913E-11,  -2.96217356E-11
1119:  warning! max/min of tend_wetls =  4.35102221E-9,  -4.95573538E-9
1119:  warning! max/min of tend_wetls =  4.35102221E-9,  -4.95573538E-9
1119:  warning! max/min of tend_wetls =  4.35102221E-9,  -4.95573538E-9
1119:  warning! max/min of tend_wetls =  4.35102221E-9,  -4.95573538E-9
 878:  warning! max/min of tend_wetls =  3.85178428E-5,  -1.01486839E-4
 878:  warning! max/min of tend_wetls =  3.85178428E-5,  -1.01486839E-4
 878:  warning! max/min of tend_wetls =  3.85178428E-5,  -1.01486839E-4
 878:  warning! max/min of tend_wetls =  3.85178428E-5,  -1.01486839E-4
  33:  warning! max/min of tend_wetls =  6.16790532E-17,  -6.16790532E-17
  33:  warning! max/min of tend_wetls =  6.16790532E-17,  -6.16790532E-17
  33:  warning! max/min of tend_wetls =  6.16790532E-17,  -6.16790532E-17
  33:  warning! max/min of tend_wetls =  6.16790532E-17,  -6.16790532E-17
1754:  warning! max/min of tend_wetls =  5.8789734E-8,  -8.71400943E-8
1754:  warning! max/min of tend_wetls =  5.8789734E-8,  -8.71400943E-8
1754:  warning! max/min of tend_wetls =  5.8789734E-8,  -8.71400943E-8
1754:  warning! max/min of tend_wetls =  5.8789734E-8,  -8.71400943E-8
2248:  warning! max/min of tend_wetls =  2.7755574E-17,  -1.54197633E-17
2248:  warning! max/min of tend_wetls =  2.7755574E-17,  -1.54197633E-17
2248:  warning! max/min of tend_wetls =  2.7755574E-17,  -1.54197633E-17
 321:  warning! max/min of tend_wetls =  2.76322159E-15,  -1.87504317E-15
2248:  warning! max/min of tend_wetls =  2.7755574E-17,  -1.54197633E-17
 321:  warning! max/min of tend_wetls =  2.76322159E-15,  -1.87504317E-15
 321:  warning! max/min of tend_wetls =  2.76322159E-15,  -1.87504317E-15
 321:  warning! max/min of tend_wetls =  2.76322159E-15,  -1.87504317E-15
1699:  warning! max/min of tend_wetls =  6.50890968E-8,  -7.81534837E-8
1699:  warning! max/min of tend_wetls =  6.50890968E-8,  -7.81534837E-8
1699:  warning! max/min of tend_wetls =  6.50890968E-8,  -7.81534837E-8
1699:  warning! max/min of tend_wetls =  6.50890968E-8,  -7.81534837E-8
1187:  warning! max/min of tend_wetls =  2.66854954E-6,  -4.94765072E-6
1187:  warning! max/min of tend_wetls =  2.66854954E-6,  -4.94765072E-6
1187:  warning! max/min of tend_wetls =  2.66854954E-6,  -4.94765072E-6
1187:  warning! max/min of tend_wetls =  2.66854954E-6,  -4.94765072E-6
 872:  warning! max/min of tend_wetls =  3.56903485E-7,  -6.9983713E-7
 872:  warning! max/min of tend_wetls =  3.56903485E-7,  -6.9983713E-7
 872:  warning! max/min of tend_wetls =  3.56903485E-7,  -6.9983713E-7
 872:  warning! max/min of tend_wetls =  3.56903485E-7,  -6.9983713E-7
1283:  warning! max/min of tend_wetls =  1.46055992E-14,  -2.05267898E-14
1283:  warning! max/min of tend_wetls =  1.46055992E-14,  -2.05267898E-14
1283:  warning! max/min of tend_wetls =  1.46055992E-14,  -2.05267898E-14
1283:  warning! max/min of tend_wetls =  1.46055992E-14,  -2.05267898E-14
 872:  warning! max/min of tend_wetls =  3.55454773E-7,  -6.97172538E-7
 872:  warning! max/min of tend_wetls =  3.55454773E-7,  -6.97172538E-7
 872:  warning! max/min of tend_wetls =  3.55454773E-7,  -6.97172538E-7
 872:  warning! max/min of tend_wetls =  3.55454773E-7,  -6.97172538E-7
1677:  warning! max/min of tend_wetls =  3.23519506E-22,  -1.90582393E-21
1677:  warning! max/min of tend_wetls =  3.23519506E-22,  -1.90582393E-21
1677:  warning! max/min of tend_wetls =  3.23519506E-22,  -1.90582393E-21
1677:  warning! max/min of tend_wetls =  3.23519506E-22,  -1.90582393E-21
 496:  warning! max/min of tend_wetls =  1.49399659E-9,  -1.23832744E-9
 496:  warning! max/min of tend_wetls =  1.49399659E-9,  -1.23832744E-9
 496:  warning! max/min of tend_wetls =  1.49399659E-9,  -1.23832744E-9
 496:  warning! max/min of tend_wetls =  1.49399659E-9,  -1.23832744E-9
1398:  warning! max/min of tend_wetls =  5.39691716E-18,  -7.51713451E-18
1398:  warning! max/min of tend_wetls =  5.39691716E-18,  -7.51713451E-18
1398:  warning! max/min of tend_wetls =  5.39691716E-18,  -7.51713451E-18
1398:  warning! max/min of tend_wetls =  5.39691716E-18,  -7.51713451E-18
 496:  warning! max/min of tend_wetls =  2*0.
 192:  warning! max/min of tend_wetls =  5.86927218E-9,  -6.02368422E-9
 192:  warning! max/min of tend_wetls =  5.86927218E-9,  -6.02368422E-9
 192:  warning! max/min of tend_wetls =  5.86927218E-9,  -6.02368422E-9
 436:  warning! max/min of tend_wetls =  4.29357279E-11,  -4.47347819E-11
 436:  warning! max/min of tend_wetls =  4.29357279E-11,  -4.47347819E-11
 436:  warning! max/min of tend_wetls =  4.29357279E-11,  -4.47347819E-11
 192:  warning! max/min of tend_wetls =  5.86927218E-9,  -6.02368422E-9
 436:  warning! max/min of tend_wetls =  4.29357279E-11,  -4.47347819E-11
1804:  warning! max/min of tend_wetls =  1.1848492E-8,  -1.5308613E-8
1804:  warning! max/min of tend_wetls =  1.1848492E-8,  -1.5308613E-8
1804:  warning! max/min of tend_wetls =  1.1848492E-8,  -1.5308613E-8
1804:  warning! max/min of tend_wetls =  1.1848492E-8,  -1.5308613E-8
 434:  warning! max/min of tend_wetls =  4.3291945E-10,  -3.26963318E-10
 434:  warning! max/min of tend_wetls =  4.3291945E-10,  -3.26963318E-10
 434:  warning! max/min of tend_wetls =  4.3291945E-10,  -3.26963318E-10
 434:  warning! max/min of tend_wetls =  4.3291945E-10,  -3.26963318E-10
 192:  warning! max/min of tend_wetls =  7.5686124E-9,  -6.66477673E-9
 192:  warning! max/min of tend_wetls =  7.5686124E-9,  -6.66477673E-9
 192:  warning! max/min of tend_wetls =  7.5686124E-9,  -6.66477673E-9
 192:  warning! max/min of tend_wetls =  8.33016234E-9,  -6.89154422E-9
2742:  warning! max/min of tend_wetls =  2.31249451E-5,  -2.33875271E-5
2742:  warning! max/min of tend_wetls =  2.31249451E-5,  -2.33875271E-5
2742:  warning! max/min of tend_wetls =  2.31249451E-5,  -2.33875271E-5
2742:  warning! max/min of tend_wetls =  2.31249451E-5,  -2.33875271E-5
1556:  warning! max/min of tend_wetls =  1.99037853E-8,  -2.92881523E-8
1556:  warning! max/min of tend_wetls =  1.99037853E-8,  -2.92881523E-8
1556:  warning! max/min of tend_wetls =  1.99037853E-8,  -2.92881523E-8
1556:  warning! max/min of tend_wetls =  1.99037853E-8,  -2.92881523E-8
 204:  warning! max/min of tend_wetls =  1.38161079E-15,  -1.08555128E-15
 204:  warning! max/min of tend_wetls =  1.38161079E-15,  -1.08555128E-15
 204:  warning! max/min of tend_wetls =  1.38161079E-15,  -1.08555128E-15
 204:  warning! max/min of tend_wetls =  1.38161079E-15,  -1.08555128E-15
2420:  warning! max/min of tend_wetls =  1.47297707E-9,  -2.06152118E-9
2420:  warning! max/min of tend_wetls =  1.47297707E-9,  -2.06152118E-9
2420:  warning! max/min of tend_wetls =  1.47297707E-9,  -2.06152118E-9
2420:  warning! max/min of tend_wetls =  1.47297707E-9,  -2.06152118E-9
2742:  warning! max/min of tend_wetls =  2*0.
2742:  warning! max/min of tend_wetls =  2*0.
   6:  warning! max/min of tend_wetls =  8.84497666E-8,  -7.94322332E-8
   6:  warning! max/min of tend_wetls =  8.84497666E-8,  -7.94322332E-8
   6:  warning! max/min of tend_wetls =  8.84497666E-8,  -7.94322332E-8
   6:  warning! max/min of tend_wetls =  8.84497666E-8,  -7.94322332E-8
   6:  warning! max/min of tend_wetls =  8.55393836E-8,  -7.94322332E-8
   6:  warning! max/min of tend_wetls =  8.55393836E-8,  -7.94322332E-8
   6:  warning! max/min of tend_wetls =  8.55393836E-8,  -7.94322332E-8
   6:  warning! max/min of tend_wetls =  8.55393836E-8,  -7.23634344E-8
3140:  warning! max/min of tend_wetls =  2.00456931E-17,  -4.78012654E-17
3140:  warning! max/min of tend_wetls =  2.00456931E-17,  -4.78012654E-17
3140:  warning! max/min of tend_wetls =  2.00456931E-17,  -4.78012654E-17
3140:  warning! max/min of tend_wetls =  2.00456931E-17,  -4.78012654E-17
   6:  warning! max/min of tend_wetls =  8.55393836E-8,  -7.88323717E-8
   6:  warning! max/min of tend_wetls =  8.55393836E-8,  -7.88323717E-8
   6:  warning! max/min of tend_wetls =  8.55393836E-8,  -7.88323717E-8
   6:  warning! max/min of tend_wetls =  8.17752905E-8,  -7.88323717E-8
3127:  warning! max/min of tend_wetls =  1.15956191E-3,  -2.81810737E-3
3127:  warning! max/min of tend_wetls =  1.15956191E-3,  -2.81810737E-3
3127:  warning! max/min of tend_wetls =  1.15956191E-3,  -2.81810737E-3
3127:  warning! max/min of tend_wetls =  1.15956191E-3,  -2.81810737E-3
2017:  warning! max/min of tend_wetls =  1.23358106E-17,  -2.23586572E-17
2017:  warning! max/min of tend_wetls =  1.23358106E-17,  -2.23586572E-17
2017:  warning! max/min of tend_wetls =  1.23358106E-17,  -2.23586572E-17
2017:  warning! max/min of tend_wetls =  1.23358106E-17,  -2.23586572E-17
  51:  warning! max/min of tend_wetls =  2.36847564E-15,  -1.12749309E-14
  51:  warning! max/min of tend_wetls =  2.36847564E-15,  -1.12749309E-14
  51:  warning! max/min of tend_wetls =  2.36847564E-15,  -1.12749309E-14
  51:  warning! max/min of tend_wetls =  2.36847564E-15,  -1.12749309E-14
2645:  warning! max/min of tend_wetls =  1.9737297E-15,  -2.07241624E-15
2645:  warning! max/min of tend_wetls =  1.9737297E-15,  -2.07241624E-15
2645:  warning! max/min of tend_wetls =  1.9737297E-15,  -2.07241624E-15
2645:  warning! max/min of tend_wetls =  1.9737297E-15,  -2.07241624E-15
 341:  warning! max/min of tend_wetls =  1.6383499E-18,  -2.9393923E-18
 341:  warning! max/min of tend_wetls =  1.6383499E-18,  -2.9393923E-18
 341:  warning! max/min of tend_wetls =  1.6383499E-18,  -2.9393923E-18
 341:  warning! max/min of tend_wetls =  1.6383499E-18,  -2.9393923E-18
1932:  warning! max/min of tend_wetls =  2.30243624E-9,  -2.83600632E-9
1932:  warning! max/min of tend_wetls =  2.30243624E-9,  -2.83600632E-9
1932:  warning! max/min of tend_wetls =  2.30243624E-9,  -2.83600632E-9
1932:  warning! max/min of tend_wetls =  2.30243624E-9,  -2.83600632E-9
3319:  warning! max/min of tend_wetls =  5.18694918E-8,  -4.12239558E-8
3319:  warning! max/min of tend_wetls =  5.18694918E-8,  -4.12239558E-8
3319:  warning! max/min of tend_wetls =  5.18694918E-8,  -4.12239558E-8
3319:  warning! max/min of tend_wetls =  5.18694918E-8,  -4.12239558E-8
2198:  warning! max/min of tend_wetls =  2.52637402E-14,  -5.05274804E-14
2198:  warning! max/min of tend_wetls =  2.52637402E-14,  -5.05274804E-14
2198:  warning! max/min of tend_wetls =  2.52637402E-14,  -5.05274804E-14
2198:  warning! max/min of tend_wetls =  2.52637402E-14,  -5.05274804E-14
1242:  warning! max/min of tend_wetls =  7.40148639E-17,  -6.63049847E-17
1242:  warning! max/min of tend_wetls =  7.40148639E-17,  -6.63049847E-17
1242:  warning! max/min of tend_wetls =  7.40148639E-17,  -6.63049847E-17
1242:  warning! max/min of tend_wetls =  7.40148639E-17,  -6.63049847E-17
2473:  warning! max/min of tend_wetls =  4.91076025E-6,  -6.89137278E-6
2473:  warning! max/min of tend_wetls =  4.91076025E-6,  -6.89137278E-6
2473:  warning! max/min of tend_wetls =  4.91076025E-6,  -6.89137278E-6
2473:  warning! max/min of tend_wetls =  4.91076025E-6,  -6.89137278E-6
2101:  warning! max/min of tend_wetls =  2.00456931E-17,  -4.16333601E-17
2101:  warning! max/min of tend_wetls =  2.00456931E-17,  -4.16333601E-17
2101:  warning! max/min of tend_wetls =  2.00456931E-17,  -4.16333601E-17
2101:  warning! max/min of tend_wetls =  2.00456931E-17,  -4.16333601E-17
1914:  warning! max/min of tend_wetls =  1.31428233E-5,  -1.2389487E-5
1914:  warning! max/min of tend_wetls =  1.31428233E-5,  -1.2389487E-5
1914:  warning! max/min of tend_wetls =  1.31428233E-5,  -1.2389487E-5
1914:  warning! max/min of tend_wetls =  1.31428233E-5,  -1.2389487E-5
1568:  warning! max/min of tend_wetls =  4.59544757E-25,  -2.75726845E-24
1568:  warning! max/min of tend_wetls =  4.59544757E-25,  -2.75726845E-24
1568:  warning! max/min of tend_wetls =  4.59544757E-25,  -2.75726845E-24
1568:  warning! max/min of tend_wetls =  4.59544757E-25,  -2.75726845E-24
3410:  warning! max/min of tend_wetls =  3.24721128E-7,  -5.74638932E-7
3410:  warning! max/min of tend_wetls =  3.24721128E-7,  -5.74638932E-7
3410:  warning! max/min of tend_wetls =  3.24721128E-7,  -5.74638932E-7
3410:  warning! max/min of tend_wetls =  3.24721128E-7,  -5.74638932E-7
 558:  warning! max/min of tend_wetls =  1.56513924E-9,  -1.51168111E-9
 558:  warning! max/min of tend_wetls =  1.56513924E-9,  -1.51168111E-9
 558:  warning! max/min of tend_wetls =  1.56513924E-9,  -1.51168111E-9
 558:  warning! max/min of tend_wetls =  1.56513924E-9,  -1.51168111E-9
 992:  warning! max/min of tend_wetls =  3.2832756E-10,  -2.73050499E-10
 992:  warning! max/min of tend_wetls =  3.2832756E-10,  -2.73050499E-10
 992:  warning! max/min of tend_wetls =  3.2832756E-10,  -2.73050499E-10
 992:  warning! max/min of tend_wetls =  3.2832756E-10,  -2.73050499E-10
 254:  warning! max/min of tend_wetls =  3.96976212E-8,  -4.59614142E-8
 254:  warning! max/min of tend_wetls =  3.96976212E-8,  -4.59614142E-8
 254:  warning! max/min of tend_wetls =  3.96976212E-8,  -4.59614142E-8
 254:  warning! max/min of tend_wetls =  3.96976212E-8,  -4.59614142E-8
 562:  warning! max/min of tend_wetls =  3.44249929E-5,  -3.19778883E-5
 254:  warning! max/min of tend_wetls =  4.23105E-8,  -2.63139039E-8
 562:  warning! max/min of tend_wetls =  3.44249929E-5,  -3.19778883E-5
 562:  warning! max/min of tend_wetls =  3.44249929E-5,  -3.19778883E-5
 254:  warning! max/min of tend_wetls =  4.23105E-8,  -2.63139039E-8
 254:  warning! max/min of tend_wetls =  4.23105E-8,  -2.63139039E-8
 992:  warning! max/min of tend_wetls =  2.58599642E-10,  -1.83351598E-10
 992:  warning! max/min of tend_wetls =  2.58599642E-10,  -1.83351598E-10
 992:  warning! max/min of tend_wetls =  2.58599642E-10,  -1.83351598E-10
 992:  warning! max/min of tend_wetls =  5.78241124E-19,  -4.21634147E-19
 562:  warning! max/min of tend_wetls =  3.44249929E-5,  -3.19778883E-5
 254:  warning! max/min of tend_wetls =  4.23105E-8,  -2.63139039E-8
 254:  warning! max/min of tend_wetls =  4.23622382E-8,  -4.4622638E-8
 254:  warning! max/min of tend_wetls =  4.23622382E-8,  -4.4622638E-8
 254:  warning! max/min of tend_wetls =  4.23622382E-8,  -4.4622638E-8
 254:  warning! max/min of tend_wetls =  4.23622382E-8,  -4.4622638E-8
2232:  warning! max/min of tend_wetls =  3.85494083E-18,  -3.31524924E-17
2232:  warning! max/min of tend_wetls =  3.85494083E-18,  -3.31524924E-17
2232:  warning! max/min of tend_wetls =  3.85494083E-18,  -3.31524924E-17
2232:  warning! max/min of tend_wetls =  3.85494083E-18,  -3.31524924E-17
1085:  warning! max/min of tend_wetls =  1.92747041E-18,  -2.3129645E-18
1085:  warning! max/min of tend_wetls =  1.92747041E-18,  -2.3129645E-18
1085:  warning! max/min of tend_wetls =  1.92747041E-18,  -2.3129645E-18
1085:  warning! max/min of tend_wetls =  1.92747041E-18,  -2.3129645E-18
 713:  warning! max/min of tend_wetls =  1.51824975E-9,  -2.58225752E-9
 713:  warning! max/min of tend_wetls =  1.51824975E-9,  -2.58225752E-9
 713:  warning! max/min of tend_wetls =  1.51824975E-9,  -2.58225752E-9
 713:  warning! max/min of tend_wetls =  1.51824975E-9,  -2.58225752E-9
2859:  warning! max/min of tend_wetls =  2.52637402E-13,  -2.82638089E-13
2859:  warning! max/min of tend_wetls =  2.52637402E-13,  -2.82638089E-13
2859:  warning! max/min of tend_wetls =  2.52637402E-13,  -2.82638089E-13
2859:  warning! max/min of tend_wetls =  2.52637402E-13,  -2.82638089E-13
 713:  warning! max/min of tend_wetls =  2*0.
 713:  warning! max/min of tend_wetls =  2*0.
 713:  warning! max/min of tend_wetls =  2*0.
3565:  warning! max/min of tend_wetls =  2.72722275E-7,  -2.21635361E-7
3565:  warning! max/min of tend_wetls =  2.72722275E-7,  -2.21635361E-7
3565:  warning! max/min of tend_wetls =  2.72722275E-7,  -2.21635361E-7
3565:  warning! max/min of tend_wetls =  2.72722275E-7,  -2.21635361E-7
2203:  warning! max/min of tend_wetls =  4.68895012E-9,  -9.63740909E-9
2203:  warning! max/min of tend_wetls =  4.68895012E-9,  -9.63740909E-9
2203:  warning! max/min of tend_wetls =  4.68895012E-9,  -9.63740909E-9
2203:  warning! max/min of tend_wetls =  4.68895012E-9,  -9.63740909E-9
1491:  warning! max/min of tend_wetls =  1.83758342E-9,  -1.51056956E-9
1491:  warning! max/min of tend_wetls =  1.83758342E-9,  -1.51056956E-9
1491:  warning! max/min of tend_wetls =  1.83758342E-9,  -1.51056956E-9
1491:  warning! max/min of tend_wetls =  1.83758342E-9,  -1.51056956E-9
1178:  warning! max/min of tend_wetls =  4.82032136E-10,  -3.21986382E-10
1178:  warning! max/min of tend_wetls =  4.82032136E-10,  -3.21986382E-10
1178:  warning! max/min of tend_wetls =  4.82032136E-10,  -3.21986382E-10
1178:  warning! max/min of tend_wetls =  4.82032136E-10,  -3.21986382E-10
2684:  warning! max/min of tend_wetls =  1.54407042E-23,  -1.2867253E-23
2684:  warning! max/min of tend_wetls =  1.54407042E-23,  -1.2867253E-23
2684:  warning! max/min of tend_wetls =  1.54407042E-23,  -1.2867253E-23
2684:  warning! max/min of tend_wetls =  1.54407042E-23,  -1.2867253E-23
 857:  warning! max/min of tend_wetls =  3.28428636E-13,  -3.34744548E-13
 857:  warning! max/min of tend_wetls =  3.28428636E-13,  -3.34744548E-13
 857:  warning! max/min of tend_wetls =  3.28428636E-13,  -3.34744548E-13
 857:  warning! max/min of tend_wetls =  3.28428636E-13,  -3.34744548E-13
2294:  warning! max/min of tend_wetls =  9.86864852E-17,  -2.71387821E-16
2294:  warning! max/min of tend_wetls =  9.86864852E-17,  -2.71387821E-16
2294:  warning! max/min of tend_wetls =  9.86864852E-17,  -2.71387821E-16
2294:  warning! max/min of tend_wetls =  9.86864852E-17,  -2.71387821E-16
2449:  warning! max/min of tend_wetls =  1.7720998E-9,  -5.70354208E-10
2449:  warning! max/min of tend_wetls =  1.7720998E-9,  -5.70354208E-10
2449:  warning! max/min of tend_wetls =  1.7720998E-9,  -5.70354208E-10
2449:  warning! max/min of tend_wetls =  1.7720998E-9,  -5.70354208E-10
2203:  warning! max/min of tend_wetls =  2*0.
1030:  warning! max/min of tend_wetls =  1.11160452E-12,  -1.86951669E-12
1030:  warning! max/min of tend_wetls =  1.11160452E-12,  -1.86951669E-12
1030:  warning! max/min of tend_wetls =  1.11160452E-12,  -1.86951669E-12
1030:  warning! max/min of tend_wetls =  1.11160452E-12,  -1.86951669E-12
3040:  warning! max/min of tend_wetls =  2.36847564E-15,  -2.71387832E-15
3040:  warning! max/min of tend_wetls =  2.36847564E-15,  -2.71387832E-15
3040:  warning! max/min of tend_wetls =  2.36847564E-15,  -2.71387832E-15
3040:  warning! max/min of tend_wetls =  2.36847564E-15,  -2.71387832E-15
 372:  warning! max/min of tend_wetls =  1.54929385E-8,  -3.84995147E-8
 372:  warning! max/min of tend_wetls =  1.54929385E-8,  -3.84995147E-8
 372:  warning! max/min of tend_wetls =  1.54929385E-8,  -3.84995147E-8
 372:  warning! max/min of tend_wetls =  1.54929385E-8,  -3.84995147E-8
1000:  warning! max/min of tend_wetls =  1.10528863E-14,  -3.78956103E-14
1000:  warning! max/min of tend_wetls =  1.10528863E-14,  -3.78956103E-14
1000:  warning! max/min of tend_wetls =  1.10528863E-14,  -3.78956103E-14
1000:  warning! max/min of tend_wetls =  1.10528863E-14,  -3.78956103E-14
1620:  warning! max/min of tend_wetls =  3.47376411E-14,  -8.21071591E-14
1620:  warning! max/min of tend_wetls =  3.47376411E-14,  -8.21071591E-14
1620:  warning! max/min of tend_wetls =  3.47376411E-14,  -8.21071591E-14
1620:  warning! max/min of tend_wetls =  3.47376411E-14,  -8.21071591E-14
2108:  warning! max/min of tend_wetls =  3.32430394E-9,  -3.15645177E-9
2108:  warning! max/min of tend_wetls =  3.32430394E-9,  -3.15645177E-9
2108:  warning! max/min of tend_wetls =  3.32430394E-9,  -3.15645177E-9
2108:  warning! max/min of tend_wetls =  3.32430394E-9,  -3.15645177E-9
 249:  warning! max/min of tend_wetls =  5.56723911E-8,  -4.27632258E-8
 249:  warning! max/min of tend_wetls =  5.56723911E-8,  -4.27632258E-8
 249:  warning! max/min of tend_wetls =  5.56723911E-8,  -4.27632258E-8
 249:  warning! max/min of tend_wetls =  5.56723911E-8,  -4.27632258E-8
3443:  warning! max/min of tend_wetls =  2.65027169E-19,  -1.62630313E-19
3443:  warning! max/min of tend_wetls =  2.65027169E-19,  -1.62630313E-19
3443:  warning! max/min of tend_wetls =  2.65027169E-19,  -1.62630313E-19
3443:  warning! max/min of tend_wetls =  2.65027169E-19,  -1.62630313E-19
 255:  warning! max/min of tend_wetls =  1.74393244E-5,  -3.25913206E-5
 255:  warning! max/min of tend_wetls =  1.74393244E-5,  -3.25913206E-5
 255:  warning! max/min of tend_wetls =  1.74393244E-5,  -3.25913206E-5
 255:  warning! max/min of tend_wetls =  1.74393244E-5,  -3.25913206E-5
 133:  warning! max/min of tend_wetls =  4.41322709E-6,  -1.28791553E-5
 133:  warning! max/min of tend_wetls =  4.41322709E-6,  -1.28791553E-5
 133:  warning! max/min of tend_wetls =  4.41322709E-6,  -1.28791553E-5
 133:  warning! max/min of tend_wetls =  4.41322709E-6,  -1.28791553E-5
 372:  warning! max/min of tend_wetls =  2.20849561E-8,  -5.45163203E-8
 372:  warning! max/min of tend_wetls =  2.20849561E-8,  -5.45163203E-8
 372:  warning! max/min of tend_wetls =  2.20849561E-8,  -5.45163203E-8
 372:  warning! max/min of tend_wetls =  2.20849561E-8,  -5.45163203E-8
1300:  warning! max/min of tend_wetls =  3.6218098E-10,  -8.27842239E-10
1300:  warning! max/min of tend_wetls =  3.6218098E-10,  -8.27842239E-10
1300:  warning! max/min of tend_wetls =  3.6218098E-10,  -8.27842239E-10
1300:  warning! max/min of tend_wetls =  3.6218098E-10,  -8.27842239E-10
1030:  warning! max/min of tend_wetls =  1.13100465E-3,  -2.05357862E-3
1030:  warning! max/min of tend_wetls =  1.13100465E-3,  -2.05357862E-3
1030:  warning! max/min of tend_wetls =  1.13100465E-3,  -2.05357862E-3
1030:  warning! max/min of tend_wetls =  1.13100465E-3,  -2.05357862E-3
 321:  warning! max/min of tend_wetls =  5.24271969E-17,  -7.09309096E-17
 321:  warning! max/min of tend_wetls =  5.24271969E-17,  -7.09309096E-17
 321:  warning! max/min of tend_wetls =  5.24271969E-17,  -7.09309096E-17
 321:  warning! max/min of tend_wetls =  5.24271969E-17,  -7.09309096E-17
 374:  warning! max/min of tend_wetls =  1.85415647E-8,  -2.93374676E-8
 374:  warning! max/min of tend_wetls =  1.85415647E-8,  -2.93374676E-8
 374:  warning! max/min of tend_wetls =  1.85415647E-8,  -2.93374676E-8
 374:  warning! max/min of tend_wetls =  1.85415647E-8,  -2.93374676E-8
2198:  warning! max/min of tend_wetls =  1.50700398E-5,  -3.49796464E-5
2198:  warning! max/min of tend_wetls =  1.50700398E-5,  -3.49796464E-5
2198:  warning! max/min of tend_wetls =  1.50700398E-5,  -3.49796464E-5
2198:  warning! max/min of tend_wetls =  1.50700398E-5,  -3.49796464E-5
 839:  warning! max/min of tend_wetls =  2.90650242E-8,  -2.11423146E-8
 839:  warning! max/min of tend_wetls =  2.90650242E-8,  -2.11423146E-8
 839:  warning! max/min of tend_wetls =  2.90650242E-8,  -2.11423146E-8
 839:  warning! max/min of tend_wetls =  2.90650242E-8,  -2.11423146E-8
3365:  warning! max/min of tend_wetls =  7.17732762E-9,  -8.06136935E-9
3365:  warning! max/min of tend_wetls =  7.17732762E-9,  -8.06136935E-9
3365:  warning! max/min of tend_wetls =  7.17732762E-9,  -8.06136935E-9
3365:  warning! max/min of tend_wetls =  7.17732762E-9,  -8.06136935E-9
1211:  warning! max/min of tend_wetls =  5.57823371E-11,  -1.15606878E-10
1211:  warning! max/min of tend_wetls =  5.57823371E-11,  -1.15606878E-10
1211:  warning! max/min of tend_wetls =  5.57823371E-11,  -1.15606878E-10
1211:  warning! max/min of tend_wetls =  5.57823371E-11,  -1.15606878E-10
1178:  warning! max/min of tend_wetls =  5.55802279E-12,  -3.65692632E-12
1178:  warning! max/min of tend_wetls =  5.55802279E-12,  -3.65692632E-12
1178:  warning! max/min of tend_wetls =  5.55802279E-12,  -3.65692632E-12
1178:  warning! max/min of tend_wetls =  5.55802279E-12,  -3.65692632E-12
2482:  warning! max/min of tend_wetls =  2.93059396E-11,  -1.48108678E-11
2482:  warning! max/min of tend_wetls =  2.93059396E-11,  -1.48108678E-11
2482:  warning! max/min of tend_wetls =  2.93059396E-11,  -1.48108678E-11
2482:  warning! max/min of tend_wetls =  2.93059396E-11,  -1.48108678E-11
 321:  warning! max/min of tend_wetls =  8.89283612E-12,  -1.21265949E-11
 321:  warning! max/min of tend_wetls =  8.89283612E-12,  -1.21265949E-11
 321:  warning! max/min of tend_wetls =  8.89283612E-12,  -1.21265949E-11
 321:  warning! max/min of tend_wetls =  8.89283612E-12,  -1.21265949E-11
3131:  warning! max/min of tend_wetls =  3.44796291E-7,  -3.40113814E-7
3131:  warning! max/min of tend_wetls =  3.44796291E-7,  -3.40113814E-7
3131:  warning! max/min of tend_wetls =  3.44796291E-7,  -3.40113814E-7
3131:  warning! max/min of tend_wetls =  3.44796291E-7,  -3.40113814E-7
1893:  warning! max/min of tend_wetls =  1.80774687E-10,  -2.24416222E-10
1893:  warning! max/min of tend_wetls =  1.80774687E-10,  -2.24416222E-10
1893:  warning! max/min of tend_wetls =  1.80774687E-10,  -2.24416222E-10
1893:  warning! max/min of tend_wetls =  1.80774687E-10,  -2.24416222E-10
 942:  warning! max/min of tend_wetls =  4.73695129E-15,  -3.15796753E-15
 942:  warning! max/min of tend_wetls =  4.73695129E-15,  -3.15796753E-15
 942:  warning! max/min of tend_wetls =  4.73695129E-15,  -3.15796753E-15
 942:  warning! max/min of tend_wetls =  4.73695129E-15,  -3.15796753E-15
1893:  warning! max/min of tend_wetls =  1.14747906E-10,  -4.591882E-12
3131:  warning! max/min of tend_wetls =  3.44796291E-7,  -3.15666597E-7
1893:  warning! max/min of tend_wetls =  1.14747906E-10,  -4.591882E-12
3131:  warning! max/min of tend_wetls =  3.44796291E-7,  -3.15666597E-7
1893:  warning! max/min of tend_wetls =  1.14747906E-10,  -4.4416814E-12
2473:  warning! max/min of tend_wetls =  2.52637402E-14,  -2.2895265E-14
2473:  warning! max/min of tend_wetls =  2.52637402E-14,  -2.2895265E-14
2473:  warning! max/min of tend_wetls =  2.52637402E-14,  -2.2895265E-14
2473:  warning! max/min of tend_wetls =  2.52637402E-14,  -2.2895265E-14
3534:  warning! max/min of tend_wetls =  9.73335545E-7,  -8.58989779E-7
3534:  warning! max/min of tend_wetls =  9.73335545E-7,  -8.58989779E-7
3534:  warning! max/min of tend_wetls =  9.73335545E-7,  -8.58989779E-7
3534:  warning! max/min of tend_wetls =  9.73335545E-7,  -8.58989779E-7
1178:  warning! max/min of tend_wetls =  4.44843939E-10,  -3.4455952E-10
1178:  warning! max/min of tend_wetls =  4.44843939E-10,  -3.4455952E-10
1178:  warning! max/min of tend_wetls =  4.44843939E-10,  -3.4455952E-10
1178:  warning! max/min of tend_wetls =  4.44843939E-10,  -3.4455952E-10
3534:  warning! max/min of tend_wetls =  2*0.
3534:  warning! max/min of tend_wetls =  2*0.
3172:  warning! max/min of tend_wetls =  9.39083549E-8,  -1.12702956E-7
3172:  warning! max/min of tend_wetls =  9.39083549E-8,  -1.12702956E-7
3172:  warning! max/min of tend_wetls =  9.39083549E-8,  -1.12702956E-7
3172:  warning! max/min of tend_wetls =  9.39083549E-8,  -1.12702956E-7
 527:  warning! max/min of tend_wetls =  1.6576171E-11,  -2.69429895E-11
 527:  warning! max/min of tend_wetls =  1.6576171E-11,  -2.69429895E-11
 527:  warning! max/min of tend_wetls =  1.6576171E-11,  -2.69429895E-11
 527:  warning! max/min of tend_wetls =  1.6576171E-11,  -2.69429895E-11
1491:  warning! max/min of tend_wetls =  1.94268046E-9,  -1.49925139E-9
1491:  warning! max/min of tend_wetls =  1.94268046E-9,  -1.49925139E-9
1491:  warning! max/min of tend_wetls =  1.94268046E-9,  -1.49925139E-9
1491:  warning! max/min of tend_wetls =  1.94268046E-9,  -1.49925139E-9
 527:  warning! max/min of tend_wetls =  2*0.
 527:  warning! max/min of tend_wetls =  2*0.
2449:  warning! max/min of tend_wetls =  1.57898376E-15,  -9.86864852E-16
2449:  warning! max/min of tend_wetls =  1.57898376E-15,  -9.86864852E-16
2449:  warning! max/min of tend_wetls =  1.57898376E-15,  -9.86864852E-16
2449:  warning! max/min of tend_wetls =  1.57898376E-15,  -9.86864852E-16
1617:  warning! max/min of tend_wetls =  6.66364003E-3,  -8.28679372E-3
1617:  warning! max/min of tend_wetls =  6.66364003E-3,  -8.28679372E-3
1617:  warning! max/min of tend_wetls =  6.66364003E-3,  -8.28679372E-3
1617:  warning! max/min of tend_wetls =  6.66364003E-3,  -8.28679372E-3
1774:  warning! max/min of tend_wetls =  5.5068067E-5,  -4.94116539E-5
1774:  warning! max/min of tend_wetls =  5.5068067E-5,  -4.94116539E-5
1774:  warning! max/min of tend_wetls =  5.5068067E-5,  -4.94116539E-5
1774:  warning! max/min of tend_wetls =  5.5068067E-5,  -4.94116539E-5
3410:  warning! max/min of tend_wetls =  2.65116483E-7,  -4.52325224E-7
3410:  warning! max/min of tend_wetls =  2.65116483E-7,  -4.52325224E-7
3410:  warning! max/min of tend_wetls =  2.65116483E-7,  -4.52325224E-7
3410:  warning! max/min of tend_wetls =  2.65116483E-7,  -4.52325224E-7
3187:  warning! max/min of tend_wetls =  3.39932711E-7,  -2.73006862E-7
3187:  warning! max/min of tend_wetls =  3.39932711E-7,  -2.73006862E-7
3187:  warning! max/min of tend_wetls =  3.39932711E-7,  -2.73006862E-7
3187:  warning! max/min of tend_wetls =  3.39932711E-7,  -2.73006862E-7
3416:  warning! max/min of tend_wetls =  1.11793286E-17,  -6.39920157E-17
3416:  warning! max/min of tend_wetls =  1.11793286E-17,  -6.39920157E-17
3416:  warning! max/min of tend_wetls =  1.11793286E-17,  -6.39920157E-17
3416:  warning! max/min of tend_wetls =  1.11793286E-17,  -6.39920157E-17
3614:  warning! max/min of tend_wetls =  2.15876686E-17,  -1.77327274E-17
3614:  warning! max/min of tend_wetls =  2.15876686E-17,  -1.77327274E-17
3614:  warning! max/min of tend_wetls =  2.15876686E-17,  -1.77327274E-17
3614:  warning! max/min of tend_wetls =  2.15876686E-17,  -1.77327274E-17
3273:  warning! max/min of tend_wetls =  1.83817903E-24,  -2.75726845E-24
3273:  warning! max/min of tend_wetls =  1.83817903E-24,  -2.75726845E-24
3273:  warning! max/min of tend_wetls =  1.83817903E-24,  -2.75726845E-24
3273:  warning! max/min of tend_wetls =  1.83817903E-24,  -2.75726845E-24
1426:  warning! max/min of tend_wetls =  3.61400703E-20,  -5.06337448E-20
1426:  warning! max/min of tend_wetls =  3.61400703E-20,  -5.06337448E-20
1426:  warning! max/min of tend_wetls =  3.61400703E-20,  -5.06337448E-20
1426:  warning! max/min of tend_wetls =  3.61400703E-20,  -5.06337448E-20
 668:  warning! max/min of tend_wetls =  1.22864677E-13,  -1.82027218E-13
 668:  warning! max/min of tend_wetls =  1.22864677E-13,  -1.82027218E-13
 668:  warning! max/min of tend_wetls =  1.22864677E-13,  -1.82027218E-13
 668:  warning! max/min of tend_wetls =  1.22864677E-13,  -1.82027218E-13
 766:  warning! max/min of tend_wetls =  3.70074319E-17,  -8.63506745E-17
 766:  warning! max/min of tend_wetls =  3.70074319E-17,  -8.63506745E-17
 766:  warning! max/min of tend_wetls =  3.70074319E-17,  -8.63506745E-17
 766:  warning! max/min of tend_wetls =  3.70074319E-17,  -8.63506745E-17
2636:  warning! max/min of tend_wetls =  3.08395266E-18,  -3.08395266E-17
2636:  warning! max/min of tend_wetls =  3.08395266E-18,  -3.08395266E-17
2636:  warning! max/min of tend_wetls =  3.08395266E-18,  -3.08395266E-17
2636:  warning! max/min of tend_wetls =  3.08395266E-18,  -3.08395266E-17
1568:  warning! max/min of tend_wetls =  4.81867603E-20,  -7.22801405E-20
1568:  warning! max/min of tend_wetls =  4.81867603E-20,  -7.22801405E-20
1568:  warning! max/min of tend_wetls =  4.81867603E-20,  -7.22801405E-20
1568:  warning! max/min of tend_wetls =  4.81867603E-20,  -7.22801405E-20
1643:  warning! max/min of tend_wetls =  4.3752757E-9,  -3.28074923E-9
1643:  warning! max/min of tend_wetls =  4.3752757E-9,  -3.28074923E-9
1643:  warning! max/min of tend_wetls =  4.3752757E-9,  -3.28074923E-9
1643:  warning! max/min of tend_wetls =  4.3752757E-9,  -3.28074923E-9
1374:  warning! max/min of tend_wetls =  2.01372629E-7,  -5.07402603E-7
1374:  warning! max/min of tend_wetls =  2.01372629E-7,  -5.07402603E-7
1374:  warning! max/min of tend_wetls =  2.01372629E-7,  -5.07402603E-7
1374:  warning! max/min of tend_wetls =  2.01372629E-7,  -5.07402603E-7
2608:  warning! max/min of tend_wetls =  5.174014E-10,  -1.99199546E-9
2608:  warning! max/min of tend_wetls =  5.174014E-10,  -1.99199546E-9
2608:  warning! max/min of tend_wetls =  5.174014E-10,  -1.99199546E-9
2608:  warning! max/min of tend_wetls =  5.174014E-10,  -1.99199546E-9
1746:  warning! max/min of tend_wetls =  2.45972615E-7,  -2.06339678E-7
1746:  warning! max/min of tend_wetls =  2.45972615E-7,  -2.06339678E-7
1746:  warning! max/min of tend_wetls =  2.45972615E-7,  -2.06339678E-7
1746:  warning! max/min of tend_wetls =  2.45972615E-7,  -2.06339678E-7
 668:  warning! max/min of tend_wetls =  3.76459065E-21,  -1.84700222E-21
 668:  warning! max/min of tend_wetls =  3.76459065E-21,  -1.84700222E-21
 668:  warning! max/min of tend_wetls =  3.76459065E-21,  -1.84700222E-21
 668:  warning! max/min of tend_wetls =  3.76459065E-21,  -1.84700222E-21
3038:  warning! max/min of tend_wetls =  3.33672176E-7,  -3.63060565E-7
3038:  warning! max/min of tend_wetls =  3.33672176E-7,  -3.63060565E-7
3038:  warning! max/min of tend_wetls =  3.33672176E-7,  -3.63060565E-7
3038:  warning! max/min of tend_wetls =  3.33672176E-7,  -3.63060565E-7
1984:  warning! max/min of tend_wetls =  3.29679897E-5,  -2.98105988E-5
1984:  warning! max/min of tend_wetls =  3.29679897E-5,  -2.98105988E-5
1984:  warning! max/min of tend_wetls =  3.29679897E-5,  -2.98105988E-5
1984:  warning! max/min of tend_wetls =  3.29679897E-5,  -2.98105988E-5
2482:  warning! max/min of tend_wetls =  7.60903429E-9,  -9.32656441E-9
2482:  warning! max/min of tend_wetls =  7.60903429E-9,  -9.32656441E-9
2482:  warning! max/min of tend_wetls =  7.60903429E-9,  -9.32656441E-9
2482:  warning! max/min of tend_wetls =  7.60903429E-9,  -9.32656441E-9
 321:  warning! max/min of tend_wetls =  8.16873353E-7,  -5.05294224E-7
 321:  warning! max/min of tend_wetls =  8.16873353E-7,  -5.05294224E-7
 321:  warning! max/min of tend_wetls =  8.16873353E-7,  -5.05294224E-7
 321:  warning! max/min of tend_wetls =  8.16873353E-7,  -5.05294224E-7
2449:  warning! max/min of tend_wetls =  3.21409743E-7,  -2.73446631E-7
2449:  warning! max/min of tend_wetls =  3.21409743E-7,  -2.73446631E-7
2449:  warning! max/min of tend_wetls =  3.21409743E-7,  -2.73446631E-7
2449:  warning! max/min of tend_wetls =  3.21409743E-7,  -2.73446631E-7
 870:  warning! max/min of tend_wetls =  5.65907781E-12,  -8.38756148E-12
 496:  warning! max/min of tend_wetls =  2.4988871E-9,  -4.1321373E-9
 496:  warning! max/min of tend_wetls =  4.00986089E-9,  -4.1321373E-9
 496:  warning! max/min of tend_wetls =  4.00986089E-9,  -4.1321373E-9
 496:  warning! max/min of tend_wetls =  4.00986089E-9,  -4.1321373E-9
3273:  warning! max/min of tend_wetls =  1.50583626E-21,  -1.58818668E-21
3273:  warning! max/min of tend_wetls =  1.50583626E-21,  -1.58818668E-21
3273:  warning! max/min of tend_wetls =  1.50583626E-21,  -1.58818668E-21
3273:  warning! max/min of tend_wetls =  1.50583626E-21,  -1.58818668E-21
1797:  warning! max/min of tend_wetls =  4.24430846E-12,  -5.65907781E-12
1797:  warning! max/min of tend_wetls =  4.24430846E-12,  -5.65907781E-12
1797:  warning! max/min of tend_wetls =  4.24430846E-12,  -5.65907781E-12
1797:  warning! max/min of tend_wetls =  4.24430846E-12,  -5.65907781E-12
2203:  warning! max/min of tend_wetls =  5.28315347E-9,  -7.39156425E-9
2203:  warning! max/min of tend_wetls =  5.28315347E-9,  -7.39156425E-9
2203:  warning! max/min of tend_wetls =  5.28315347E-9,  -7.39156425E-9
2203:  warning! max/min of tend_wetls =  5.28315347E-9,  -7.39156425E-9
1491:  warning! max/min of tend_wetls =  5.39691716E-18,  -5.39691716E-18
1491:  warning! max/min of tend_wetls =  5.39691716E-18,  -5.39691716E-18
1491:  warning! max/min of tend_wetls =  5.39691716E-18,  -5.39691716E-18
1491:  warning! max/min of tend_wetls =  5.39691716E-18,  -5.39691716E-18
 496:  warning! max/min of tend_wetls =  4.51756099E-9,  -4.73058481E-9
 496:  warning! max/min of tend_wetls =  4.51756099E-9,  -4.73058481E-9
 496:  warning! max/min of tend_wetls =  4.51756099E-9,  -4.73058481E-9
 496:  warning! max/min of tend_wetls =  4.51756099E-9,  -4.73058481E-9
3273:  warning! max/min of tend_wetls =  1.50583626E-21,  -1.59406883E-21
3273:  warning! max/min of tend_wetls =  1.50583626E-21,  -1.59406883E-21
3273:  warning! max/min of tend_wetls =  1.50583626E-21,  -1.59406883E-21
3273:  warning! max/min of tend_wetls =  1.50583626E-21,  -1.59406883E-21
2203:  warning! max/min of tend_wetls =  2*0.
1829:  warning! max/min of tend_wetls =  8.41501617E-7,  -9.86994905E-7
1829:  warning! max/min of tend_wetls =  8.41501617E-7,  -9.86994905E-7
1829:  warning! max/min of tend_wetls =  8.41501617E-7,  -9.86994905E-7
1829:  warning! max/min of tend_wetls =  8.41501617E-7,  -9.86994905E-7
 440:  warning! max/min of tend_wetls =  7.5871742E-7,  -1.27715361E-6
 440:  warning! max/min of tend_wetls =  7.5871742E-7,  -1.27715361E-6
 496:  warning! max/min of tend_wetls =  4.51756099E-9,  -4.73058481E-9
 440:  warning! max/min of tend_wetls =  7.5871742E-7,  -1.27715361E-6
 496:  warning! max/min of tend_wetls =  4.51756099E-9,  -4.73058481E-9
 496:  warning! max/min of tend_wetls =  4.51756099E-9,  -4.73058481E-9
 496:  warning! max/min of tend_wetls =  4.50624293E-9,  -4.72250061E-9
 440:  warning! max/min of tend_wetls =  7.5871742E-7,  -1.27715361E-6
 496:  warning! max/min of tend_wetls =  3.55713445E-11,  -3.86556447E-11
 496:  warning! max/min of tend_wetls =  3.55713445E-11,  -3.86556447E-11
 496:  warning! max/min of tend_wetls =  3.55713445E-11,  -3.86556447E-11
3224:  warning! max/min of tend_wetls =  2.36847564E-15,  -5.83434505E-13
3224:  warning! max/min of tend_wetls =  2.36847564E-15,  -5.83434505E-13
3224:  warning! max/min of tend_wetls =  2.36847564E-15,  -5.83434505E-13
3224:  warning! max/min of tend_wetls =  2.36847564E-15,  -5.83434505E-13
 438:  warning! max/min of tend_wetls =  4.73695129E-15,  -4.78629435E-15
 438:  warning! max/min of tend_wetls =  4.73695129E-15,  -4.78629435E-15
 438:  warning! max/min of tend_wetls =  4.73695129E-15,  -4.78629435E-15
 438:  warning! max/min of tend_wetls =  4.73695129E-15,  -4.78629435E-15
1992:  warning! max/min of tend_wetls =  5.92118911E-16,  -3.94745941E-15
1992:  warning! max/min of tend_wetls =  5.92118911E-16,  -3.94745941E-15
1992:  warning! max/min of tend_wetls =  5.92118911E-16,  -3.94745941E-15
1992:  warning! max/min of tend_wetls =  5.92118911E-16,  -3.94745941E-15
2203:  warning! max/min of tend_wetls =  1.23358106E-17,  -1.83109697E-17
2203:  warning! max/min of tend_wetls =  1.23358106E-17,  -1.83109697E-17
2203:  warning! max/min of tend_wetls =  1.23358106E-17,  -1.83109697E-17
2203:  warning! max/min of tend_wetls =  1.23358106E-17,  -1.83109697E-17
1860:  warning! max/min of tend_wetls =  4.70628322E-7,  -6.17052933E-7
1860:  warning! max/min of tend_wetls =  4.70628322E-7,  -6.17052933E-7
1860:  warning! max/min of tend_wetls =  4.70628322E-7,  -6.17052933E-7
1860:  warning! max/min of tend_wetls =  4.70628322E-7,  -6.17052933E-7
1556:  warning! max/min of tend_wetls =  2.95306855E-8,  -2.89954976E-8
1556:  warning! max/min of tend_wetls =  2.95306855E-8,  -2.89954976E-8
1556:  warning! max/min of tend_wetls =  2.95306855E-8,  -2.89954976E-8
1556:  warning! max/min of tend_wetls =  2.95306855E-8,  -2.89954976E-8
2821:  warning! max/min of tend_wetls =  7.25500229E-7,  -9.11389634E-7
2821:  warning! max/min of tend_wetls =  7.25500229E-7,  -9.11389634E-7
2821:  warning! max/min of tend_wetls =  7.25500229E-7,  -9.11389634E-7
2821:  warning! max/min of tend_wetls =  7.25500229E-7,  -9.11389634E-7
1556:  warning! max/min of tend_wetls =  2.96082945E-8,  -2.89857969E-8
1556:  warning! max/min of tend_wetls =  2.96082945E-8,  -2.89857969E-8
1556:  warning! max/min of tend_wetls =  2.96082945E-8,  -2.89857969E-8
1556:  warning! max/min of tend_wetls =  2.96082945E-8,  -2.89857969E-8
1991:  warning! max/min of tend_wetls =  3.95682704E-8,  -4.41319123E-8
1991:  warning! max/min of tend_wetls =  3.95682704E-8,  -4.41319123E-8
1991:  warning! max/min of tend_wetls =  3.95682704E-8,  -4.41319123E-8
1991:  warning! max/min of tend_wetls =  3.95682704E-8,  -4.41319123E-8
1940:  warning! max/min of tend_wetls =  2.35286916E-22,  -7.32330502E-22
1940:  warning! max/min of tend_wetls =  2.35286916E-22,  -7.32330502E-22
1940:  warning! max/min of tend_wetls =  2.35286916E-22,  -7.32330502E-22
1940:  warning! max/min of tend_wetls =  2.35286916E-22,  -7.32330502E-22
2083:  warning! max/min of tend_wetls =  1.89983324E-11,  -3.84008866E-11
2083:  warning! max/min of tend_wetls =  1.89983324E-11,  -3.84008866E-11
2083:  warning! max/min of tend_wetls =  1.89983324E-11,  -3.84008866E-11
2083:  warning! max/min of tend_wetls =  1.89983324E-11,  -3.84008866E-11
   6:  warning! max/min of tend_wetls =  7.00108749E-10,  -5.84097659E-10
   6:  warning! max/min of tend_wetls =  7.00108749E-10,  -5.84097659E-10
   6:  warning! max/min of tend_wetls =  6.23856735E-8,  -5.33634861E-8
   6:  warning! max/min of tend_wetls =  6.23856735E-8,  -5.33634861E-8
   6:  warning! max/min of tend_wetls =  9.24078876E-8,  -8.42567971E-8
   6:  warning! max/min of tend_wetls =  9.24078876E-8,  -8.42567971E-8
   6:  warning! max/min of tend_wetls =  9.24078876E-8,  -8.42567971E-8
   6:  warning! max/min of tend_wetls =  9.24078876E-8,  -8.42567971E-8
   4:  warning! max/min of tend_wetls =  2.02092851E-5,  -3.37180136E-5
   4:  warning! max/min of tend_wetls =  2.02092851E-5,  -3.37180136E-5
   4:  warning! max/min of tend_wetls =  2.02092851E-5,  -3.37180136E-5
   4:  warning! max/min of tend_wetls =  2.02092851E-5,  -3.37180136E-5
   0:  warning! max/min of tend_wetls =  1.83010537E-10,  -2.57791205E-10
   0:  warning! max/min of tend_wetls =  1.83010537E-10,  -2.57791205E-10
   0:  warning! max/min of tend_wetls =  1.83010537E-10,  -2.57791205E-10
   0:  warning! max/min of tend_wetls =  1.83010537E-10,  -2.57791205E-10
1677:  warning! max/min of tend_wetls =  1.44560276E-18,  -1.06010868E-18
1677:  warning! max/min of tend_wetls =  1.44560276E-18,  -1.06010868E-18
1677:  warning! max/min of tend_wetls =  1.44560276E-18,  -1.06010868E-18
1677:  warning! max/min of tend_wetls =  1.44560276E-18,  -1.06010868E-18
2573:  warning! max/min of tend_wetls =  1.47847445E-7,  -1.32758728E-7
2573:  warning! max/min of tend_wetls =  1.47847445E-7,  -1.32758728E-7
2573:  warning! max/min of tend_wetls =  1.47847445E-7,  -1.32758728E-7
2573:  warning! max/min of tend_wetls =  1.47847445E-7,  -1.32758728E-7
1209:  warning! max/min of tend_wetls =  1.20538357E-9,  -1.56170332E-9
1209:  warning! max/min of tend_wetls =  1.20538357E-9,  -1.56170332E-9
1209:  warning! max/min of tend_wetls =  1.20538357E-9,  -1.56170332E-9
1209:  warning! max/min of tend_wetls =  1.20538357E-9,  -1.56170332E-9
1119:  warning! max/min of tend_wetls =  4.36638281E-9,  -5.17239718E-9
1119:  warning! max/min of tend_wetls =  4.36638281E-9,  -5.17239718E-9
1119:  warning! max/min of tend_wetls =  4.36638281E-9,  -5.17239718E-9
1119:  warning! max/min of tend_wetls =  4.36638281E-9,  -5.17239718E-9
1209:  warning! max/min of tend_wetls =  2*0.
1209:  warning! max/min of tend_wetls =  2*0.
2108:  warning! max/min of tend_wetls =  2.78051516E-7,  -3.18163046E-7
2108:  warning! max/min of tend_wetls =  2.78051516E-7,  -3.18163046E-7
2108:  warning! max/min of tend_wetls =  2.78051516E-7,  -3.18163046E-7
2108:  warning! max/min of tend_wetls =  2.78051516E-7,  -3.18163046E-7
2263:  warning! max/min of tend_wetls =  1.45519141E-9,  -4.2562732E-8
2263:  warning! max/min of tend_wetls =  1.45519141E-9,  -4.2562732E-8
2263:  warning! max/min of tend_wetls =  1.45519141E-9,  -4.2562732E-8
2263:  warning! max/min of tend_wetls =  1.45519141E-9,  -4.2562732E-8
 682:  warning! max/min of tend_wetls =  1.50583626E-21,  -2.54109864E-21
 682:  warning! max/min of tend_wetls =  1.50583626E-21,  -2.54109864E-21
 682:  warning! max/min of tend_wetls =  1.50583626E-21,  -2.54109864E-21
 682:  warning! max/min of tend_wetls =  1.50583626E-21,  -2.54109864E-21
2631:  warning! max/min of tend_wetls =  1.76264177E-4,  -3.73926392E-4
2631:  warning! max/min of tend_wetls =  1.76264177E-4,  -3.73926392E-4
2631:  warning! max/min of tend_wetls =  1.76264177E-4,  -3.73926392E-4
2631:  warning! max/min of tend_wetls =  1.76264177E-4,  -3.73926392E-4
2263:  warning! max/min of tend_wetls =  7.57320096E-13,  -1.23943911E-9
2263:  warning! max/min of tend_wetls =  7.57320096E-13,  -1.23943911E-9
2263:  warning! max/min of tend_wetls =  2*0.
1244:  warning! max/min of tend_wetls =  7.81483095E-7,  -7.23171922E-7
1244:  warning! max/min of tend_wetls =  7.81483095E-7,  -7.23171922E-7
1244:  warning! max/min of tend_wetls =  7.81483095E-7,  -7.23171922E-7
1244:  warning! max/min of tend_wetls =  7.81483095E-7,  -7.23171922E-7
1398:  warning! max/min of tend_wetls =  3.35623729E-9,  -1.94187222E-9
1398:  warning! max/min of tend_wetls =  3.35623729E-9,  -1.94187222E-9
1398:  warning! max/min of tend_wetls =  3.35623729E-9,  -1.94187222E-9
1398:  warning! max/min of tend_wetls =  3.35623729E-9,  -1.94187222E-9
3658:  warning! max/min of tend_wetls =  1.23358106E-16,  -1.23358106E-16
3658:  warning! max/min of tend_wetls =  1.23358106E-16,  -1.23358106E-16
3658:  warning! max/min of tend_wetls =  1.23358106E-16,  -1.23358106E-16
3658:  warning! max/min of tend_wetls =  1.23358106E-16,  -1.23358106E-16
1244:  warning! max/min of tend_wetls =  7.58303486E-7,  -7.23171922E-7
1244:  warning! max/min of tend_wetls =  7.58303486E-7,  -7.23171922E-7
1244:  warning! max/min of tend_wetls =  7.58303486E-7,  -7.23171922E-7
1244:  warning! max/min of tend_wetls =  7.58303486E-7,  -7.20015805E-7
 330:  warning! max/min of tend_wetls =  1.42108539E-14,  -1.2434497E-14
 330:  warning! max/min of tend_wetls =  1.42108539E-14,  -1.2434497E-14
 330:  warning! max/min of tend_wetls =  1.42108539E-14,  -1.2434497E-14
 330:  warning! max/min of tend_wetls =  1.42108539E-14,  -1.2434497E-14
1244:  warning! max/min of tend_wetls =  8.06939227E-7,  -7.25086295E-7
1244:  warning! max/min of tend_wetls =  8.06939227E-7,  -7.25086295E-7
1244:  warning! max/min of tend_wetls =  8.06939227E-7,  -7.25086295E-7
1244:  warning! max/min of tend_wetls =  8.06939227E-7,  -7.25086295E-7
3410:  warning! max/min of tend_wetls =  9.86864852E-16,  -7.89491882E-16
3410:  warning! max/min of tend_wetls =  9.86864852E-16,  -7.89491882E-16
3410:  warning! max/min of tend_wetls =  9.86864852E-16,  -7.89491882E-16
3410:  warning! max/min of tend_wetls =  9.86864852E-16,  -7.89491882E-16
 992:  warning! max/min of tend_wetls =  3.20950544E-10,  -2.81311752E-10
 992:  warning! max/min of tend_wetls =  3.20950544E-10,  -2.81311752E-10
 254:  warning! max/min of tend_wetls =  3.03164872E-12,  -2.70322024E-12
 992:  warning! max/min of tend_wetls =  3.20950544E-10,  -2.81311752E-10
 254:  warning! max/min of tend_wetls =  3.03164872E-12,  -2.70322024E-12
 254:  warning! max/min of tend_wetls =  3.03164872E-12,  -2.70322024E-12
1178:  warning! max/min of tend_wetls =  4.85569085E-10,  -3.71174869E-10
1178:  warning! max/min of tend_wetls =  4.85569085E-10,  -3.71174869E-10
1178:  warning! max/min of tend_wetls =  4.85569085E-10,  -3.71174869E-10
1178:  warning! max/min of tend_wetls =  4.85569085E-10,  -3.71174869E-10
 992:  warning! max/min of tend_wetls =  3.20950544E-10,  -2.81311752E-10
 254:  warning! max/min of tend_wetls =  3.03164872E-12,  -2.70322024E-12
 562:  warning! max/min of tend_wetls =  4.28491148E-6,  -2.73146543E-6
 562:  warning! max/min of tend_wetls =  3.26236077E-5,  -2.7053884E-5
 562:  warning! max/min of tend_wetls =  3.26236077E-5,  -2.7053884E-5
 562:  warning! max/min of tend_wetls =  3.26236077E-5,  -2.94413821E-5
2945:  warning! max/min of tend_wetls =  1.57898376E-15,  -2.12175951E-15
2945:  warning! max/min of tend_wetls =  1.57898376E-15,  -2.12175951E-15
2945:  warning! max/min of tend_wetls =  1.57898376E-15,  -2.12175951E-15
2945:  warning! max/min of tend_wetls =  1.57898376E-15,  -2.12175951E-15
 992:  warning! max/min of tend_wetls =  3.20900029E-10,  -2.80882262E-10
 992:  warning! max/min of tend_wetls =  3.20900029E-10,  -2.80882262E-10
 992:  warning! max/min of tend_wetls =  3.20900029E-10,  -2.80882262E-10
 992:  warning! max/min of tend_wetls =  3.20900029E-10,  -2.80882262E-10
 254:  warning! max/min of tend_wetls =  3.92578308E-8,  -4.248189E-8
 254:  warning! max/min of tend_wetls =  3.92578308E-8,  -4.248189E-8
 254:  warning! max/min of tend_wetls =  3.92578308E-8,  -4.248189E-8
 562:  warning! max/min of tend_wetls =  1.64214318E-13,  -1.61056349E-13
 562:  warning! max/min of tend_wetls =  1.64214318E-13,  -1.61056349E-13
 562:  warning! max/min of tend_wetls =  1.64214318E-13,  -1.61056349E-13
 562:  warning! max/min of tend_wetls =  1.64214318E-13,  -1.61056349E-13
 254:  warning! max/min of tend_wetls =  3.92578308E-8,  -4.248189E-8
3629:  warning! max/min of tend_wetls =  4.93432426E-17,  -3.62364434E-17
3629:  warning! max/min of tend_wetls =  4.93432426E-17,  -3.62364434E-17
3629:  warning! max/min of tend_wetls =  4.93432426E-17,  -3.62364434E-17
3629:  warning! max/min of tend_wetls =  4.93432426E-17,  -3.62364434E-17
1056:  warning! max/min of tend_wetls =  1.32325404E-8,  -1.5661902E-8
1056:  warning! max/min of tend_wetls =  1.32325404E-8,  -1.5661902E-8
1056:  warning! max/min of tend_wetls =  1.32325404E-8,  -1.5661902E-8
1056:  warning! max/min of tend_wetls =  1.32325404E-8,  -1.5661902E-8
1030:  warning! max/min of tend_wetls =  5.68177958E-4,  -1.39511947E-3
1030:  warning! max/min of tend_wetls =  5.68177958E-4,  -1.39511947E-3
1030:  warning! max/min of tend_wetls =  5.68177958E-4,  -1.39511947E-3
1030:  warning! max/min of tend_wetls =  5.68177958E-4,  -1.39511947E-3
  76:  warning! max/min of tend_wetls =  2.34447513E-11,  -1.95036071E-11
  76:  warning! max/min of tend_wetls =  2.34447513E-11,  -1.95036071E-11
  76:  warning! max/min of tend_wetls =  2.34447513E-11,  -1.95036071E-11
  76:  warning! max/min of tend_wetls =  2.34447513E-11,  -1.95036071E-11
3443:  warning! max/min of tend_wetls =  2.65027169E-19,  -2.40933802E-19
3443:  warning! max/min of tend_wetls =  2.65027169E-19,  -2.40933802E-19
3443:  warning! max/min of tend_wetls =  2.65027169E-19,  -2.40933802E-19
3443:  warning! max/min of tend_wetls =  2.65027169E-19,  -2.40933802E-19
1300:  warning! max/min of tend_wetls =  3.6218098E-10,  -3.28577365E-9
1300:  warning! max/min of tend_wetls =  3.6218098E-10,  -3.28577365E-9
1300:  warning! max/min of tend_wetls =  3.6218098E-10,  -3.28577365E-9
1300:  warning! max/min of tend_wetls =  3.6218098E-10,  -3.28577365E-9
2356:  warning! max/min of tend_wetls =  1.72701349E-16,  -1.60365545E-16
2356:  warning! max/min of tend_wetls =  1.72701349E-16,  -1.60365545E-16
2356:  warning! max/min of tend_wetls =  1.72701349E-16,  -1.60365545E-16
2356:  warning! max/min of tend_wetls =  1.72701349E-16,  -1.60365545E-16
 992:  warning! max/min of tend_wetls =  3.85494083E-19,  -3.37307322E-19
 992:  warning! max/min of tend_wetls =  3.85494083E-19,  -3.37307322E-19
 992:  warning! max/min of tend_wetls =  3.85494083E-19,  -3.37307322E-19
 992:  warning! max/min of tend_wetls =  3.85494083E-19,  -3.37307322E-19
 374:  warning! max/min of tend_wetls =  1.15946417E-8,  -2.61274575E-8
 374:  warning! max/min of tend_wetls =  1.20328165E-8,  -2.61274575E-8
 374:  warning! max/min of tend_wetls =  1.20328165E-8,  -2.61274575E-8
 374:  warning! max/min of tend_wetls =  1.20328165E-8,  -2.61274575E-8
 374:  warning! max/min of tend_wetls =  1.20328165E-8,  -2.57855888E-8
 374:  warning! max/min of tend_wetls =  1.63806053E-8,  -2.55282018E-8
 374:  warning! max/min of tend_wetls =  1.63806053E-8,  -2.55282018E-8
 374:  warning! max/min of tend_wetls =  1.63806053E-8,  -2.55282018E-8
 374:  warning! max/min of tend_wetls =  1.63806053E-8,  -2.55282018E-8
1334:  warning! max/min of tend_wetls =  1.94180743E-7,  -1.53985127E-7
1334:  warning! max/min of tend_wetls =  1.94180743E-7,  -1.53985127E-7
1334:  warning! max/min of tend_wetls =  1.94180743E-7,  -1.53985127E-7
1334:  warning! max/min of tend_wetls =  1.94180743E-7,  -1.53985127E-7
 374:  warning! max/min of tend_wetls =  1.17935182E-8,  -2.02837516E-8
 374:  warning! max/min of tend_wetls =  1.17935182E-8,  -2.02837516E-8
 374:  warning! max/min of tend_wetls =  1.17935182E-8,  -2.02837516E-8
 374:  warning! max/min of tend_wetls =  1.17935182E-8,  -2.02837516E-8
 374:  warning! max/min of tend_wetls =  1.17700738E-8,  -2.0289006E-8
 374:  warning! max/min of tend_wetls =  1.17700738E-8,  -2.0289006E-8
 374:  warning! max/min of tend_wetls =  1.17700738E-8,  -2.0289006E-8
 374:  warning! max/min of tend_wetls =  1.17700738E-8,  -2.0289006E-8
1782:  warning! max/min of tend_wetls =  6.46751749E-11,  -4.55757862E-11
1782:  warning! max/min of tend_wetls =  6.46751749E-11,  -4.55757862E-11
1782:  warning! max/min of tend_wetls =  6.46751749E-11,  -4.55757862E-11
1782:  warning! max/min of tend_wetls =  6.46751749E-11,  -4.55757862E-11
 823:  warning! max/min of tend_wetls =  6.92738377E-6,  -6.12603253E-6
 823:  warning! max/min of tend_wetls =  6.92738377E-6,  -6.12603253E-6
 823:  warning! max/min of tend_wetls =  6.92738377E-6,  -6.12603253E-6
 823:  warning! max/min of tend_wetls =  6.92738377E-6,  -6.12603253E-6
2087:  warning! max/min of tend_wetls =  8.33533633E-8,  -5.10998568E-8
2087:  warning! max/min of tend_wetls =  8.33533633E-8,  -5.10998568E-8
2087:  warning! max/min of tend_wetls =  8.33533633E-8,  -5.10998568E-8
2087:  warning! max/min of tend_wetls =  8.33533633E-8,  -5.10998568E-8
1912:  warning! max/min of tend_wetls =  3.85494083E-19,  -4.81867603E-19
1912:  warning! max/min of tend_wetls =  3.85494083E-19,  -4.81867603E-19
1912:  warning! max/min of tend_wetls =  3.85494083E-19,  -4.81867603E-19
1912:  warning! max/min of tend_wetls =  3.85494083E-19,  -4.81867603E-19
 808:  warning! max/min of tend_wetls =  5.55111479E-17,  -5.0547912E-17
 808:  warning! max/min of tend_wetls =  5.55111479E-17,  -5.0547912E-17
 808:  warning! max/min of tend_wetls =  5.55111479E-17,  -5.0547912E-17
 808:  warning! max/min of tend_wetls =  5.55111479E-17,  -5.0547912E-17
3524:  warning! max/min of tend_wetls =  1.46529696E-12,  -1.98320353E-12
3524:  warning! max/min of tend_wetls =  1.46529696E-12,  -1.98320353E-12
3524:  warning! max/min of tend_wetls =  1.46529696E-12,  -1.98320353E-12
3524:  warning! max/min of tend_wetls =  1.46529696E-12,  -1.98320353E-12
 341:  warning! max/min of tend_wetls =  4.27260366E-10,  -1.06031917E-9
 341:  warning! max/min of tend_wetls =  4.27260366E-10,  -1.06031917E-9
 341:  warning! max/min of tend_wetls =  4.27260366E-10,  -1.06031917E-9
 341:  warning! max/min of tend_wetls =  4.27260366E-10,  -1.06031917E-9
1581:  warning! max/min of tend_wetls =  2.17619032E-7,  -1.92900174E-7
1581:  warning! max/min of tend_wetls =  2.17619032E-7,  -1.92900174E-7
1581:  warning! max/min of tend_wetls =  2.17619032E-7,  -1.92900174E-7
1581:  warning! max/min of tend_wetls =  2.17619032E-7,  -1.92900174E-7
 341:  warning! max/min of tend_wetls =  2*0.
3040:  warning! max/min of tend_wetls =  2.76322159E-15,  -1.9737297E-15
3040:  warning! max/min of tend_wetls =  2.76322159E-15,  -1.9737297E-15
3040:  warning! max/min of tend_wetls =  2.76322159E-15,  -1.9737297E-15
3040:  warning! max/min of tend_wetls =  2.76322159E-15,  -1.9737297E-15
3255:  warning! max/min of tend_wetls =  1.39532813E-6,  -9.96152949E-7
3255:  warning! max/min of tend_wetls =  1.39532813E-6,  -9.96152949E-7
3255:  warning! max/min of tend_wetls =  1.39532813E-6,  -9.96152949E-7
3255:  warning! max/min of tend_wetls =  1.39532813E-6,  -9.96152949E-7
2714:  warning! max/min of tend_wetls =  4.93432426E-16,  -2.96059456E-16
2714:  warning! max/min of tend_wetls =  4.93432426E-16,  -2.96059456E-16
2714:  warning! max/min of tend_wetls =  4.93432426E-16,  -2.96059456E-16
2714:  warning! max/min of tend_wetls =  4.93432426E-16,  -2.96059456E-16
 812:  warning! max/min of tend_wetls =  1.9044511E-6,  -2.97583824E-6
 812:  warning! max/min of tend_wetls =  1.9044511E-6,  -2.97583824E-6
 812:  warning! max/min of tend_wetls =  1.9044511E-6,  -2.97583824E-6
 812:  warning! max/min of tend_wetls =  1.9044511E-6,  -2.97583824E-6
 403:  warning! max/min of tend_wetls =  3.52853613E-9,  -4.85902563E-9
 403:  warning! max/min of tend_wetls =  3.52853613E-9,  -4.85902563E-9
 403:  warning! max/min of tend_wetls =  3.52853613E-9,  -4.85902563E-9
 403:  warning! max/min of tend_wetls =  3.52853613E-9,  -4.85902563E-9
 620:  warning! max/min of tend_wetls =  2.7951802E-10,  -8.16574586E-10
 620:  warning! max/min of tend_wetls =  2.7951802E-10,  -8.16574586E-10
 620:  warning! max/min of tend_wetls =  2.7951802E-10,  -8.16574586E-10
 620:  warning! max/min of tend_wetls =  2.7951802E-10,  -8.16574586E-10
 467:  warning! max/min of tend_wetls =  6.98330194E-9,  -7.87703236E-9
 467:  warning! max/min of tend_wetls =  6.98330194E-9,  -7.87703236E-9
 467:  warning! max/min of tend_wetls =  6.98330194E-9,  -7.87703236E-9
 467:  warning! max/min of tend_wetls =  6.98330194E-9,  -7.87703236E-9
 620:  warning! max/min of tend_wetls =  2.14287046E-10,  -3.25498017E-10
 808:  warning! max/min of tend_wetls =  1.16803367E-8,  -1.45486805E-8
 808:  warning! max/min of tend_wetls =  1.16803367E-8,  -1.45486805E-8
 620:  warning! max/min of tend_wetls =  2.14287046E-10,  -3.25498017E-10
 808:  warning! max/min of tend_wetls =  1.16803367E-8,  -1.45486805E-8
 620:  warning! max/min of tend_wetls =  2.14287046E-10,  -3.25498017E-10
 620:  warning! max/min of tend_wetls =  1.21581749E-12,  -3.64745257E-12
 808:  warning! max/min of tend_wetls =  1.16803367E-8,  -1.45486805E-8
 321:  warning! max/min of tend_wetls =  8.60955936E-7,  -4.76526679E-7
 321:  warning! max/min of tend_wetls =  8.60955936E-7,  -4.76526679E-7
 321:  warning! max/min of tend_wetls =  8.60955936E-7,  -4.76526679E-7
 321:  warning! max/min of tend_wetls =  8.60955936E-7,  -4.76526679E-7
2469:  warning! max/min of tend_wetls =  4.07518286E-8,  -2.68216027E-8
2469:  warning! max/min of tend_wetls =  4.07518286E-8,  -2.68216027E-8
2469:  warning! max/min of tend_wetls =  4.07518286E-8,  -2.68216027E-8
2469:  warning! max/min of tend_wetls =  4.07518286E-8,  -2.68216027E-8
 310:  warning! max/min of tend_wetls =  6.4646879E-9,  -9.83264759E-9
 310:  warning! max/min of tend_wetls =  6.4646879E-9,  -9.83264759E-9
 310:  warning! max/min of tend_wetls =  6.4646879E-9,  -9.83264759E-9
 310:  warning! max/min of tend_wetls =  6.4646879E-9,  -9.83264759E-9
 620:  warning! max/min of tend_wetls =  5.53579071E-10,  -6.98037128E-10
 620:  warning! max/min of tend_wetls =  5.53579071E-10,  -6.98037128E-10
 620:  warning! max/min of tend_wetls =  5.53579071E-10,  -6.98037128E-10
 620:  warning! max/min of tend_wetls =  5.53579071E-10,  -6.98037128E-10
3596:  warning! max/min of tend_wetls =  3.21354783E-11,  -3.42576315E-11
3596:  warning! max/min of tend_wetls =  3.21354783E-11,  -3.42576315E-11
3596:  warning! max/min of tend_wetls =  3.21354783E-11,  -3.42576315E-11
3596:  warning! max/min of tend_wetls =  3.21354783E-11,  -3.42576315E-11
 157:  warning! max/min of tend_wetls =  9.15548421E-19,  -9.15548421E-19
 157:  warning! max/min of tend_wetls =  9.15548421E-19,  -9.15548421E-19
 157:  warning! max/min of tend_wetls =  9.15548421E-19,  -9.15548421E-19
 157:  warning! max/min of tend_wetls =  9.15548421E-19,  -9.15548421E-19
2542:  warning! max/min of tend_wetls =  3.35172615E-7,  -1.82125291E-7
2542:  warning! max/min of tend_wetls =  3.35172615E-7,  -1.82125291E-7
2542:  warning! max/min of tend_wetls =  3.35172615E-7,  -1.82125291E-7
2542:  warning! max/min of tend_wetls =  3.35172615E-7,  -1.82125291E-7
 620:  warning! max/min of tend_wetls =  2*0.
 620:  warning! max/min of tend_wetls =  2*0.
 620:  warning! max/min of tend_wetls =  2*0.
 312:  warning! max/min of tend_wetls =  2.79202723E-8,  -1.98488106E-8
 312:  warning! max/min of tend_wetls =  2.79202723E-8,  -1.98488106E-8
 312:  warning! max/min of tend_wetls =  2.79202723E-8,  -1.98488106E-8
 312:  warning! max/min of tend_wetls =  2.79202723E-8,  -1.98488106E-8
 312:  warning! max/min of tend_wetls =  1.13310907E-8,  -8.47325676E-9
 312:  warning! max/min of tend_wetls =  1.04385736E-8,  -8.50559356E-9
 312:  warning! max/min of tend_wetls =  1.04385736E-8,  -8.50559356E-9
 312:  warning! max/min of tend_wetls =  1.04385736E-8,  -8.50559356E-9
 591:  warning! max/min of tend_wetls =  1.21003207E-9,  -1.07077835E-9
 591:  warning! max/min of tend_wetls =  1.21003207E-9,  -1.07077835E-9
 591:  warning! max/min of tend_wetls =  1.21003207E-9,  -1.07077835E-9
 591:  warning! max/min of tend_wetls =  1.21003207E-9,  -1.07077835E-9
  93:  warning! max/min of tend_wetls =  1.83414759E-11,  -4.04693536E-11
  93:  warning! max/min of tend_wetls =  1.83414759E-11,  -4.04693536E-11
2087:  warning! max/min of tend_wetls =  8.54100364E-8,  -5.36674598E-8
  93:  warning! max/min of tend_wetls =  1.83414759E-11,  -4.04693536E-11
2087:  warning! max/min of tend_wetls =  8.54100364E-8,  -5.36674598E-8
  93:  warning! max/min of tend_wetls =  1.83414759E-11,  -4.04693536E-11
2087:  warning! max/min of tend_wetls =  8.54100364E-8,  -5.36674598E-8
2087:  warning! max/min of tend_wetls =  8.54100364E-8,  -5.36674598E-8
 878:  warning! max/min of tend_wetls =  4.56306625E-5,  -6.4786931E-5
 878:  warning! max/min of tend_wetls =  4.56306625E-5,  -6.4786931E-5
 878:  warning! max/min of tend_wetls =  4.56306625E-5,  -6.4786931E-5
 878:  warning! max/min of tend_wetls =  4.56306625E-5,  -6.4786931E-5
  33:  warning! max/min of tend_wetls =  7.40148639E-17,  -7.70988182E-17
  33:  warning! max/min of tend_wetls =  7.40148639E-17,  -7.70988182E-17
  33:  warning! max/min of tend_wetls =  7.40148639E-17,  -7.70988182E-17
  33:  warning! max/min of tend_wetls =  7.40148639E-17,  -7.70988182E-17
2389:  warning! max/min of tend_wetls =  2.84469726E-10,  -2.19971388E-10
2389:  warning! max/min of tend_wetls =  2.84469726E-10,  -2.19971388E-10
2389:  warning! max/min of tend_wetls =  2.84469726E-10,  -2.19971388E-10
2389:  warning! max/min of tend_wetls =  2.84469726E-10,  -2.19971388E-10
1002:  warning! max/min of tend_wetls =  9.47390258E-15,  -1.2434497E-14
1002:  warning! max/min of tend_wetls =  9.47390258E-15,  -1.2434497E-14
1002:  warning! max/min of tend_wetls =  9.47390258E-15,  -1.2434497E-14
1002:  warning! max/min of tend_wetls =  9.47390258E-15,  -1.2434497E-14
3530:  warning! max/min of tend_wetls =  2.52637402E-13,  -9.85285855E-13
3530:  warning! max/min of tend_wetls =  2.52637402E-13,  -9.85285855E-13
3530:  warning! max/min of tend_wetls =  2.52637402E-13,  -9.85285855E-13
3530:  warning! max/min of tend_wetls =  2.52637402E-13,  -9.85285855E-13
2389:  warning! max/min of tend_wetls =  2*0.
2389:  warning! max/min of tend_wetls =  2*0.
 372:  warning! max/min of tend_wetls =  3.85494083E-18,  -1.19503164E-17
 372:  warning! max/min of tend_wetls =  3.85494083E-18,  -1.19503164E-17
 372:  warning! max/min of tend_wetls =  3.85494083E-18,  -1.19503164E-17
 372:  warning! max/min of tend_wetls =  3.85494083E-18,  -1.19503164E-17
3596:  warning! max/min of tend_wetls =  1.04838458E-8,  -4.45349224E-9
3596:  warning! max/min of tend_wetls =  1.04838458E-8,  -4.45349224E-9
3596:  warning! max/min of tend_wetls =  1.04838458E-8,  -4.45349224E-9
3596:  warning! max/min of tend_wetls =  1.04838458E-8,  -4.45349224E-9
1491:  warning! max/min of tend_wetls =  5.39691716E-18,  -6.16790532E-18
1491:  warning! max/min of tend_wetls =  5.39691716E-18,  -6.16790532E-18
1491:  warning! max/min of tend_wetls =  5.39691716E-18,  -6.16790532E-18
1491:  warning! max/min of tend_wetls =  5.39691716E-18,  -6.16790532E-18
2203:  warning! max/min of tend_wetls =  2.3129645E-18,  -2.40933807E-18
2203:  warning! max/min of tend_wetls =  2.3129645E-18,  -2.40933807E-18
2203:  warning! max/min of tend_wetls =  2.3129645E-18,  -2.40933807E-18
2203:  warning! max/min of tend_wetls =  2.3129645E-18,  -2.40933807E-18
1085:  warning! max/min of tend_wetls =  2.50571164E-18,  -3.46944675E-18
1085:  warning! max/min of tend_wetls =  2.50571164E-18,  -3.46944675E-18
1085:  warning! max/min of tend_wetls =  2.50571164E-18,  -3.46944675E-18
1085:  warning! max/min of tend_wetls =  2.50571164E-18,  -3.46944675E-18
2821:  warning! max/min of tend_wetls =  9.86864852E-16,  -1.01616245E-15
2821:  warning! max/min of tend_wetls =  9.86864852E-16,  -1.01616245E-15
2821:  warning! max/min of tend_wetls =  9.86864852E-16,  -1.01616245E-15
2821:  warning! max/min of tend_wetls =  9.86864852E-16,  -1.01616245E-15
 410:  warning! max/min of tend_wetls =  6.06329743E-12,  -9.70127624E-12
 410:  warning! max/min of tend_wetls =  6.06329743E-12,  -9.70127624E-12
 410:  warning! max/min of tend_wetls =  6.06329743E-12,  -9.70127624E-12
 410:  warning! max/min of tend_wetls =  6.06329743E-12,  -9.70127624E-12
3224:  warning! max/min of tend_wetls =  7.87691874E-7,  -7.28294197E-7
3224:  warning! max/min of tend_wetls =  7.87691874E-7,  -7.28294197E-7
3224:  warning! max/min of tend_wetls =  7.87691874E-7,  -7.28294197E-7
3224:  warning! max/min of tend_wetls =  7.87691874E-7,  -7.28294197E-7
1953:  warning! max/min of tend_wetls =  5.79075675E-7,  -1.51334734E-6
1953:  warning! max/min of tend_wetls =  5.79075675E-7,  -1.51334734E-6
 932:  warning! max/min of tend_wetls =  8.01827725E-17,  -6.37992694E-17
2139:  warning! max/min of tend_wetls =  3.8339445E-7,  -7.11944324E-7
1953:  warning! max/min of tend_wetls =  5.79075675E-7,  -1.51334734E-6
 932:  warning! max/min of tend_wetls =  8.01827725E-17,  -6.37992694E-17
2139:  warning! max/min of tend_wetls =  3.8339445E-7,  -7.11944324E-7
1953:  warning! max/min of tend_wetls =  5.79075675E-7,  -1.51334734E-6
 932:  warning! max/min of tend_wetls =  8.01827725E-17,  -6.37992694E-17
2139:  warning! max/min of tend_wetls =  3.8339445E-7,  -7.11944324E-7
 932:  warning! max/min of tend_wetls =  8.01827725E-17,  -6.37992694E-17
2139:  warning! max/min of tend_wetls =  3.8339445E-7,  -7.11944324E-7
1991:  warning! max/min of tend_wetls =  4.95411854E-8,  -4.40955326E-8
1991:  warning! max/min of tend_wetls =  4.95411854E-8,  -4.40955326E-8
1991:  warning! max/min of tend_wetls =  4.95411854E-8,  -4.40955326E-8
1991:  warning! max/min of tend_wetls =  4.95411854E-8,  -4.40955326E-8
2603:  warning! max/min of tend_wetls =  3.03164883E-13,  -2.58953341E-13
2603:  warning! max/min of tend_wetls =  3.03164883E-13,  -2.58953341E-13
2603:  warning! max/min of tend_wetls =  3.03164883E-13,  -2.58953341E-13
2603:  warning! max/min of tend_wetls =  3.03164883E-13,  -2.58953341E-13
3172:  warning! max/min of tend_wetls =  3.45402698E-16,  -4.19417575E-16
3172:  warning! max/min of tend_wetls =  3.45402698E-16,  -4.19417575E-16
3172:  warning! max/min of tend_wetls =  3.45402698E-16,  -4.19417575E-16
3172:  warning! max/min of tend_wetls =  3.45402698E-16,  -4.19417575E-16
2469:  warning! max/min of tend_wetls =  8.63506745E-17,  -4.93432426E-17
2469:  warning! max/min of tend_wetls =  8.63506745E-17,  -4.93432426E-17
2469:  warning! max/min of tend_wetls =  8.63506745E-17,  -4.93432426E-17
2469:  warning! max/min of tend_wetls =  8.63506745E-17,  -4.93432426E-17
 963:  warning! max/min of tend_wetls =  3.22276392E-8,  -2.72779559E-8
 963:  warning! max/min of tend_wetls =  3.22276392E-8,  -2.72779559E-8
 963:  warning! max/min of tend_wetls =  3.22276392E-8,  -2.72779559E-8
 963:  warning! max/min of tend_wetls =  3.22276392E-8,  -2.72779559E-8
2914:  warning! max/min of tend_wetls =  3.93845937E-7,  -4.18474258E-7
2914:  warning! max/min of tend_wetls =  3.93845937E-7,  -4.18474258E-7
2914:  warning! max/min of tend_wetls =  3.93845937E-7,  -4.18474258E-7
2914:  warning! max/min of tend_wetls =  3.93845937E-7,  -4.18474258E-7
3131:  warning! max/min of tend_wetls =  9.84097483E-7,  -8.6819955E-7
3131:  warning! max/min of tend_wetls =  9.84097483E-7,  -8.6819955E-7
3131:  warning! max/min of tend_wetls =  9.84097483E-7,  -8.6819955E-7
3131:  warning! max/min of tend_wetls =  9.84097483E-7,  -8.6819955E-7
 963:  warning! max/min of tend_wetls =  2*0.
1568:  warning! max/min of tend_wetls =  2.40933802E-19,  -1.9877039E-19
1568:  warning! max/min of tend_wetls =  2.40933802E-19,  -1.9877039E-19
1568:  warning! max/min of tend_wetls =  2.40933802E-19,  -1.9877039E-19
1568:  warning! max/min of tend_wetls =  2.40933802E-19,  -1.9877039E-19
2575:  warning! max/min of tend_wetls =  1.67347011E-10,  -1.6027317E-10
2575:  warning! max/min of tend_wetls =  1.67347011E-10,  -1.6027317E-10
2575:  warning! max/min of tend_wetls =  1.67347011E-10,  -1.6027317E-10
2575:  warning! max/min of tend_wetls =  1.67347011E-10,  -1.6027317E-10
1746:  warning! max/min of tend_wetls =  2.77844549E-7,  -2.91917871E-7
1746:  warning! max/min of tend_wetls =  2.77844549E-7,  -2.91917871E-7
1746:  warning! max/min of tend_wetls =  2.77844549E-7,  -2.91917871E-7
1746:  warning! max/min of tend_wetls =  2.77844549E-7,  -2.91917871E-7
1677:  warning! max/min of tend_wetls =  3.23691676E-14,  -2.17110265E-14
1677:  warning! max/min of tend_wetls =  3.23691676E-14,  -2.17110265E-14
1677:  warning! max/min of tend_wetls =  3.23691676E-14,  -2.17110265E-14
1677:  warning! max/min of tend_wetls =  3.23691676E-14,  -2.17110265E-14
 870:  warning! max/min of tend_wetls =  7.34192582E-8,  -1.06490909E-7
 870:  warning! max/min of tend_wetls =  7.34192582E-8,  -1.06490909E-7
 870:  warning! max/min of tend_wetls =  7.34192582E-8,  -1.06490909E-7
 870:  warning! max/min of tend_wetls =  7.34192582E-8,  -1.06490909E-7
1746:  warning! max/min of tend_wetls =  2*0.
 870:  warning! max/min of tend_wetls =  7.34192582E-8,  -9.9729121E-8
 870:  warning! max/min of tend_wetls =  7.33416456E-8,  -9.98164325E-8
 870:  warning! max/min of tend_wetls =  7.33416456E-8,  -9.98164325E-8
 870:  warning! max/min of tend_wetls =  7.57475647E-8,  -1.04258E-7
  62:  warning! max/min of tend_wetls =  1.15526033E-9,  -8.36694047E-10
  62:  warning! max/min of tend_wetls =  1.15526033E-9,  -8.36694047E-10
  62:  warning! max/min of tend_wetls =  1.15526033E-9,  -8.36694047E-10
  62:  warning! max/min of tend_wetls =  1.15526033E-9,  -8.36694047E-10
 496:  warning! max/min of tend_wetls =  4.77464468E-9,  -5.00997643E-9
 496:  warning! max/min of tend_wetls =  4.77464468E-9,  -5.00997643E-9
 496:  warning! max/min of tend_wetls =  4.77464468E-9,  -5.00997643E-9
 496:  warning! max/min of tend_wetls =  4.77464468E-9,  -5.00997643E-9
 874:  warning! max/min of tend_wetls =  5.00182296E-6,  -1.04315368E-5
 874:  warning! max/min of tend_wetls =  5.00182296E-6,  -1.04315368E-5
 874:  warning! max/min of tend_wetls =  5.00182296E-6,  -1.04315368E-5
 874:  warning! max/min of tend_wetls =  5.00182296E-6,  -1.04315368E-5
 321:  warning! max/min of tend_wetls =  1.23017355E-6,  -6.19484695E-7
 321:  warning! max/min of tend_wetls =  1.23017355E-6,  -6.19484695E-7
 321:  warning! max/min of tend_wetls =  1.23017355E-6,  -6.19484695E-7
 321:  warning! max/min of tend_wetls =  1.23017355E-6,  -6.19484695E-7
 438:  warning! max/min of tend_wetls =  6.45096065E-7,  -1.521988E-6
 438:  warning! max/min of tend_wetls =  6.45096065E-7,  -1.521988E-6
 438:  warning! max/min of tend_wetls =  6.45096065E-7,  -1.521988E-6
 438:  warning! max/min of tend_wetls =  6.45096065E-7,  -1.521988E-6
 496:  warning! max/min of tend_wetls =  4.70835282E-9,  -5.24556087E-9
 496:  warning! max/min of tend_wetls =  4.70835282E-9,  -5.24556087E-9
 496:  warning! max/min of tend_wetls =  4.70835282E-9,  -5.24556087E-9
 190:  warning! max/min of tend_wetls =  4.49127605E-4,  -4.50253458E-4
 190:  warning! max/min of tend_wetls =  4.49127605E-4,  -4.50253458E-4
 190:  warning! max/min of tend_wetls =  4.49127605E-4,  -4.50253458E-4
 496:  warning! max/min of tend_wetls =  4.70835282E-9,  -5.24556087E-9
 190:  warning! max/min of tend_wetls =  4.49127605E-4,  -4.50253458E-4
1304:  warning! max/min of tend_wetls =  1.23432571E-8,  -1.03997682E-8
1304:  warning! max/min of tend_wetls =  1.23432571E-8,  -1.03997682E-8
1304:  warning! max/min of tend_wetls =  1.23432571E-8,  -1.03997682E-8
1304:  warning! max/min of tend_wetls =  1.23432571E-8,  -1.03997682E-8
1676:  warning! max/min of tend_wetls =  3.83928001E-9,  -4.72184336E-9
1676:  warning! max/min of tend_wetls =  3.83928001E-9,  -4.72184336E-9
1676:  warning! max/min of tend_wetls =  3.83928001E-9,  -5.23707211E-9
1676:  warning! max/min of tend_wetls =  3.83928001E-9,  -4.72184336E-9
1209:  warning! max/min of tend_wetls =  8.14502965E-10,  -7.2686307E-10
1209:  warning! max/min of tend_wetls =  8.14502965E-10,  -7.2686307E-10
1209:  warning! max/min of tend_wetls =  8.14502965E-10,  -7.2686307E-10
1209:  warning! max/min of tend_wetls =  8.14502965E-10,  -7.2686307E-10
 562:  warning! max/min of tend_wetls =  3.08752024E-5,  -2.77997697E-5
 562:  warning! max/min of tend_wetls =  3.08752024E-5,  -2.77997697E-5
 562:  warning! max/min of tend_wetls =  3.08752024E-5,  -2.77997697E-5
 562:  warning! max/min of tend_wetls =  3.08752024E-5,  -2.77997697E-5
 254:  warning! max/min of tend_wetls =  6.38990727E-8,  -6.53364793E-8
 254:  warning! max/min of tend_wetls =  6.38990727E-8,  -6.53364793E-8
 254:  warning! max/min of tend_wetls =  6.38990727E-8,  -6.53364793E-8
 994:  warning! max/min of tend_wetls =  8.8398032E-8,  -1.12896984E-7
 994:  warning! max/min of tend_wetls =  8.8398032E-8,  -1.12896984E-7
 994:  warning! max/min of tend_wetls =  8.8398032E-8,  -1.12896984E-7
 994:  warning! max/min of tend_wetls =  9.19422263E-8,  -1.29164405E-7
 254:  warning! max/min of tend_wetls =  6.38990727E-8,  -6.53364793E-8
1246:  warning! max/min of tend_wetls =  4.12834567E-7,  -1.52757593E-6
1246:  warning! max/min of tend_wetls =  4.12834567E-7,  -1.52757593E-6
1246:  warning! max/min of tend_wetls =  4.12834567E-7,  -1.52757593E-6
1246:  warning! max/min of tend_wetls =  4.12834567E-7,  -1.52757593E-6
 994:  warning! max/min of tend_wetls =  2*0.
2108:  warning! max/min of tend_wetls =  2.41522969E-7,  -2.91984151E-7
2108:  warning! max/min of tend_wetls =  2.41522969E-7,  -2.91984151E-7
2108:  warning! max/min of tend_wetls =  2.41522969E-7,  -2.91984151E-7
2108:  warning! max/min of tend_wetls =  2.41522969E-7,  -2.91984151E-7
1244:  warning! max/min of tend_wetls =  6.86281226E-7,  -7.50076822E-7
1244:  warning! max/min of tend_wetls =  6.86281226E-7,  -7.50076822E-7
1244:  warning! max/min of tend_wetls =  6.86281226E-7,  -7.50076822E-7
1244:  warning! max/min of tend_wetls =  7.61200965E-7,  -7.50076822E-7
 562:  warning! max/min of tend_wetls =  3.35507902E-5,  -2.76201281E-5
 562:  warning! max/min of tend_wetls =  3.35507902E-5,  -2.76201281E-5
 562:  warning! max/min of tend_wetls =  3.35507902E-5,  -2.76201281E-5
 562:  warning! max/min of tend_wetls =  3.35507902E-5,  -2.76201281E-5
3658:  warning! max/min of tend_wetls =  3.84008852E-10,  -4.1634643E-10
3658:  warning! max/min of tend_wetls =  3.84008852E-10,  -4.1634643E-10
3658:  warning! max/min of tend_wetls =  3.84008852E-10,  -4.1634643E-10
3658:  warning! max/min of tend_wetls =  3.84008852E-10,  -4.1634643E-10
 562:  warning! max/min of tend_wetls =  3.36699995E-5,  -2.75572129E-5
 562:  warning! max/min of tend_wetls =  3.36699995E-5,  -2.75572129E-5
 562:  warning! max/min of tend_wetls =  3.36699995E-5,  -2.75572129E-5
 562:  warning! max/min of tend_wetls =  3.36699995E-5,  -2.75572129E-5
1495:  warning! max/min of tend_wetls =  2.31296441E-17,  -3.97058903E-17
1495:  warning! max/min of tend_wetls =  2.31296441E-17,  -3.97058903E-17
1495:  warning! max/min of tend_wetls =  2.31296441E-17,  -3.97058903E-17
1495:  warning! max/min of tend_wetls =  2.31296441E-17,  -3.97058903E-17
 564:  warning! max/min of tend_wetls =  3.43037136E-8,  -4.31739124E-8
 564:  warning! max/min of tend_wetls =  3.43037136E-8,  -4.31739124E-8
 564:  warning! max/min of tend_wetls =  3.43037136E-8,  -4.31739124E-8
 564:  warning! max/min of tend_wetls =  3.43037136E-8,  -4.31739124E-8
3710:  warning! max/min of tend_wetls =  1.09252536E-8,  -1.380916E-8
3710:  warning! max/min of tend_wetls =  1.09252536E-8,  -1.380916E-8
3710:  warning! max/min of tend_wetls =  1.09252536E-8,  -1.380916E-8
3710:  warning! max/min of tend_wetls =  1.09252536E-8,  -1.380916E-8
 564:  warning! max/min of tend_wetls =  3.4846984E-8,  -4.30178844E-8
 564:  warning! max/min of tend_wetls =  3.4846984E-8,  -4.30178844E-8
 564:  warning! max/min of tend_wetls =  3.4846984E-8,  -4.30178844E-8
 564:  warning! max/min of tend_wetls =  3.4846984E-8,  -4.30178844E-8
1374:  warning! max/min of tend_wetls =  2.01786548E-7,  -4.80536528E-7
1374:  warning! max/min of tend_wetls =  2.01786548E-7,  -4.80536528E-7
1374:  warning! max/min of tend_wetls =  2.01786548E-7,  -4.80536528E-7
1374:  warning! max/min of tend_wetls =  2.01786548E-7,  -4.80536528E-7
1374:  warning! max/min of tend_wetls =  2*0.
1140:  warning! max/min of tend_wetls =  2.36847564E-15,  -1.77635673E-15
1140:  warning! max/min of tend_wetls =  2.36847564E-15,  -1.77635673E-15
1140:  warning! max/min of tend_wetls =  2.36847564E-15,  -1.77635673E-15
1140:  warning! max/min of tend_wetls =  2.36847564E-15,  -1.77635673E-15
2676:  warning! max/min of tend_wetls =  3.87326679E-7,  -5.42288433E-7
2676:  warning! max/min of tend_wetls =  3.87326679E-7,  -5.42288433E-7
2676:  warning! max/min of tend_wetls =  3.87326679E-7,  -5.42288433E-7
2676:  warning! max/min of tend_wetls =  3.87326679E-7,  -5.42288433E-7
1507:  warning! max/min of tend_wetls =  4.81867603E-19,  -3.85494083E-19
1507:  warning! max/min of tend_wetls =  4.81867603E-19,  -3.85494083E-19
1507:  warning! max/min of tend_wetls =  4.81867603E-19,  -3.85494083E-19
1507:  warning! max/min of tend_wetls =  4.81867603E-19,  -3.85494083E-19
3179:  warning! max/min of tend_wetls =  1.8503716E-17,  -2.46716213E-17
3179:  warning! max/min of tend_wetls =  1.8503716E-17,  -2.46716213E-17
3179:  warning! max/min of tend_wetls =  1.8503716E-17,  -2.46716213E-17
3179:  warning! max/min of tend_wetls =  1.8503716E-17,  -2.46716213E-17
 442:  warning! max/min of tend_wetls =  2.12175974E-6,  -2.66068491E-6
 442:  warning! max/min of tend_wetls =  2.12175974E-6,  -2.66068491E-6
 442:  warning! max/min of tend_wetls =  2.12175974E-6,  -2.66068491E-6
 442:  warning! max/min of tend_wetls =  2.12175974E-6,  -2.66068491E-6
2542:  warning! max/min of tend_wetls =  3.27929001E-7,  -2.15032017E-7
2542:  warning! max/min of tend_wetls =  3.27929001E-7,  -2.15032017E-7
2542:  warning! max/min of tend_wetls =  3.27929001E-7,  -2.15032017E-7
2542:  warning! max/min of tend_wetls =  3.27929001E-7,  -2.15032017E-7
 668:  warning! max/min of tend_wetls =  8.60792896E-14,  -1.66078563E-14
 668:  warning! max/min of tend_wetls =  8.60792896E-14,  -1.66078563E-14
 668:  warning! max/min of tend_wetls =  8.60792896E-14,  -1.66078563E-14
 668:  warning! max/min of tend_wetls =  8.60792896E-14,  -1.66078563E-14
1953:  warning! max/min of tend_wetls =  2.76322159E-15,  -3.92278788E-15
1953:  warning! max/min of tend_wetls =  2.76322159E-15,  -3.92278788E-15
 186:  warning! max/min of tend_wetls =  1.72207759E-9,  -2.04575668E-9
1953:  warning! max/min of tend_wetls =  2.76322159E-15,  -3.92278788E-15
 186:  warning! max/min of tend_wetls =  1.72207759E-9,  -2.04575668E-9
1953:  warning! max/min of tend_wetls =  2.76322159E-15,  -3.92278788E-15
 186:  warning! max/min of tend_wetls =  1.72207759E-9,  -2.04575668E-9
 186:  warning! max/min of tend_wetls =  1.72207759E-9,  -2.04575668E-9
 947:  warning! max/min of tend_wetls =  1.46445291E-6,  -1.7920197E-6
 947:  warning! max/min of tend_wetls =  1.46445291E-6,  -1.7920197E-6
 947:  warning! max/min of tend_wetls =  1.46445291E-6,  -1.7920197E-6
 947:  warning! max/min of tend_wetls =  1.46445291E-6,  -1.7920197E-6
2046:  warning! max/min of tend_wetls =  6.79865423E-7,  -8.18942908E-7
2046:  warning! max/min of tend_wetls =  6.79865423E-7,  -8.18942908E-7
2046:  warning! max/min of tend_wetls =  6.79865423E-7,  -8.18942908E-7
2046:  warning! max/min of tend_wetls =  6.79865423E-7,  -8.18942908E-7
2425:  warning! max/min of tend_wetls =  5.55802279E-12,  -7.93281413E-12
2425:  warning! max/min of tend_wetls =  5.55802279E-12,  -7.93281413E-12
2425:  warning! max/min of tend_wetls =  5.55802279E-12,  -7.93281413E-12
2425:  warning! max/min of tend_wetls =  5.55802279E-12,  -7.93281413E-12
2778:  warning! max/min of tend_wetls =  3.0570558E-5,  -3.52859461E-5
2778:  warning! max/min of tend_wetls =  3.0570558E-5,  -3.52859461E-5
2778:  warning! max/min of tend_wetls =  3.33531667E-3,  -3.77019215E-3
2778:  warning! max/min of tend_wetls =  3.33531667E-3,  -3.77019215E-3
1882:  warning! max/min of tend_wetls =  5.18104061E-16,  -6.4146218E-16
1882:  warning! max/min of tend_wetls =  5.18104061E-16,  -6.4146218E-16
1882:  warning! max/min of tend_wetls =  5.18104061E-16,  -6.4146218E-16
1882:  warning! max/min of tend_wetls =  5.18104061E-16,  -6.4146218E-16
1000:  warning! max/min of tend_wetls =  6.55030163E-8,  -2.25380049E-7
 721:  warning! max/min of tend_wetls =  1.07370899E-13,  -1.38950564E-13
 721:  warning! max/min of tend_wetls =  1.07370899E-13,  -1.38950564E-13
1000:  warning! max/min of tend_wetls =  6.55030163E-8,  -2.25380049E-7
 721:  warning! max/min of tend_wetls =  1.07370899E-13,  -1.38950564E-13
1000:  warning! max/min of tend_wetls =  6.55030163E-8,  -2.25380049E-7
 721:  warning! max/min of tend_wetls =  1.07370899E-13,  -1.38950564E-13
1000:  warning! max/min of tend_wetls =  6.55030163E-8,  -2.25380049E-7
2778:  warning! max/min of tend_wetls =  2*0.
 442:  warning! max/min of tend_wetls =  2.18136438E-6,  -2.83722238E-6
 442:  warning! max/min of tend_wetls =  2.18136438E-6,  -2.83722238E-6
 442:  warning! max/min of tend_wetls =  2.18136438E-6,  -2.83722238E-6
 442:  warning! max/min of tend_wetls =  2.18136438E-6,  -2.83722238E-6
2542:  warning! max/min of tend_wetls =  3.07025999E-7,  -2.22641859E-7
2542:  warning! max/min of tend_wetls =  3.07025999E-7,  -2.22641859E-7
2542:  warning! max/min of tend_wetls =  3.07025999E-7,  -2.22641859E-7
2542:  warning! max/min of tend_wetls =  3.07025999E-7,  -2.22641859E-7
3224:  warning! max/min of tend_wetls =  3.71882247E-11,  -3.71882247E-11
3224:  warning! max/min of tend_wetls =  3.71882247E-11,  -3.71882247E-11
3224:  warning! max/min of tend_wetls =  3.71882247E-11,  -3.71882247E-11
3224:  warning! max/min of tend_wetls =  3.71882247E-11,  -3.71882247E-11
 713:  warning! max/min of tend_wetls =  2.17197438E-9,  -3.61675712E-9
 713:  warning! max/min of tend_wetls =  2.17197438E-9,  -3.61675712E-9
 713:  warning! max/min of tend_wetls =  2.17197438E-9,  -3.61675712E-9
 713:  warning! max/min of tend_wetls =  2.17197438E-9,  -3.61675712E-9
3629:  warning! max/min of tend_wetls =  1.26051916E-8,  -1.02744604E-8
3629:  warning! max/min of tend_wetls =  1.26051916E-8,  -1.02744604E-8
3629:  warning! max/min of tend_wetls =  1.26051916E-8,  -1.02744604E-8
3629:  warning! max/min of tend_wetls =  1.26051916E-8,  -1.02744604E-8
3193:  warning! max/min of tend_wetls =  1.10289284E-6,  -6.97922758E-7
3193:  warning! max/min of tend_wetls =  1.10289284E-6,  -6.97922758E-7
3193:  warning! max/min of tend_wetls =  1.10289284E-6,  -6.97922758E-7
3193:  warning! max/min of tend_wetls =  1.10289284E-6,  -6.97922758E-7
3629:  warning! max/min of tend_wetls =  2*0.
 159:  warning! max/min of tend_wetls =  3.03164883E-13,  -3.20533693E-13
 159:  warning! max/min of tend_wetls =  3.03164883E-13,  -3.20533693E-13
 159:  warning! max/min of tend_wetls =  3.03164883E-13,  -3.20533693E-13
 159:  warning! max/min of tend_wetls =  3.03164883E-13,  -3.20533693E-13
2604:  warning! max/min of tend_wetls =  6.66671696E-8,  -5.51614576E-8
2604:  warning! max/min of tend_wetls =  6.66671696E-8,  -5.51614576E-8
2604:  warning! max/min of tend_wetls =  6.66671696E-8,  -5.51614576E-8
2604:  warning! max/min of tend_wetls =  6.66671696E-8,  -5.51614576E-8
 124:  warning! max/min of tend_wetls =  1.80700345E-19,  -2.91108742E-19
 124:  warning! max/min of tend_wetls =  1.80700345E-19,  -2.91108742E-19
 124:  warning! max/min of tend_wetls =  1.80700345E-19,  -2.91108742E-19
 124:  warning! max/min of tend_wetls =  1.80700345E-19,  -2.91108742E-19
 628:  warning! max/min of tend_wetls =  3.55271347E-15,  -1.77635673E-15
 628:  warning! max/min of tend_wetls =  3.55271347E-15,  -1.77635673E-15
 628:  warning! max/min of tend_wetls =  3.55271347E-15,  -1.77635673E-15
 628:  warning! max/min of tend_wetls =  3.55271347E-15,  -1.77635673E-15
2356:  warning! max/min of tend_wetls =  2.9145221E-7,  -2.0905604E-7
2356:  warning! max/min of tend_wetls =  2.9145221E-7,  -2.0905604E-7
2356:  warning! max/min of tend_wetls =  2.9145221E-7,  -2.0905604E-7
2356:  warning! max/min of tend_wetls =  2.9145221E-7,  -2.0905604E-7
2945:  warning! max/min of tend_wetls =  2.36847564E-15,  -3.15796753E-15
2945:  warning! max/min of tend_wetls =  2.36847564E-15,  -3.15796753E-15
2945:  warning! max/min of tend_wetls =  2.36847564E-15,  -3.15796753E-15
2945:  warning! max/min of tend_wetls =  2.36847564E-15,  -3.15796753E-15
2604:  warning! max/min of tend_wetls =  2*0.
2714:  warning! max/min of tend_wetls =  2.30502323E-7,  -1.74105566E-7
2714:  warning! max/min of tend_wetls =  2.30502323E-7,  -1.74105566E-7
2714:  warning! max/min of tend_wetls =  2.30502323E-7,  -1.74105566E-7
2714:  warning! max/min of tend_wetls =  2.30502323E-7,  -1.74105566E-7
 248:  warning! max/min of tend_wetls =  3.27669981E-18,  -6.13176539E-18
 248:  warning! max/min of tend_wetls =  3.27669981E-18,  -6.13176539E-18
 248:  warning! max/min of tend_wetls =  3.27669981E-18,  -6.13176539E-18
 248:  warning! max/min of tend_wetls =  3.27669981E-18,  -6.13176539E-18
 410:  warning! max/min of tend_wetls =  6.06329743E-12,  -9.70127624E-12
 410:  warning! max/min of tend_wetls =  6.06329743E-12,  -9.70127624E-12
 410:  warning! max/min of tend_wetls =  6.06329743E-12,  -9.70127624E-12
 410:  warning! max/min of tend_wetls =  6.06329743E-12,  -9.70127624E-12
 372:  warning! max/min of tend_wetls =  2.90280378E-9,  -1.11301934E-9
 372:  warning! max/min of tend_wetls =  2.90280378E-9,  -1.11301934E-9
 372:  warning! max/min of tend_wetls =  2.90280378E-9,  -1.11301934E-9
 372:  warning! max/min of tend_wetls =  2.90280378E-9,  -1.11301934E-9
 527:  warning! max/min of tend_wetls =  1.50583626E-20,  -2.03287891E-20
 527:  warning! max/min of tend_wetls =  1.50583626E-20,  -2.03287891E-20
 527:  warning! max/min of tend_wetls =  1.50583626E-20,  -2.03287891E-20
 527:  warning! max/min of tend_wetls =  1.50583626E-20,  -2.03287891E-20
1491:  warning! max/min of tend_wetls =  1.7446129E-9,  -1.6532592E-9
1491:  warning! max/min of tend_wetls =  1.7446129E-9,  -1.6532592E-9
1491:  warning! max/min of tend_wetls =  1.7446129E-9,  -1.6532592E-9
1491:  warning! max/min of tend_wetls =  1.7446129E-9,  -1.6532592E-9
1860:  warning! max/min of tend_wetls =  2.97402323E-7,  -8.38086805E-7
1860:  warning! max/min of tend_wetls =  2.97402323E-7,  -8.38086805E-7
1860:  warning! max/min of tend_wetls =  2.97402323E-7,  -8.38086805E-7
1860:  warning! max/min of tend_wetls =  2.97402323E-7,  -8.38086805E-7
2938:  warning! max/min of tend_wetls =  1.70908027E-6,  -1.47790536E-6
2938:  warning! max/min of tend_wetls =  1.70908027E-6,  -1.47790536E-6
2938:  warning! max/min of tend_wetls =  1.70908027E-6,  -1.47790536E-6
2938:  warning! max/min of tend_wetls =  1.70908027E-6,  -1.47790536E-6
2938:  warning! max/min of tend_wetls =  7.89491882E-15,  -7.89491882E-15
2938:  warning! max/min of tend_wetls =  7.89491882E-15,  -7.89491882E-15
2938:  warning! max/min of tend_wetls =  7.89491882E-15,  -7.89491882E-15
2938:  warning! max/min of tend_wetls =  7.89491882E-15,  -7.89491882E-15
2821:  warning! max/min of tend_wetls =  5.9051024E-7,  -7.57624377E-7
2821:  warning! max/min of tend_wetls =  5.9051024E-7,  -7.57624377E-7
2821:  warning! max/min of tend_wetls =  5.9051024E-7,  -7.57624377E-7
2821:  warning! max/min of tend_wetls =  5.9051024E-7,  -7.57624377E-7
  59:  warning! max/min of tend_wetls =  3.23375875E-12,  -7.68017681E-12
  59:  warning! max/min of tend_wetls =  3.23375875E-12,  -7.68017681E-12
  59:  warning! max/min of tend_wetls =  3.23375875E-12,  -7.68017681E-12
  59:  warning! max/min of tend_wetls =  3.23375875E-12,  -7.68017681E-12
 963:  warning! max/min of tend_wetls =  5.49738977E-10,  -6.4590544E-10
 963:  warning! max/min of tend_wetls =  5.49738977E-10,  -6.4590544E-10
 963:  warning! max/min of tend_wetls =  5.49738977E-10,  -6.4590544E-10
 963:  warning! max/min of tend_wetls =  5.49738977E-10,  -6.4590544E-10
3410:  warning! max/min of tend_wetls =  5.87043644E-7,  -4.18888163E-7
3410:  warning! max/min of tend_wetls =  5.87043644E-7,  -4.18888163E-7
3410:  warning! max/min of tend_wetls =  5.87043644E-7,  -4.18888163E-7
3410:  warning! max/min of tend_wetls =  5.87043644E-7,  -4.18888163E-7
3224:  warning! max/min of tend_wetls =  7.51473806E-7,  -7.54267774E-7
3224:  warning! max/min of tend_wetls =  7.51473806E-7,  -7.54267774E-7
3224:  warning! max/min of tend_wetls =  7.51473806E-7,  -7.54267774E-7
3224:  warning! max/min of tend_wetls =  7.51473806E-7,  -7.54267774E-7
1543:  warning! max/min of tend_wetls =  3.94745941E-16,  -1.28292436E-15
1543:  warning! max/min of tend_wetls =  3.94745941E-16,  -1.28292436E-15
1543:  warning! max/min of tend_wetls =  3.94745941E-16,  -1.28292436E-15
2499:  warning! max/min of tend_wetls =  7.89491882E-15,  -8.19097801E-15
1543:  warning! max/min of tend_wetls =  3.94745941E-16,  -1.28292436E-15
2499:  warning! max/min of tend_wetls =  7.89491882E-15,  -8.19097801E-15
2499:  warning! max/min of tend_wetls =  7.89491882E-15,  -8.19097801E-15
2499:  warning! max/min of tend_wetls =  7.89491882E-15,  -8.19097801E-15
3485:  warning! max/min of tend_wetls =  1.01048492E-7,  -7.87161554E-8
3485:  warning! max/min of tend_wetls =  1.01048492E-7,  -7.87161554E-8
3485:  warning! max/min of tend_wetls =  1.01048492E-7,  -7.87161554E-8
3485:  warning! max/min of tend_wetls =  1.01048492E-7,  -7.87161554E-8
2984:  warning! max/min of tend_wetls =  6.3091926E-7,  -7.42859072E-7
2984:  warning! max/min of tend_wetls =  6.3091926E-7,  -7.42859072E-7
2984:  warning! max/min of tend_wetls =  6.3091926E-7,  -7.42859072E-7
2984:  warning! max/min of tend_wetls =  6.3091926E-7,  -7.42859072E-7
1882:  warning! max/min of tend_wetls =  6.90805396E-16,  -8.63506732E-16
1882:  warning! max/min of tend_wetls =  6.90805396E-16,  -8.63506732E-16
1882:  warning! max/min of tend_wetls =  6.90805396E-16,  -8.63506732E-16
1882:  warning! max/min of tend_wetls =  6.90805396E-16,  -8.63506732E-16
1080:  warning! max/min of tend_wetls =  1.92747041E-18,  -1.54197633E-18
1080:  warning! max/min of tend_wetls =  1.92747041E-18,  -1.54197633E-18
1080:  warning! max/min of tend_wetls =  1.92747041E-18,  -1.54197633E-18
1080:  warning! max/min of tend_wetls =  1.92747041E-18,  -1.54197633E-18
 839:  warning! max/min of tend_wetls =  1.35693911E-16,  -1.14106244E-16
 839:  warning! max/min of tend_wetls =  1.35693911E-16,  -1.14106244E-16
 839:  warning! max/min of tend_wetls =  1.35693911E-16,  -1.14106244E-16
 839:  warning! max/min of tend_wetls =  1.35693911E-16,  -1.14106244E-16
2864:  warning! max/min of tend_wetls =  7.07384726E-13,  -5.93697888E-13
2864:  warning! max/min of tend_wetls =  7.07384726E-13,  -5.93697888E-13
2864:  warning! max/min of tend_wetls =  7.07384726E-13,  -5.93697888E-13
2864:  warning! max/min of tend_wetls =  7.07384726E-13,  -5.93697888E-13
3172:  warning! max/min of tend_wetls =  7.4842113E-8,  -7.77169262E-8
3172:  warning! max/min of tend_wetls =  7.4842113E-8,  -7.77169262E-8
3172:  warning! max/min of tend_wetls =  7.4842113E-8,  -7.77169262E-8
3172:  warning! max/min of tend_wetls =  7.4842113E-8,  -7.77169262E-8
3172:  warning! max/min of tend_wetls =  2*0.
3172:  warning! max/min of tend_wetls =  2*0.
2387:  warning! max/min of tend_wetls =  1.482355E-7,  -2.57963393E-7
2387:  warning! max/min of tend_wetls =  1.482355E-7,  -2.57963393E-7
2387:  warning! max/min of tend_wetls =  1.482355E-7,  -2.57963393E-7
2387:  warning! max/min of tend_wetls =  1.482355E-7,  -2.57963393E-7
2387:  warning! max/min of tend_wetls =  2.89486088E-8,  -9.77726966E-9
2387:  warning! max/min of tend_wetls =  2.89486088E-8,  -9.77726966E-9
 869:  warning! max/min of tend_wetls =  2.3129645E-18,  -2.3129645E-18
 869:  warning! max/min of tend_wetls =  2.3129645E-18,  -2.3129645E-18
 869:  warning! max/min of tend_wetls =  2.3129645E-18,  -2.3129645E-18
 869:  warning! max/min of tend_wetls =  2.3129645E-18,  -2.3129645E-18
2945:  warning! max/min of tend_wetls =  1.14573368E-6,  -1.62443348E-6
2945:  warning! max/min of tend_wetls =  1.14573368E-6,  -1.62443348E-6
2945:  warning! max/min of tend_wetls =  1.14573368E-6,  -1.62443348E-6
2945:  warning! max/min of tend_wetls =  1.14573368E-6,  -1.62443348E-6
2542:  warning! max/min of tend_wetls =  2.87468225E-7,  -1.92292234E-7
2542:  warning! max/min of tend_wetls =  2.87468225E-7,  -1.92292234E-7
2542:  warning! max/min of tend_wetls =  2.87468225E-7,  -1.92292234E-7
2542:  warning! max/min of tend_wetls =  2.87468225E-7,  -1.92292234E-7
1242:  warning! max/min of tend_wetls =  2.18666774E-8,  -1.83898798E-8
1242:  warning! max/min of tend_wetls =  2.18666774E-8,  -1.83898798E-8
1242:  warning! max/min of tend_wetls =  2.18666774E-8,  -1.83898798E-8
1242:  warning! max/min of tend_wetls =  2.18666774E-8,  -1.83898798E-8
 668:  warning! max/min of tend_wetls =  2.82344299E-22,  -3.11755154E-22
 668:  warning! max/min of tend_wetls =  2.82344299E-22,  -3.11755154E-22
 668:  warning! max/min of tend_wetls =  2.82344299E-22,  -3.11755154E-22
 668:  warning! max/min of tend_wetls =  2.82344299E-22,  -3.11755154E-22
2604:  warning! max/min of tend_wetls =  1.48029728E-16,  -9.56025309E-17
2604:  warning! max/min of tend_wetls =  1.48029728E-16,  -9.56025309E-17
2604:  warning! max/min of tend_wetls =  1.48029728E-16,  -9.56025309E-17
2604:  warning! max/min of tend_wetls =  1.48029728E-16,  -9.56025309E-17
3076:  warning! max/min of tend_wetls =  2.65269279E-13,  -3.7895609E-13
3076:  warning! max/min of tend_wetls =  2.65269279E-13,  -3.7895609E-13
3076:  warning! max/min of tend_wetls =  2.65269279E-13,  -3.7895609E-13
3076:  warning! max/min of tend_wetls =  2.65269279E-13,  -3.7895609E-13
2356:  warning! max/min of tend_wetls =  3.92604193E-7,  -3.51237929E-7
2356:  warning! max/min of tend_wetls =  3.92604193E-7,  -3.51237929E-7
2356:  warning! max/min of tend_wetls =  3.92604193E-7,  -3.51237929E-7
2356:  warning! max/min of tend_wetls =  3.92604193E-7,  -3.51237929E-7
3273:  warning! max/min of tend_wetls =  1.35525263E-20,  -2.85275271E-20
3273:  warning! max/min of tend_wetls =  1.35525263E-20,  -2.85275271E-20
3273:  warning! max/min of tend_wetls =  1.35525263E-20,  -2.85275271E-20
3273:  warning! max/min of tend_wetls =  1.35525263E-20,  -2.85275271E-20
2542:  warning! max/min of tend_wetls =  1.77856722E-11,  -1.23287049E-11
2542:  warning! max/min of tend_wetls =  1.77856722E-11,  -1.23287049E-11
2542:  warning! max/min of tend_wetls =  1.77856722E-11,  -1.23287049E-11
2542:  warning! max/min of tend_wetls =  1.77856722E-11,  -1.23287049E-11
  33:  warning! max/min of tend_wetls =  3.04175435E-11,  -8.63009386E-11
  33:  warning! max/min of tend_wetls =  3.04175435E-11,  -8.63009386E-11
  33:  warning! max/min of tend_wetls =  3.04175435E-11,  -8.63009386E-11
  33:  warning! max/min of tend_wetls =  3.04175435E-11,  -8.63009386E-11
2636:  warning! max/min of tend_wetls =  8.63506745E-17,  -6.78469553E-17
2636:  warning! max/min of tend_wetls =  8.63506745E-17,  -6.78469553E-17
2636:  warning! max/min of tend_wetls =  8.63506745E-17,  -6.78469553E-17
2636:  warning! max/min of tend_wetls =  8.63506745E-17,  -6.78469553E-17
   6:  warning! max/min of tend_wetls =  7.73515083E-8,  -7.85334464E-8
   6:  warning! max/min of tend_wetls =  7.73515083E-8,  -7.85334464E-8
   6:  warning! max/min of tend_wetls =  7.73515083E-8,  -7.85334464E-8
   6:  warning! max/min of tend_wetls =  7.73515083E-8,  -7.85334464E-8
  79:  warning! max/min of tend_wetls =  5.48362686E-6,  -5.56723899E-6
  79:  warning! max/min of tend_wetls =  5.48362686E-6,  -5.56723899E-6
  79:  warning! max/min of tend_wetls =  5.48362686E-6,  -5.56723899E-6
  79:  warning! max/min of tend_wetls =  5.48362686E-6,  -5.56723899E-6
2479:  warning! max/min of tend_wetls =  2.82531301E-3,  -4.28644801E-3
2479:  warning! max/min of tend_wetls =  2.82531301E-3,  -4.28644801E-3
2479:  warning! max/min of tend_wetls =  2.82531301E-3,  -4.28644801E-3
2479:  warning! max/min of tend_wetls =  2.82531301E-3,  -4.28644801E-3
2017:  warning! max/min of tend_wetls =  1.54197633E-17,  -3.93203977E-17
2017:  warning! max/min of tend_wetls =  1.54197633E-17,  -3.93203977E-17
2017:  warning! max/min of tend_wetls =  1.54197633E-17,  -3.93203977E-17
2017:  warning! max/min of tend_wetls =  1.54197633E-17,  -3.93203977E-17
1984:  warning! max/min of tend_wetls =  5.52644317E-15,  -5.9211889E-15
1984:  warning! max/min of tend_wetls =  5.52644317E-15,  -5.9211889E-15
1984:  warning! max/min of tend_wetls =  5.52644317E-15,  -5.9211889E-15
1984:  warning! max/min of tend_wetls =  5.52644317E-15,  -5.9211889E-15
   6:  warning! max/min of tend_wetls =  3.23375875E-12,  -2.37479155E-12
   6:  warning! max/min of tend_wetls =  3.23375875E-12,  -2.37479155E-12
   6:  warning! max/min of tend_wetls =  3.23375875E-12,  -2.37479155E-12
   6:  warning! max/min of tend_wetls =  3.23375875E-12,  -2.37479155E-12
3616:  warning! max/min of tend_wetls =  9.86864852E-16,  -6.90805396E-16
3616:  warning! max/min of tend_wetls =  9.86864852E-16,  -6.90805396E-16
3616:  warning! max/min of tend_wetls =  9.86864852E-16,  -6.90805396E-16
3616:  warning! max/min of tend_wetls =  9.86864852E-16,  -6.90805396E-16
   6:  warning! max/min of tend_wetls =  7.30700123E-8,  -5.11152152E-8
   6:  warning! max/min of tend_wetls =  7.30700123E-8,  -5.11152152E-8
   6:  warning! max/min of tend_wetls =  7.30700123E-8,  -5.11152152E-8
   6:  warning! max/min of tend_wetls =  7.30700123E-8,  -5.11152152E-8
 248:  warning! max/min of tend_wetls =  3.08395266E-18,  -6.43293234E-18
 248:  warning! max/min of tend_wetls =  3.08395266E-18,  -6.43293234E-18
 248:  warning! max/min of tend_wetls =  3.08395266E-18,  -6.43293234E-18
 248:  warning! max/min of tend_wetls =  3.08395266E-18,  -6.43293234E-18
   6:  warning! max/min of tend_wetls =  2*0.
   6:  warning! max/min of tend_wetls =  2*0.
 193:  warning! max/min of tend_wetls =  7.70988182E-17,  -9.25185766E-17
 193:  warning! max/min of tend_wetls =  7.70988182E-17,  -9.25185766E-17
 193:  warning! max/min of tend_wetls =  7.70988182E-17,  -9.25185766E-17
 193:  warning! max/min of tend_wetls =  7.70988182E-17,  -9.25185766E-17
1000:  warning! max/min of tend_wetls =  1.26318701E-14,  -3.47376411E-14
1000:  warning! max/min of tend_wetls =  1.26318701E-14,  -3.47376411E-14
1000:  warning! max/min of tend_wetls =  1.26318701E-14,  -3.47376411E-14
1000:  warning! max/min of tend_wetls =  1.26318701E-14,  -3.47376411E-14
2668:  warning! max/min of tend_wetls =  3.85494083E-18,  -7.32438737E-18
2668:  warning! max/min of tend_wetls =  3.85494083E-18,  -7.32438737E-18
2668:  warning! max/min of tend_wetls =  3.85494083E-18,  -7.32438737E-18
2668:  warning! max/min of tend_wetls =  3.85494083E-18,  -7.32438737E-18
  62:  warning! max/min of tend_wetls =  1.35525263E-20,  -2.0611134E-20
  62:  warning! max/min of tend_wetls =  1.35525263E-20,  -2.0611134E-20
  62:  warning! max/min of tend_wetls =  1.35525263E-20,  -2.0611134E-20
  62:  warning! max/min of tend_wetls =  1.35525263E-20,  -2.0611134E-20
 251:  warning! max/min of tend_wetls =  2.54860605E-10,  -3.51911278E-10
 251:  warning! max/min of tend_wetls =  2.54860605E-10,  -3.51911278E-10
 251:  warning! max/min of tend_wetls =  2.54860605E-10,  -3.51911278E-10
 251:  warning! max/min of tend_wetls =  2.54860605E-10,  -3.51911278E-10
 606:  warning! max/min of tend_wetls =  1.47054322E-24,  -2.84917745E-24
 606:  warning! max/min of tend_wetls =  1.47054322E-24,  -2.84917745E-24
 606:  warning! max/min of tend_wetls =  1.47054322E-24,  -2.84917745E-24
 606:  warning! max/min of tend_wetls =  1.47054322E-24,  -2.84917745E-24
 251:  warning! max/min of tend_wetls =  2*0.
 251:  warning! max/min of tend_wetls =  2*0.
3038:  warning! max/min of tend_wetls =  4.72128781E-9,  -2.16015095E-9
3038:  warning! max/min of tend_wetls =  4.72128781E-9,  -2.16015095E-9
3038:  warning! max/min of tend_wetls =  4.72128781E-9,  -2.16015095E-9
3038:  warning! max/min of tend_wetls =  4.72128781E-9,  -2.16015095E-9
1992:  warning! max/min of tend_wetls =  7.89491882E-15,  -7.10542693E-15
1992:  warning! max/min of tend_wetls =  7.89491882E-15,  -7.10542693E-15
1992:  warning! max/min of tend_wetls =  7.89491882E-15,  -7.10542693E-15
3079:  warning! max/min of tend_wetls =  2.62135985E-17,  -4.93432426E-17
1992:  warning! max/min of tend_wetls =  7.89491882E-15,  -7.10542693E-15
3079:  warning! max/min of tend_wetls =  2.62135985E-17,  -4.93432426E-17
3079:  warning! max/min of tend_wetls =  2.62135985E-17,  -4.93432426E-17
3079:  warning! max/min of tend_wetls =  2.62135985E-17,  -4.93432426E-17
1209:  warning! max/min of tend_wetls =  1.42932133E-9,  -1.26823974E-9
1209:  warning! max/min of tend_wetls =  1.42932133E-9,  -1.26823974E-9
1209:  warning! max/min of tend_wetls =  1.42932133E-9,  -1.26823974E-9
1209:  warning! max/min of tend_wetls =  1.42932133E-9,  -1.26823974E-9
1209:  warning! max/min of tend_wetls =  5.44079892E-10,  -7.20117632E-10
1209:  warning! max/min of tend_wetls =  5.44079892E-10,  -7.20117632E-10
1209:  warning! max/min of tend_wetls =  5.44079892E-10,  -7.20117632E-10
 668:  warning! max/min of tend_wetls =  1.83523792E-21,  -1.22349201E-21
 668:  warning! max/min of tend_wetls =  1.83523792E-21,  -1.22349201E-21
 668:  warning! max/min of tend_wetls =  1.83523792E-21,  -1.22349201E-21
 668:  warning! max/min of tend_wetls =  1.83523792E-21,  -1.22349201E-21
1119:  warning! max/min of tend_wetls =  7.22801405E-20,  -1.2076807E-18
1119:  warning! max/min of tend_wetls =  7.22801405E-20,  -1.2076807E-18
1119:  warning! max/min of tend_wetls =  7.22801405E-20,  -1.2076807E-18
1119:  warning! max/min of tend_wetls =  7.22801405E-20,  -1.2076807E-18
 465:  warning! max/min of tend_wetls =  2.84217067E-13,  -3.12638777E-13
 465:  warning! max/min of tend_wetls =  2.84217067E-13,  -3.12638777E-13
 465:  warning! max/min of tend_wetls =  2.84217067E-13,  -3.12638777E-13
 465:  warning! max/min of tend_wetls =  2.84217067E-13,  -3.12638777E-13
 994:  warning! max/min of tend_wetls =  9.71679839E-8,  -1.45021147E-7
 994:  warning! max/min of tend_wetls =  9.71679839E-8,  -1.45021147E-7
 994:  warning! max/min of tend_wetls =  9.71679839E-8,  -1.45021147E-7
 994:  warning! max/min of tend_wetls =  9.71679839E-8,  -1.45021147E-7
1543:  warning! max/min of tend_wetls =  6.90805396E-16,  -1.11022292E-15
1543:  warning! max/min of tend_wetls =  6.90805396E-16,  -1.11022292E-15
1543:  warning! max/min of tend_wetls =  6.90805396E-16,  -1.11022292E-15
1543:  warning! max/min of tend_wetls =  6.90805396E-16,  -1.11022292E-15
 252:  warning! max/min of tend_wetls =  6.54962263E-4,  -9.53356386E-4
 252:  warning! max/min of tend_wetls =  6.54962263E-4,  -9.53356386E-4
 252:  warning! max/min of tend_wetls =  6.54962263E-4,  -9.53356386E-4
 998:  warning! max/min of tend_wetls =  3.76957973E-6,  -3.132762E-6
 998:  warning! max/min of tend_wetls =  3.76957973E-6,  -3.132762E-6
 998:  warning! max/min of tend_wetls =  3.76957973E-6,  -3.132762E-6
 252:  warning! max/min of tend_wetls =  6.54962263E-4,  -9.53356386E-4
 998:  warning! max/min of tend_wetls =  3.76957973E-6,  -3.132762E-6
 252:  warning! max/min of tend_wetls =  6.2645803E-4,  -9.53356386E-4
 252:  warning! max/min of tend_wetls =  6.2645803E-4,  -9.53356386E-4
 252:  warning! max/min of tend_wetls =  6.2645803E-4,  -9.53356386E-4
1244:  warning! max/min of tend_wetls =  6.78830645E-7,  -1.03600576E-6
1244:  warning! max/min of tend_wetls =  6.78830645E-7,  -1.03600576E-6
1244:  warning! max/min of tend_wetls =  6.78830645E-7,  -1.03600576E-6
 252:  warning! max/min of tend_wetls =  5.34693361E-4,  -8.92215234E-4
1244:  warning! max/min of tend_wetls =  6.78830645E-7,  -1.03600576E-6
 998:  warning! max/min of tend_wetls =  3.86064221E-6,  -3.09809616E-6
 998:  warning! max/min of tend_wetls =  3.86064221E-6,  -3.09809616E-6
 998:  warning! max/min of tend_wetls =  3.86064221E-6,  -3.09809616E-6
 998:  warning! max/min of tend_wetls =  3.86064221E-6,  -3.09809616E-6
3710:  warning! max/min of tend_wetls =  1.1525116E-8,  -1.33453177E-8
3710:  warning! max/min of tend_wetls =  1.1525116E-8,  -1.33453177E-8
3710:  warning! max/min of tend_wetls =  1.1525116E-8,  -1.33453177E-8
3710:  warning! max/min of tend_wetls =  1.1525116E-8,  -1.33453177E-8
 252:  warning! max/min of tend_wetls =  3.43554518E-8,  -2.5663109E-8
 252:  warning! max/min of tend_wetls =  3.43554518E-8,  -2.5663109E-8
 252:  warning! max/min of tend_wetls =  3.43554518E-8,  -2.5663109E-8
 252:  warning! max/min of tend_wetls =  3.43554518E-8,  -2.5663109E-8
1244:  warning! max/min of tend_wetls =  5.33570202E-11,  -9.61537933E-11
1244:  warning! max/min of tend_wetls =  5.33570202E-11,  -9.61537933E-11
1244:  warning! max/min of tend_wetls =  5.33570202E-11,  -9.61537933E-11
1244:  warning! max/min of tend_wetls =  5.33570202E-11,  -9.61537933E-11
 998:  warning! max/min of tend_wetls =  3.93721757E-6,  -3.04128548E-6
 998:  warning! max/min of tend_wetls =  3.93721757E-6,  -3.04128548E-6
 998:  warning! max/min of tend_wetls =  3.93721757E-6,  -3.04128548E-6
 998:  warning! max/min of tend_wetls =  4.06760273E-6,  -3.66618656E-6
1374:  warning! max/min of tend_wetls =  1.95939904E-7,  -4.38057896E-7
1374:  warning! max/min of tend_wetls =  1.95939904E-7,  -4.38057896E-7
1374:  warning! max/min of tend_wetls =  1.95939904E-7,  -4.38057896E-7
1374:  warning! max/min of tend_wetls =  1.95939904E-7,  -4.38057896E-7
1244:  warning! max/min of tend_wetls =  5.82593998E-7,  -1.02321303E-6
1244:  warning! max/min of tend_wetls =  6.28332259E-7,  -1.02321303E-6
1244:  warning! max/min of tend_wetls =  6.28332259E-7,  -1.02321303E-6
1244:  warning! max/min of tend_wetls =  6.78830645E-7,  -1.03857985E-6
3057:  warning! max/min of tend_wetls =  1.38536933E-19,  -1.68653661E-19
3057:  warning! max/min of tend_wetls =  1.38536933E-19,  -1.68653661E-19
3057:  warning! max/min of tend_wetls =  1.38536933E-19,  -1.68653661E-19
3057:  warning! max/min of tend_wetls =  1.38536933E-19,  -1.68653661E-19
 562:  warning! max/min of tend_wetls =  3.12990596E-5,  -2.68783824E-5
 562:  warning! max/min of tend_wetls =  3.12990596E-5,  -2.68783824E-5
 562:  warning! max/min of tend_wetls =  3.12990596E-5,  -2.68783824E-5
 562:  warning! max/min of tend_wetls =  3.12990596E-5,  -2.68783824E-5
 560:  warning! max/min of tend_wetls =  1.70338244E-9,  -2.06091477E-9
 560:  warning! max/min of tend_wetls =  1.70338244E-9,  -2.06091477E-9
 560:  warning! max/min of tend_wetls =  1.70338244E-9,  -2.06091477E-9
 560:  warning! max/min of tend_wetls =  1.70338244E-9,  -2.06091477E-9
2480:  warning! max/min of tend_wetls =  1.9737297E-16,  -1.85037153E-16
2480:  warning! max/min of tend_wetls =  1.9737297E-16,  -1.85037153E-16
2480:  warning! max/min of tend_wetls =  1.9737297E-16,  -1.85037153E-16
2480:  warning! max/min of tend_wetls =  1.9737297E-16,  -1.85037153E-16
2198:  warning! max/min of tend_wetls =  2.52637402E-14,  -3.63166257E-14
2198:  warning! max/min of tend_wetls =  2.52637402E-14,  -3.63166257E-14
2198:  warning! max/min of tend_wetls =  2.52637402E-14,  -3.63166257E-14
2198:  warning! max/min of tend_wetls =  2.52637402E-14,  -3.63166257E-14
2929:  warning! max/min of tend_wetls =  6.90805396E-16,  -5.98648212E-16
2929:  warning! max/min of tend_wetls =  6.90805396E-16,  -5.98648212E-16
2929:  warning! max/min of tend_wetls =  6.90805396E-16,  -5.98648212E-16
2929:  warning! max/min of tend_wetls =  6.90805396E-16,  -5.98648212E-16
2015:  warning! max/min of tend_wetls =  1.66561858E-6,  -1.73308774E-6
2015:  warning! max/min of tend_wetls =  1.66561858E-6,  -1.73308774E-6
2015:  warning! max/min of tend_wetls =  1.66561858E-6,  -1.73308774E-6
2015:  warning! max/min of tend_wetls =  1.66561858E-6,  -1.73308774E-6
 374:  warning! max/min of tend_wetls =  1.59363675E-10,  -2.60115457E-10
 374:  warning! max/min of tend_wetls =  1.59363675E-10,  -2.60115457E-10
 374:  warning! max/min of tend_wetls =  1.59363675E-10,  -2.60115457E-10
 374:  warning! max/min of tend_wetls =  1.59363675E-10,  -2.60115457E-10
2015:  warning! max/min of tend_wetls =  2*0.
2015:  warning! max/min of tend_wetls =  2*0.
 374:  warning! max/min of tend_wetls =  1.11273639E-8,  -2.25382877E-8
 374:  warning! max/min of tend_wetls =  1.11273639E-8,  -2.25382877E-8
 374:  warning! max/min of tend_wetls =  1.11273639E-8,  -2.25382877E-8
 374:  warning! max/min of tend_wetls =  1.11273639E-8,  -2.25382877E-8
 374:  warning! max/min of tend_wetls =  6.32038155E-9,  -1.8357138E-8
 374:  warning! max/min of tend_wetls =  6.98532299E-9,  -1.89461886E-8
 374:  warning! max/min of tend_wetls =  6.98532299E-9,  -1.89461886E-8
 374:  warning! max/min of tend_wetls =  6.98532299E-9,  -1.89461886E-8
 374:  warning! max/min of tend_wetls =  6.98532299E-9,  -1.89461886E-8
2504:  warning! max/min of tend_wetls =  1.57898376E-14,  -2.05267898E-14
2504:  warning! max/min of tend_wetls =  1.57898376E-14,  -2.05267898E-14
2504:  warning! max/min of tend_wetls =  1.57898376E-14,  -2.05267898E-14
2504:  warning! max/min of tend_wetls =  1.57898376E-14,  -2.05267898E-14
 374:  warning! max/min of tend_wetls =  6.608186E-9,  -1.92255047E-8
 374:  warning! max/min of tend_wetls =  6.608186E-9,  -1.92255047E-8
 374:  warning! max/min of tend_wetls =  6.608186E-9,  -1.92255047E-8
 374:  warning! max/min of tend_wetls =  6.608186E-9,  -1.92255047E-8
2449:  warning! max/min of tend_wetls =  2.51767517E-7,  -2.27889444E-7
2449:  warning! max/min of tend_wetls =  2.51767517E-7,  -2.27889444E-7
2449:  warning! max/min of tend_wetls =  2.51767517E-7,  -2.27889444E-7
2449:  warning! max/min of tend_wetls =  2.51767517E-7,  -2.27889444E-7
 374:  warning! max/min of tend_wetls =  7.52333928E-9,  -2.01786552E-8
 374:  warning! max/min of tend_wetls =  7.52333928E-9,  -2.01786552E-8
 374:  warning! max/min of tend_wetls =  7.52333928E-9,  -2.01786552E-8
 374:  warning! max/min of tend_wetls =  7.52333928E-9,  -2.01786552E-8
2387:  warning! max/min of tend_wetls =  2.85864274E-7,  -2.47110904E-7
2387:  warning! max/min of tend_wetls =  2.85864274E-7,  -2.47110904E-7
2387:  warning! max/min of tend_wetls =  2.85864274E-7,  -2.47110904E-7
2387:  warning! max/min of tend_wetls =  2.85864274E-7,  -2.47110904E-7
 374:  warning! max/min of tend_wetls =  7.07627246E-9,  -1.97495744E-8
 374:  warning! max/min of tend_wetls =  7.07627246E-9,  -1.97495744E-8
 374:  warning! max/min of tend_wetls =  7.07627246E-9,  -1.97495744E-8
 374:  warning! max/min of tend_wetls =  7.07627246E-9,  -1.97495744E-8
2976:  warning! max/min of tend_wetls =  5.42775642E-16,  -5.85951029E-16
2976:  warning! max/min of tend_wetls =  5.42775642E-16,  -5.85951029E-16
2976:  warning! max/min of tend_wetls =  5.42775642E-16,  -5.85951029E-16
2976:  warning! max/min of tend_wetls =  5.42775642E-16,  -5.85951029E-16
2714:  warning! max/min of tend_wetls =  4.93432426E-16,  -3.94745941E-16
2714:  warning! max/min of tend_wetls =  4.93432426E-16,  -3.94745941E-16
2714:  warning! max/min of tend_wetls =  4.93432426E-16,  -3.94745941E-16
2714:  warning! max/min of tend_wetls =  4.93432426E-16,  -3.94745941E-16
2542:  warning! max/min of tend_wetls =  1.38161079E-15,  -7.40148612E-16
2542:  warning! max/min of tend_wetls =  1.38161079E-15,  -7.40148612E-16
2542:  warning! max/min of tend_wetls =  1.38161079E-15,  -7.40148612E-16
2542:  warning! max/min of tend_wetls =  1.38161079E-15,  -7.40148612E-16
 442:  warning! max/min of tend_wetls =  4.94966889E-6,  -9.42912266E-6
 442:  warning! max/min of tend_wetls =  4.94966889E-6,  -9.42912266E-6
 442:  warning! max/min of tend_wetls =  4.94966889E-6,  -9.42912266E-6
 442:  warning! max/min of tend_wetls =  4.94966889E-6,  -9.42912266E-6
 744:  warning! max/min of tend_wetls =  1.42220706E-8,  -2.00290931E-8
 744:  warning! max/min of tend_wetls =  1.42220706E-8,  -2.00290931E-8
 744:  warning! max/min of tend_wetls =  1.42220706E-8,  -2.00290931E-8
 744:  warning! max/min of tend_wetls =  1.42220706E-8,  -2.00290931E-8
3117:  warning! max/min of tend_wetls =  1.98523331E-23,  -3.01167252E-21
3117:  warning! max/min of tend_wetls =  1.98523331E-23,  -3.01167252E-21
3117:  warning! max/min of tend_wetls =  1.98523331E-23,  -3.01167252E-21
3117:  warning! max/min of tend_wetls =  1.98523331E-23,  -3.01167252E-21
 442:  warning! max/min of tend_wetls =  2*0.
 442:  warning! max/min of tend_wetls =  2*0.
2936:  warning! max/min of tend_wetls =  1.38161079E-15,  -1.04854389E-15
2936:  warning! max/min of tend_wetls =  1.38161079E-15,  -1.04854389E-15
2936:  warning! max/min of tend_wetls =  1.38161079E-15,  -1.04854389E-15
2936:  warning! max/min of tend_wetls =  1.38161079E-15,  -1.04854389E-15
2274:  warning! max/min of tend_wetls =  3.94745941E-15,  -2.36847564E-15
2274:  warning! max/min of tend_wetls =  3.94745941E-15,  -2.36847564E-15
2274:  warning! max/min of tend_wetls =  3.94745941E-15,  -2.36847564E-15
2274:  warning! max/min of tend_wetls =  3.94745941E-15,  -2.36847564E-15
 689:  warning! max/min of tend_wetls =  7.89491899E-14,  -1.01054961E-13
 689:  warning! max/min of tend_wetls =  7.89491899E-14,  -1.01054961E-13
 689:  warning! max/min of tend_wetls =  7.89491899E-14,  -1.01054961E-13
 689:  warning! max/min of tend_wetls =  7.89491899E-14,  -1.01054961E-13
 884:  warning! max/min of tend_wetls =  3.94745941E-16,  -3.82410124E-16
 884:  warning! max/min of tend_wetls =  3.94745941E-16,  -3.82410124E-16
 884:  warning! max/min of tend_wetls =  3.94745941E-16,  -3.82410124E-16
 884:  warning! max/min of tend_wetls =  3.94745941E-16,  -3.82410124E-16
2482:  warning! max/min of tend_wetls =  7.16600965E-8,  -5.15008409E-8
2482:  warning! max/min of tend_wetls =  7.16600965E-8,  -5.15008409E-8
2482:  warning! max/min of tend_wetls =  7.16600965E-8,  -5.15008409E-8
2482:  warning! max/min of tend_wetls =  7.16600965E-8,  -5.15008409E-8
 557:  warning! max/min of tend_wetls =  1.28758745E-2,  -2.41410974E-2
 557:  warning! max/min of tend_wetls =  1.28758745E-2,  -2.41410974E-2
 557:  warning! max/min of tend_wetls =  1.28758745E-2,  -2.41410974E-2
 557:  warning! max/min of tend_wetls =  1.28758745E-2,  -2.41410974E-2
2791:  warning! max/min of tend_wetls =  1.33872566E-10,  -5.94875815E-10
2791:  warning! max/min of tend_wetls =  1.33872566E-10,  -5.94875815E-10
2791:  warning! max/min of tend_wetls =  1.33872566E-10,  -5.94875815E-10
2791:  warning! max/min of tend_wetls =  1.33872566E-10,  -5.94875815E-10
 341:  warning! max/min of tend_wetls =  3.61400703E-20,  -1.19337528E-19
 341:  warning! max/min of tend_wetls =  3.61400703E-20,  -1.19337528E-19
 341:  warning! max/min of tend_wetls =  3.61400703E-20,  -1.19337528E-19
 341:  warning! max/min of tend_wetls =  3.61400703E-20,  -1.19337528E-19
3319:  warning! max/min of tend_wetls =  5.57823399E-10,  -4.11900014E-10
3319:  warning! max/min of tend_wetls =  5.57823399E-10,  -4.11900014E-10
3319:  warning! max/min of tend_wetls =  5.57823399E-10,  -4.11900014E-10
3319:  warning! max/min of tend_wetls =  5.57823399E-10,  -4.11900014E-10
 124:  warning! max/min of tend_wetls =  2.77073866E-19,  -3.45683534E-19
 124:  warning! max/min of tend_wetls =  2.77073866E-19,  -3.45683534E-19
 124:  warning! max/min of tend_wetls =  2.77073866E-19,  -3.45683534E-19
 124:  warning! max/min of tend_wetls =  2.77073866E-19,  -3.45683534E-19
1300:  warning! max/min of tend_wetls =  7.68237587E-5,  -1.37726456E-4
1300:  warning! max/min of tend_wetls =  7.68237587E-5,  -1.37726456E-4
1300:  warning! max/min of tend_wetls =  7.68237587E-5,  -1.37726456E-4
1300:  warning! max/min of tend_wetls =  7.68237587E-5,  -1.37726456E-4
2668:  warning! max/min of tend_wetls =  6.93889349E-18,  -7.42076135E-18
2668:  warning! max/min of tend_wetls =  6.93889349E-18,  -7.42076135E-18
2668:  warning! max/min of tend_wetls =  6.93889349E-18,  -7.42076135E-18
2668:  warning! max/min of tend_wetls =  6.93889349E-18,  -7.42076135E-18
 445:  warning! max/min of tend_wetls =  1.10837084E-9,  -4.42054837E-9
 445:  warning! max/min of tend_wetls =  1.10837084E-9,  -4.42054837E-9
 445:  warning! max/min of tend_wetls =  1.10837084E-9,  -4.42054837E-9
 445:  warning! max/min of tend_wetls =  1.10837084E-9,  -4.42054837E-9
 878:  warning! max/min of tend_wetls =  8.84230907E-14,  -1.20002763E-13
 878:  warning! max/min of tend_wetls =  8.84230907E-14,  -1.20002763E-13
 878:  warning! max/min of tend_wetls =  8.84230907E-14,  -1.20002763E-13
 878:  warning! max/min of tend_wetls =  8.84230907E-14,  -1.20002763E-13
 992:  warning! max/min of tend_wetls =  1.92747041E-18,  -2.50571164E-18
 992:  warning! max/min of tend_wetls =  1.92747041E-18,  -2.50571164E-18
 992:  warning! max/min of tend_wetls =  1.92747041E-18,  -2.50571164E-18
 992:  warning! max/min of tend_wetls =  1.92747041E-18,  -2.50571164E-18
2356:  warning! max/min of tend_wetls =  9.86864852E-16,  -9.86864852E-16
2356:  warning! max/min of tend_wetls =  9.86864852E-16,  -9.86864852E-16
2356:  warning! max/min of tend_wetls =  9.86864852E-16,  -9.86864852E-16
2356:  warning! max/min of tend_wetls =  9.86864852E-16,  -9.86864852E-16
2420:  warning! max/min of tend_wetls =  1.34922929E-18,  -1.10829546E-18
2420:  warning! max/min of tend_wetls =  1.34922929E-18,  -1.10829546E-18
2420:  warning! max/min of tend_wetls =  1.34922929E-18,  -1.10829546E-18
2420:  warning! max/min of tend_wetls =  1.34922929E-18,  -1.10829546E-18
2604:  warning! max/min of tend_wetls =  1.61907519E-17,  -2.54426099E-17
2604:  warning! max/min of tend_wetls =  1.61907519E-17,  -2.54426099E-17
2604:  warning! max/min of tend_wetls =  1.61907519E-17,  -2.54426099E-17
2604:  warning! max/min of tend_wetls =  1.61907519E-17,  -2.54426099E-17
3365:  warning! max/min of tend_wetls =  9.85407134E-9,  -7.93657851E-9
3365:  warning! max/min of tend_wetls =  9.85407134E-9,  -7.93657851E-9
3365:  warning! max/min of tend_wetls =  9.85407134E-9,  -7.93657851E-9
3365:  warning! max/min of tend_wetls =  9.85407134E-9,  -7.93657851E-9
 874:  warning! max/min of tend_wetls =  8.6509516E-8,  -1.01734052E-7
 874:  warning! max/min of tend_wetls =  8.6509516E-8,  -1.01734052E-7
 874:  warning! max/min of tend_wetls =  8.6509516E-8,  -1.01734052E-7
 874:  warning! max/min of tend_wetls =  8.6509516E-8,  -1.01734052E-7
 874:  warning! max/min of tend_wetls =  7.54826533E-6,  -9.81075846E-6
 874:  warning! max/min of tend_wetls =  7.54826533E-6,  -9.81075846E-6
 874:  warning! max/min of tend_wetls =  7.54826533E-6,  -9.81075846E-6
 874:  warning! max/min of tend_wetls =  7.54826533E-6,  -9.81075846E-6
 496:  warning! max/min of tend_wetls =  5.73183723E-9,  -5.38299583E-9
 496:  warning! max/min of tend_wetls =  5.93394711E-9,  -6.09886897E-9
 496:  warning! max/min of tend_wetls =  5.93394711E-9,  -6.09886897E-9
 496:  warning! max/min of tend_wetls =  5.93394711E-9,  -6.09886897E-9
 870:  warning! max/min of tend_wetls =  1.09585613E-7,  -1.6335332E-7
 870:  warning! max/min of tend_wetls =  1.09585613E-7,  -1.6335332E-7
 870:  warning! max/min of tend_wetls =  1.09585613E-7,  -1.6335332E-7
 870:  warning! max/min of tend_wetls =  1.09585613E-7,  -1.6335332E-7
 870:  warning! max/min of tend_wetls =  1.09585613E-7,  -1.6365729E-7
 870:  warning! max/min of tend_wetls =  1.09585613E-7,  -1.6365729E-7
 870:  warning! max/min of tend_wetls =  1.09585613E-7,  -1.6365729E-7
 870:  warning! max/min of tend_wetls =  1.08343855E-7,  -1.6365729E-7
 496:  warning! max/min of tend_wetls =  6.71004918E-11,  -5.43675695E-11
 496:  warning! max/min of tend_wetls =  6.71004918E-11,  -5.43675695E-11
 496:  warning! max/min of tend_wetls =  6.71004918E-11,  -5.43675695E-11
 496:  warning! max/min of tend_wetls =  6.71004918E-11,  -5.43675695E-11
 870:  warning! max/min of tend_wetls =  1.08343855E-7,  -1.6365729E-7
 870:  warning! max/min of tend_wetls =  1.08550815E-7,  -1.44722222E-7
 870:  warning! max/min of tend_wetls =  1.08550815E-7,  -1.44722222E-7
 496:  warning! max/min of tend_wetls =  5.76417492E-9,  -5.42038592E-9
 496:  warning! max/min of tend_wetls =  6.02934325E-9,  -5.42038592E-9
 496:  warning! max/min of tend_wetls =  6.02934325E-9,  -5.42038592E-9
 496:  warning! max/min of tend_wetls =  6.02934325E-9,  -5.42038592E-9
 870:  warning! max/min of tend_wetls =  1.08550815E-7,  -1.44722222E-7
2714:  warning! max/min of tend_wetls =  4.31753373E-17,  -7.78698035E-17
2714:  warning! max/min of tend_wetls =  4.31753373E-17,  -7.78698035E-17
2714:  warning! max/min of tend_wetls =  4.31753373E-17,  -7.78698035E-17
2714:  warning! max/min of tend_wetls =  4.31753373E-17,  -7.78698035E-17
 870:  warning! max/min of tend_wetls =  2*0.
 870:  warning! max/min of tend_wetls =  2*0.
 870:  warning! max/min of tend_wetls =  2*0.
 440:  warning! max/min of tend_wetls =  5.00844557E-8,  -4.66825405E-8
 440:  warning! max/min of tend_wetls =  4.5034617E-6,  -4.32402703E-6
 440:  warning! max/min of tend_wetls =  4.5034617E-6,  -4.32402703E-6
 440:  warning! max/min of tend_wetls =  4.5034617E-6,  -4.32402703E-6
 496:  warning! max/min of tend_wetls =  5.96143446E-9,  -5.46949863E-9
 496:  warning! max/min of tend_wetls =  5.96143446E-9,  -5.46949863E-9
 496:  warning! max/min of tend_wetls =  5.96143446E-9,  -5.46949863E-9
 496:  warning! max/min of tend_wetls =  5.96143446E-9,  -5.46949863E-9
 496:  warning! max/min of tend_wetls =  5.96143446E-9,  -9.51455165E-11
1953:  warning! max/min of tend_wetls =  7.08632967E-7,  -1.61263665E-6
1953:  warning! max/min of tend_wetls =  7.08632967E-7,  -1.61263665E-6
1953:  warning! max/min of tend_wetls =  7.08632967E-7,  -1.61263665E-6
1953:  warning! max/min of tend_wetls =  7.08632967E-7,  -1.61263665E-6
2139:  warning! max/min of tend_wetls =  3.61353131E-7,  -6.30738157E-7
2139:  warning! max/min of tend_wetls =  3.61353131E-7,  -6.30738157E-7
2139:  warning! max/min of tend_wetls =  3.61353131E-7,  -6.30738157E-7
2139:  warning! max/min of tend_wetls =  3.61353131E-7,  -6.30738157E-7
1178:  warning! max/min of tend_wetls =  3.77086584E-10,  -2.74515799E-10
1178:  warning! max/min of tend_wetls =  3.77086584E-10,  -2.74515799E-10
1178:  warning! max/min of tend_wetls =  3.77086584E-10,  -2.74515799E-10
1178:  warning! max/min of tend_wetls =  3.77086584E-10,  -2.74515799E-10
 790:  warning! max/min of tend_wetls =  5.3734245E-4,  -6.91625755E-4
 790:  warning! max/min of tend_wetls =  5.3734245E-4,  -6.91625755E-4
 790:  warning! max/min of tend_wetls =  5.3734245E-4,  -6.91625755E-4
 790:  warning! max/min of tend_wetls =  5.3734245E-4,  -6.91625755E-4
2139:  warning! max/min of tend_wetls =  2.95048146E-8,  -2.96826723E-8
2139:  warning! max/min of tend_wetls =  2.95048146E-8,  -2.96826723E-8
2139:  warning! max/min of tend_wetls =  2*0.
 186:  warning! max/min of tend_wetls =  1.5492736E-9,  -1.36160505E-9
 186:  warning! max/min of tend_wetls =  1.5492736E-9,  -1.36160505E-9
 186:  warning! max/min of tend_wetls =  1.5492736E-9,  -1.36160505E-9
 186:  warning! max/min of tend_wetls =  1.5492736E-9,  -1.36160505E-9
1893:  warning! max/min of tend_wetls =  2.89120562E-19,  -4.21634147E-19
1893:  warning! max/min of tend_wetls =  2.89120562E-19,  -4.21634147E-19
1893:  warning! max/min of tend_wetls =  2.89120562E-19,  -4.21634147E-19
1893:  warning! max/min of tend_wetls =  2.89120562E-19,  -4.21634147E-19
1677:  warning! max/min of tend_wetls =  2.0842586E-13,  -4.4527343E-13
1677:  warning! max/min of tend_wetls =  2.0842586E-13,  -4.4527343E-13
1677:  warning! max/min of tend_wetls =  2.0842586E-13,  -4.4527343E-13
1677:  warning! max/min of tend_wetls =  2.0842586E-13,  -4.4527343E-13
   4:  warning! max/min of tend_wetls =  1.79012604E-5,  -6.7745641E-5
   4:  warning! max/min of tend_wetls =  1.79012604E-5,  -6.7745641E-5
   4:  warning! max/min of tend_wetls =  1.79012604E-5,  -6.7745641E-5
   4:  warning! max/min of tend_wetls =  1.79012604E-5,  -6.7745641E-5
1119:  warning! max/min of tend_wetls =  4.9296629E-9,  -5.94668004E-9
1119:  warning! max/min of tend_wetls =  4.9296629E-9,  -5.94668004E-9
1119:  warning! max/min of tend_wetls =  4.9296629E-9,  -5.94668004E-9
1119:  warning! max/min of tend_wetls =  4.9296629E-9,  -5.94668004E-9
3365:  warning! max/min of tend_wetls =  9.88721727E-9,  -9.57336077E-9
3365:  warning! max/min of tend_wetls =  9.88721727E-9,  -9.57336077E-9
3365:  warning! max/min of tend_wetls =  9.88721727E-9,  -9.57336077E-9
3365:  warning! max/min of tend_wetls =  9.88721727E-9,  -9.57336077E-9
   4:  warning! max/min of tend_wetls =  1.92738225E-5,  -6.7745641E-5
   4:  warning! max/min of tend_wetls =  1.92738225E-5,  -6.85602354E-5
   4:  warning! max/min of tend_wetls =  1.92738225E-5,  -6.85602354E-5
   4:  warning! max/min of tend_wetls =  1.92738225E-5,  -6.85602354E-5
3446:  warning! max/min of tend_wetls =  9.74266854E-8,  -1.22960444E-7
3446:  warning! max/min of tend_wetls =  9.74266854E-8,  -1.22960444E-7
3446:  warning! max/min of tend_wetls =  9.74266854E-8,  -1.22960444E-7
3446:  warning! max/min of tend_wetls =  9.74266854E-8,  -1.22960444E-7
2480:  warning! max/min of tend_wetls =  6.34075406E-8,  -7.34257242E-8
2480:  warning! max/min of tend_wetls =  6.34075406E-8,  -7.34257242E-8
2480:  warning! max/min of tend_wetls =  6.34075406E-8,  -7.34257242E-8
2480:  warning! max/min of tend_wetls =  6.34075406E-8,  -7.34257242E-8
3079:  warning! max/min of tend_wetls =  2.46716213E-16,  -1.9737297E-16
3079:  warning! max/min of tend_wetls =  2.46716213E-16,  -1.9737297E-16
3079:  warning! max/min of tend_wetls =  2.46716213E-16,  -1.9737297E-16
3079:  warning! max/min of tend_wetls =  2.46716213E-16,  -1.9737297E-16
2420:  warning! max/min of tend_wetls =  3.67314579E-9,  -1.98095518E-9
2420:  warning! max/min of tend_wetls =  3.67314579E-9,  -1.98095518E-9
2420:  warning! max/min of tend_wetls =  3.67314579E-9,  -1.98095518E-9
2420:  warning! max/min of tend_wetls =  3.67314579E-9,  -1.98095518E-9
1030:  warning! max/min of tend_wetls =  9.09494648E-13,  -1.64214313E-12
1030:  warning! max/min of tend_wetls =  9.09494648E-13,  -1.64214313E-12
1030:  warning! max/min of tend_wetls =  9.09494648E-13,  -1.64214313E-12
1030:  warning! max/min of tend_wetls =  9.09494648E-13,  -1.64214313E-12
 591:  warning! max/min of tend_wetls =  6.16637352E-10,  -8.84998297E-10
 591:  warning! max/min of tend_wetls =  6.16637352E-10,  -8.84998297E-10
 591:  warning! max/min of tend_wetls =  6.16637352E-10,  -8.84998297E-10
 591:  warning! max/min of tend_wetls =  6.16637352E-10,  -8.84998297E-10
 591:  warning! max/min of tend_wetls =  3.42677359E-10,  -3.09506087E-10
 591:  warning! max/min of tend_wetls =  3.42677359E-10,  -3.09506087E-10
1705:  warning! max/min of tend_wetls =  3.75012547E-7,  -3.90922622E-7
1705:  warning! max/min of tend_wetls =  3.75012547E-7,  -3.90922622E-7
1705:  warning! max/min of tend_wetls =  3.75012547E-7,  -3.90922622E-7
1705:  warning! max/min of tend_wetls =  3.75012547E-7,  -3.90922622E-7
2612:  warning! max/min of tend_wetls =  1.06390663E-9,  -8.47750092E-10
2612:  warning! max/min of tend_wetls =  1.06390663E-9,  -8.47750092E-10
2612:  warning! max/min of tend_wetls =  1.06390663E-9,  -8.47750092E-10
2612:  warning! max/min of tend_wetls =  1.06390663E-9,  -8.47750092E-10
 932:  warning! max/min of tend_wetls =  1.58454174E-8,  -2.00949817E-8
 932:  warning! max/min of tend_wetls =  1.58454174E-8,  -2.00949817E-8
 932:  warning! max/min of tend_wetls =  1.58454174E-8,  -2.00949817E-8
 932:  warning! max/min of tend_wetls =  1.58454174E-8,  -2.00949817E-8
1782:  warning! max/min of tend_wetls =  9.47390258E-15,  -7.7962327E-15
1782:  warning! max/min of tend_wetls =  9.47390258E-15,  -7.7962327E-15
1782:  warning! max/min of tend_wetls =  9.47390258E-15,  -7.7962327E-15
3365:  warning! max/min of tend_wetls =  1.8503716E-17,  -1.96601988E-17
1782:  warning! max/min of tend_wetls =  9.47390258E-15,  -7.7962327E-15
3365:  warning! max/min of tend_wetls =  1.8503716E-17,  -1.96601988E-17
3365:  warning! max/min of tend_wetls =  1.8503716E-17,  -1.96601988E-17
3365:  warning! max/min of tend_wetls =  1.8503716E-17,  -1.96601988E-17
2945:  warning! max/min of tend_wetls =  3.15796753E-15,  -2.96059445E-15
2945:  warning! max/min of tend_wetls =  3.15796753E-15,  -2.96059445E-15
2945:  warning! max/min of tend_wetls =  3.15796753E-15,  -2.96059445E-15
2945:  warning! max/min of tend_wetls =  3.15796753E-15,  -2.96059445E-15
 254:  warning! max/min of tend_wetls =  7.19964035E-8,  -9.92246569E-8
 254:  warning! max/min of tend_wetls =  7.19964035E-8,  -9.92246569E-8
 254:  warning! max/min of tend_wetls =  7.19964035E-8,  -9.92246569E-8
 254:  warning! max/min of tend_wetls =  7.19964035E-8,  -9.92246569E-8
1244:  warning! max/min of tend_wetls =  8.08387938E-7,  -1.01499927E-6
1244:  warning! max/min of tend_wetls =  8.08387938E-7,  -1.01499927E-6
1244:  warning! max/min of tend_wetls =  8.08387938E-7,  -1.01499927E-6
1244:  warning! max/min of tend_wetls =  8.08387938E-7,  -1.01499927E-6
2332:  warning! max/min of tend_wetls =  1.75496083E-7,  -2.63848847E-7
2332:  warning! max/min of tend_wetls =  1.75496083E-7,  -2.63848847E-7
2332:  warning! max/min of tend_wetls =  1.75496083E-7,  -2.63848847E-7
2332:  warning! max/min of tend_wetls =  1.75496083E-7,  -2.63848847E-7
1244:  warning! max/min of tend_wetls =  8.93655681E-7,  -1.01499927E-6
1244:  warning! max/min of tend_wetls =  8.93655681E-7,  -1.01499927E-6
1244:  warning! max/min of tend_wetls =  8.93655681E-7,  -1.01499927E-6
1244:  warning! max/min of tend_wetls =  8.93655681E-7,  -9.50634501E-7
 998:  warning! max/min of tend_wetls =  8.74718808E-7,  -9.85727297E-7
 998:  warning! max/min of tend_wetls =  8.74718808E-7,  -9.85727297E-7
 998:  warning! max/min of tend_wetls =  8.74718808E-7,  -9.85727297E-7
 998:  warning! max/min of tend_wetls =  8.74718808E-7,  -9.85727297E-7
 254:  warning! max/min of tend_wetls =  6.94870081E-8,  -6.56258976E-8
 254:  warning! max/min of tend_wetls =  6.94870081E-8,  -6.56258976E-8
 254:  warning! max/min of tend_wetls =  6.94870081E-8,  -6.56258976E-8
 254:  warning! max/min of tend_wetls =  6.94870081E-8,  -6.56258976E-8
1120:  warning! max/min of tend_wetls =  1.42108539E-14,  -1.93425513E-14
1120:  warning! max/min of tend_wetls =  1.42108539E-14,  -1.93425513E-14
1120:  warning! max/min of tend_wetls =  1.42108539E-14,  -1.93425513E-14
1120:  warning! max/min of tend_wetls =  1.42108539E-14,  -1.93425513E-14
2332:  warning! max/min of tend_wetls =  6.16677776E-9,  -1.22371243E-13
2332:  warning! max/min of tend_wetls =  2*0.
2332:  warning! max/min of tend_wetls =  2*0.
1244:  warning! max/min of tend_wetls =  8.94483549E-7,  -9.50634501E-7
1244:  warning! max/min of tend_wetls =  8.94483549E-7,  -9.50634501E-7
1244:  warning! max/min of tend_wetls =  8.94483549E-7,  -9.50634501E-7
1244:  warning! max/min of tend_wetls =  8.94483549E-7,  -7.06938465E-7
 998:  warning! max/min of tend_wetls =  7.69375902E-7,  -8.88481679E-7
 998:  warning! max/min of tend_wetls =  7.69375902E-7,  -8.88481679E-7
 254:  warning! max/min of tend_wetls =  7.21516287E-8,  -9.50013614E-8
 998:  warning! max/min of tend_wetls =  7.69375902E-7,  -8.88481679E-7
 254:  warning! max/min of tend_wetls =  7.21516287E-8,  -9.50013614E-8
 254:  warning! max/min of tend_wetls =  7.21516287E-8,  -9.50013614E-8
 254:  warning! max/min of tend_wetls =  7.21516287E-8,  -9.50013614E-8
 998:  warning! max/min of tend_wetls =  7.69375902E-7,  -8.88481679E-7
2404:  warning! max/min of tend_wetls =  1.33547484E-13,  -8.26992758E-14
2404:  warning! max/min of tend_wetls =  1.33547484E-13,  -8.26992758E-14
2404:  warning! max/min of tend_wetls =  1.33547484E-13,  -8.26992758E-14
2404:  warning! max/min of tend_wetls =  1.33547484E-13,  -8.26992758E-14
1244:  warning! max/min of tend_wetls =  8.04662648E-7,  -1.00890691E-6
1244:  warning! max/min of tend_wetls =  8.04662648E-7,  -1.00890691E-6
1244:  warning! max/min of tend_wetls =  8.04662648E-7,  -1.00890691E-6
1244:  warning! max/min of tend_wetls =  8.04662648E-7,  -1.00890691E-6
 254:  warning! max/min of tend_wetls =  7.24103231E-8,  -9.25404748E-8
 254:  warning! max/min of tend_wetls =  7.24103231E-8,  -9.25404748E-8
 254:  warning! max/min of tend_wetls =  7.24103231E-8,  -9.25404748E-8
 254:  warning! max/min of tend_wetls =  7.24103231E-8,  -9.25404748E-8
1774:  warning! max/min of tend_wetls =  4.62995595E-5,  -6.92283065E-5
1774:  warning! max/min of tend_wetls =  4.62995595E-5,  -6.92283065E-5
1774:  warning! max/min of tend_wetls =  4.62995595E-5,  -6.92283065E-5
1774:  warning! max/min of tend_wetls =  4.62995595E-5,  -6.92283065E-5
2203:  warning! max/min of tend_wetls =  7.86407954E-17,  -5.70386693E-16
2203:  warning! max/min of tend_wetls =  7.86407954E-17,  -5.70386693E-16
2203:  warning! max/min of tend_wetls =  7.86407954E-17,  -5.70386693E-16
2203:  warning! max/min of tend_wetls =  7.86407954E-17,  -5.70386693E-16
 558:  warning! max/min of tend_wetls =  3.19838961E-10,  -5.6489724E-10
 558:  warning! max/min of tend_wetls =  3.19838961E-10,  -5.6489724E-10
 558:  warning! max/min of tend_wetls =  3.19838961E-10,  -5.6489724E-10
 558:  warning! max/min of tend_wetls =  3.19838961E-10,  -5.6489724E-10
 558:  warning! max/min of tend_wetls =  2*0.
 558:  warning! max/min of tend_wetls =  2*0.
 558:  warning! max/min of tend_wetls =  2*0.
2015:  warning! max/min of tend_wetls =  2.04890944E-6,  -1.8185624E-6
2015:  warning! max/min of tend_wetls =  2.04890944E-6,  -1.8185624E-6
2015:  warning! max/min of tend_wetls =  2.04890944E-6,  -1.8185624E-6
2015:  warning! max/min of tend_wetls =  2.04890944E-6,  -1.8185624E-6
 562:  warning! max/min of tend_wetls =  2.45306219E-5,  -2.61482892E-5
 562:  warning! max/min of tend_wetls =  2.45306219E-5,  -2.61482892E-5
 562:  warning! max/min of tend_wetls =  2.45306219E-5,  -2.61482892E-5
 562:  warning! max/min of tend_wetls =  2.45306219E-5,  -2.61482892E-5
3131:  warning! max/min of tend_wetls =  8.01558258E-7,  -7.65909306E-7
3131:  warning! max/min of tend_wetls =  8.01558258E-7,  -7.65909306E-7
3131:  warning! max/min of tend_wetls =  8.01558258E-7,  -7.65909306E-7
3131:  warning! max/min of tend_wetls =  8.01558258E-7,  -7.65909306E-7
 564:  warning! max/min of tend_wetls =  9.07780731E-8,  -6.96131224E-8
 564:  warning! max/min of tend_wetls =  9.07780731E-8,  -6.96131224E-8
 564:  warning! max/min of tend_wetls =  9.07780731E-8,  -6.96131224E-8
 564:  warning! max/min of tend_wetls =  9.07780731E-8,  -6.96131224E-8
 942:  warning! max/min of tend_wetls =  5.52644317E-15,  -3.94745941E-15
 942:  warning! max/min of tend_wetls =  5.52644317E-15,  -3.94745941E-15
 942:  warning! max/min of tend_wetls =  5.52644317E-15,  -3.94745941E-15
 942:  warning! max/min of tend_wetls =  5.52644317E-15,  -3.94745941E-15
1953:  warning! max/min of tend_wetls =  3.85494091E-17,  -1.77635673E-15
1953:  warning! max/min of tend_wetls =  3.85494091E-17,  -1.77635673E-15
1953:  warning! max/min of tend_wetls =  3.85494091E-17,  -1.77635673E-15
1953:  warning! max/min of tend_wetls =  3.85494091E-17,  -1.77635673E-15
3664:  warning! max/min of tend_wetls =  2.08787636E-8,  -5.3381271E-8
3664:  warning! max/min of tend_wetls =  2.08787636E-8,  -5.3381271E-8
3664:  warning! max/min of tend_wetls =  2.08787636E-8,  -5.3381271E-8
3664:  warning! max/min of tend_wetls =  2.08787636E-8,  -5.3381271E-8
3710:  warning! max/min of tend_wetls =  5.55559732E-9,  -6.57180621E-9
3710:  warning! max/min of tend_wetls =  5.55559732E-9,  -6.57180621E-9
3710:  warning! max/min of tend_wetls =  5.55559732E-9,  -6.57180621E-9
3710:  warning! max/min of tend_wetls =  5.55559732E-9,  -6.57180621E-9
 330:  warning! max/min of tend_wetls =  1.26318701E-14,  -9.07915643E-15
 330:  warning! max/min of tend_wetls =  1.26318701E-14,  -9.07915643E-15
 330:  warning! max/min of tend_wetls =  1.26318701E-14,  -9.07915643E-15
 330:  warning! max/min of tend_wetls =  1.26318701E-14,  -9.07915643E-15
1732:  warning! max/min of tend_wetls =  1.77856722E-11,  -3.39544677E-11
1732:  warning! max/min of tend_wetls =  1.77856722E-11,  -3.39544677E-11
1732:  warning! max/min of tend_wetls =  1.77856722E-11,  -3.39544677E-11
1732:  warning! max/min of tend_wetls =  1.77856722E-11,  -3.39544677E-11
1546:  warning! max/min of tend_wetls =  1.92769361E-3,  -5.32086659E-3
1546:  warning! max/min of tend_wetls =  1.92769361E-3,  -5.32086659E-3
1546:  warning! max/min of tend_wetls =  1.92769361E-3,  -5.32086659E-3
1546:  warning! max/min of tend_wetls =  1.92769361E-3,  -5.32086659E-3
 107:  warning! max/min of tend_wetls =  1.57898376E-15,  -2.56584872E-15
 107:  warning! max/min of tend_wetls =  1.57898376E-15,  -2.56584872E-15
 107:  warning! max/min of tend_wetls =  1.57898376E-15,  -2.56584872E-15
 107:  warning! max/min of tend_wetls =  1.57898376E-15,  -2.56584872E-15
2532:  warning! max/min of tend_wetls =  2.12215423E-12,  -1.54108811E-12
2532:  warning! max/min of tend_wetls =  2.12215423E-12,  -1.54108811E-12
2532:  warning! max/min of tend_wetls =  2.12215423E-12,  -1.54108811E-12
2532:  warning! max/min of tend_wetls =  2.12215423E-12,  -1.54108811E-12
3717:  warning! max/min of tend_wetls =  1.13686831E-13,  -1.26318701E-13
3717:  warning! max/min of tend_wetls =  1.13686831E-13,  -1.26318701E-13
3717:  warning! max/min of tend_wetls =  1.13686831E-13,  -1.26318701E-13
3717:  warning! max/min of tend_wetls =  1.13686831E-13,  -1.26318701E-13
3336:  warning! max/min of tend_wetls =  1.45519138E-10,  -1.64732214E-10
3336:  warning! max/min of tend_wetls =  1.45519138E-10,  -1.64732214E-10
3336:  warning! max/min of tend_wetls =  1.45519138E-10,  -1.64732214E-10
3336:  warning! max/min of tend_wetls =  1.45519138E-10,  -1.64732214E-10
3365:  warning! max/min of tend_wetls =  5.39691716E-18,  -9.25185799E-18
3365:  warning! max/min of tend_wetls =  5.39691716E-18,  -9.25185799E-18
3365:  warning! max/min of tend_wetls =  5.39691716E-18,  -9.25185799E-18
3365:  warning! max/min of tend_wetls =  5.39691716E-18,  -9.25185799E-18
3255:  warning! max/min of tend_wetls =  1.9737297E-15,  -2.51650545E-15
3255:  warning! max/min of tend_wetls =  1.9737297E-15,  -2.51650545E-15
3255:  warning! max/min of tend_wetls =  1.9737297E-15,  -2.51650545E-15
3255:  warning! max/min of tend_wetls =  1.9737297E-15,  -2.51650545E-15
2714:  warning! max/min of tend_wetls =  3.17684453E-7,  -3.25238517E-7
2714:  warning! max/min of tend_wetls =  3.17684453E-7,  -3.25238517E-7
2714:  warning! max/min of tend_wetls =  3.17684453E-7,  -3.25238517E-7
2714:  warning! max/min of tend_wetls =  3.17684453E-7,  -3.25238517E-7
 713:  warning! max/min of tend_wetls =  1.25922561E-8,  -1.80763333E-8
 713:  warning! max/min of tend_wetls =  1.25922561E-8,  -1.80763333E-8
 713:  warning! max/min of tend_wetls =  1.25922561E-8,  -1.80763333E-8
 713:  warning! max/min of tend_wetls =  1.25922561E-8,  -1.80763333E-8
1119:  warning! max/min of tend_wetls =  1.0421293E-13,  -1.84358686E-14
1119:  warning! max/min of tend_wetls =  1.0421293E-13,  -1.84358686E-14
1119:  warning! max/min of tend_wetls =  1.0421293E-13,  -1.84358686E-14
1119:  warning! max/min of tend_wetls =  1.0421293E-13,  -1.84358686E-14
 182:  warning! max/min of tend_wetls =  1.12957414E-3,  -1.16634357E-3
 182:  warning! max/min of tend_wetls =  1.12957414E-3,  -1.16634357E-3
 182:  warning! max/min of tend_wetls =  1.12957414E-3,  -1.16634357E-3
 182:  warning! max/min of tend_wetls =  1.12957414E-3,  -1.16634357E-3
   8:  warning! max/min of tend_wetls =  1.23358106E-17,  -4.16333601E-17
   8:  warning! max/min of tend_wetls =  1.23358106E-17,  -4.16333601E-17
   8:  warning! max/min of tend_wetls =  1.23358106E-17,  -4.16333601E-17
   8:  warning! max/min of tend_wetls =  1.23358106E-17,  -4.16333601E-17
2248:  warning! max/min of tend_wetls =  5.64129232E-9,  -4.03815603E-9
2248:  warning! max/min of tend_wetls =  5.64129232E-9,  -4.03815603E-9
2248:  warning! max/min of tend_wetls =  5.64129232E-9,  -4.03815603E-9
2248:  warning! max/min of tend_wetls =  5.64129232E-9,  -4.03815603E-9
 279:  warning! max/min of tend_wetls =  2.3129645E-18,  -5.30054359E-18
 279:  warning! max/min of tend_wetls =  2.3129645E-18,  -5.30054359E-18
 279:  warning! max/min of tend_wetls =  2.3129645E-18,  -5.30054359E-18
 279:  warning! max/min of tend_wetls =  2.3129645E-18,  -5.30054359E-18
1509:  warning! max/min of tend_wetls =  5.13158682E-7,  -3.17943147E-7
1509:  warning! max/min of tend_wetls =  5.13158682E-7,  -3.17943147E-7
1509:  warning! max/min of tend_wetls =  5.13158682E-7,  -3.17943147E-7
1509:  warning! max/min of tend_wetls =  5.13158682E-7,  -3.17943147E-7
 248:  warning! max/min of tend_wetls =  4.81867614E-18,  -6.45702604E-18
 248:  warning! max/min of tend_wetls =  4.81867614E-18,  -6.45702604E-18
 248:  warning! max/min of tend_wetls =  4.81867614E-18,  -6.45702604E-18
 248:  warning! max/min of tend_wetls =  4.81867614E-18,  -6.45702604E-18
 839:  warning! max/min of tend_wetls =  3.0293851E-8,  -2.58555186E-8
 839:  warning! max/min of tend_wetls =  3.0293851E-8,  -2.58555186E-8
 839:  warning! max/min of tend_wetls =  3.0293851E-8,  -2.58555186E-8
 839:  warning! max/min of tend_wetls =  3.0293851E-8,  -2.58555186E-8
2995:  warning! max/min of tend_wetls =  7.40148639E-17,  -4.78012654E-17
2995:  warning! max/min of tend_wetls =  7.40148639E-17,  -4.78012654E-17
2995:  warning! max/min of tend_wetls =  7.40148639E-17,  -4.78012654E-17
2995:  warning! max/min of tend_wetls =  7.40148639E-17,  -4.78012654E-17
2821:  warning! max/min of tend_wetls =  8.88178367E-16,  -1.28292436E-15
2821:  warning! max/min of tend_wetls =  8.88178367E-16,  -1.28292436E-15
2821:  warning! max/min of tend_wetls =  8.88178367E-16,  -1.28292436E-15
2821:  warning! max/min of tend_wetls =  8.88178367E-16,  -1.28292436E-15
1893:  warning! max/min of tend_wetls =  8.67361686E-19,  -9.39641814E-19
1893:  warning! max/min of tend_wetls =  8.67361686E-19,  -9.39641814E-19
1893:  warning! max/min of tend_wetls =  8.67361686E-19,  -9.39641814E-19
1893:  warning! max/min of tend_wetls =  8.67361686E-19,  -9.39641814E-19
1581:  warning! max/min of tend_wetls =  8.88178367E-16,  -9.86864852E-16
1581:  warning! max/min of tend_wetls =  8.88178367E-16,  -9.86864852E-16
1581:  warning! max/min of tend_wetls =  8.88178367E-16,  -9.86864852E-16
1581:  warning! max/min of tend_wetls =  8.88178367E-16,  -9.86864852E-16
1546:  warning! max/min of tend_wetls =  6.81050587E-3,  -1.62870605E-2
1546:  warning! max/min of tend_wetls =  6.81050587E-3,  -1.62870605E-2
1546:  warning! max/min of tend_wetls =  6.81050587E-3,  -1.62870605E-2
1546:  warning! max/min of tend_wetls =  6.81050587E-3,  -1.62870605E-2
3365:  warning! max/min of tend_wetls =  8.29620816E-9,  -9.63404911E-9
3365:  warning! max/min of tend_wetls =  8.29620816E-9,  -9.63404911E-9
3365:  warning! max/min of tend_wetls =  8.29620816E-9,  -9.63404911E-9
3365:  warning! max/min of tend_wetls =  8.29620816E-9,  -9.63404911E-9
3361:  warning! max/min of tend_wetls =  7.57912206E-14,  -7.33240576E-14
3361:  warning! max/min of tend_wetls =  7.57912206E-14,  -7.33240576E-14
3361:  warning! max/min of tend_wetls =  7.57912206E-14,  -7.33240576E-14
3361:  warning! max/min of tend_wetls =  7.57912206E-14,  -7.33240576E-14
3255:  warning! max/min of tend_wetls =  3.63797846E-11,  -4.04219852E-11
3255:  warning! max/min of tend_wetls =  3.63797846E-11,  -4.04219852E-11
3255:  warning! max/min of tend_wetls =  3.63797846E-11,  -4.04219852E-11
3255:  warning! max/min of tend_wetls =  3.63797846E-11,  -4.04219852E-11
2852:  warning! max/min of tend_wetls =  3.15796753E-15,  -2.76322159E-15
2852:  warning! max/min of tend_wetls =  3.15796753E-15,  -2.76322159E-15
2852:  warning! max/min of tend_wetls =  3.15796753E-15,  -2.76322159E-15
2852:  warning! max/min of tend_wetls =  3.15796753E-15,  -2.76322159E-15
2101:  warning! max/min of tend_wetls =  2.50215322E-7,  -1.64947565E-7
2101:  warning! max/min of tend_wetls =  2.50215322E-7,  -1.64947565E-7
2101:  warning! max/min of tend_wetls =  2.50215322E-7,  -1.64947565E-7
2101:  warning! max/min of tend_wetls =  2.50215322E-7,  -1.64947565E-7
2480:  warning! max/min of tend_wetls =  8.53971045E-8,  -7.25526093E-8
2480:  warning! max/min of tend_wetls =  8.53971045E-8,  -7.25526093E-8
2480:  warning! max/min of tend_wetls =  8.53971045E-8,  -7.25526093E-8
2480:  warning! max/min of tend_wetls =  8.53971045E-8,  -7.25526093E-8
   6:  warning! max/min of tend_wetls =  6.59945485E-8,  -7.69141408E-8
   6:  warning! max/min of tend_wetls =  6.59945485E-8,  -7.69141408E-8
   6:  warning! max/min of tend_wetls =  6.59945485E-8,  -7.69141408E-8
   6:  warning! max/min of tend_wetls =  6.59945485E-8,  -7.69141408E-8
   6:  warning! max/min of tend_wetls =  6.42741895E-8,  -6.64100881E-8
   6:  warning! max/min of tend_wetls =  6.42741895E-8,  -6.64100881E-8
   6:  warning! max/min of tend_wetls =  6.42741895E-8,  -6.64100881E-8
   6:  warning! max/min of tend_wetls =  6.42741895E-8,  -6.64100881E-8
2420:  warning! max/min of tend_wetls =  2.20400875E-9,  -3.07196979E-9
2420:  warning! max/min of tend_wetls =  2.20400875E-9,  -3.07196979E-9
2420:  warning! max/min of tend_wetls =  2.20400875E-9,  -3.07196979E-9
2420:  warning! max/min of tend_wetls =  2.20400875E-9,  -3.07196979E-9
   4:  warning! max/min of tend_wetls =  2.0477506E-5,  -7.90622435E-5
   4:  warning! max/min of tend_wetls =  2.0477506E-5,  -7.90622435E-5
   4:  warning! max/min of tend_wetls =  2.0477506E-5,  -7.90622435E-5
   4:  warning! max/min of tend_wetls =  2.0477506E-5,  -7.90622435E-5
2645:  warning! max/min of tend_wetls =  2.99885841E-7,  -2.54975419E-7
2645:  warning! max/min of tend_wetls =  2.99885841E-7,  -2.54975419E-7
2645:  warning! max/min of tend_wetls =  2.99885841E-7,  -2.54975419E-7
2645:  warning! max/min of tend_wetls =  2.99885841E-7,  -2.54975419E-7
3410:  warning! max/min of tend_wetls =  1.01100238E-6,  -9.95764822E-7
3410:  warning! max/min of tend_wetls =  1.01100238E-6,  -9.95764822E-7
3410:  warning! max/min of tend_wetls =  1.01100238E-6,  -9.95764822E-7
3410:  warning! max/min of tend_wetls =  1.01100238E-6,  -9.95764822E-7
   6:  warning! max/min of tend_wetls =  6.63825972E-8,  -7.73826372E-8
   6:  warning! max/min of tend_wetls =  6.63825972E-8,  -7.73826372E-8
   6:  warning! max/min of tend_wetls =  6.63825972E-8,  -7.73826372E-8
   6:  warning! max/min of tend_wetls =  6.63825972E-8,  -7.73826372E-8
2087:  warning! max/min of tend_wetls =  2.22044592E-16,  -2.32838425E-16
2087:  warning! max/min of tend_wetls =  2.22044592E-16,  -2.32838425E-16
2087:  warning! max/min of tend_wetls =  2.22044592E-16,  -2.32838425E-16
2087:  warning! max/min of tend_wetls =  2.22044592E-16,  -2.32838425E-16
2263:  warning! max/min of tend_wetls =  1.43837596E-7,  -1.07153831E-7
2263:  warning! max/min of tend_wetls =  1.43837596E-7,  -1.07153831E-7
2263:  warning! max/min of tend_wetls =  1.43837596E-7,  -1.07153831E-7
2263:  warning! max/min of tend_wetls =  1.43837596E-7,  -1.07153831E-7
 775:  warning! max/min of tend_wetls =  3.65364211E-10,  -4.67833938E-10
 775:  warning! max/min of tend_wetls =  3.65364211E-10,  -4.67833938E-10
 775:  warning! max/min of tend_wetls =  3.65364211E-10,  -4.67833938E-10
 775:  warning! max/min of tend_wetls =  3.65364211E-10,  -4.67833938E-10
3451:  warning! max/min of tend_wetls =  1.23358106E-16,  -3.70074306E-16
3451:  warning! max/min of tend_wetls =  1.23358106E-16,  -3.70074306E-16
3451:  warning! max/min of tend_wetls =  1.23358106E-16,  -3.70074306E-16
3451:  warning! max/min of tend_wetls =  1.23358106E-16,  -3.70074306E-16
 682:  warning! max/min of tend_wetls =  4.41231218E-11,  -6.81789417E-11
 682:  warning! max/min of tend_wetls =  4.41231218E-11,  -6.81789417E-11
 682:  warning! max/min of tend_wetls =  4.41231218E-11,  -6.81789417E-11
 682:  warning! max/min of tend_wetls =  4.41231218E-11,  -6.81789417E-11
2118:  warning! max/min of tend_wetls =  1.07938343E-17,  -4.35608299E-17
2118:  warning! max/min of tend_wetls =  1.07938343E-17,  -4.35608299E-17
2118:  warning! max/min of tend_wetls =  1.07938343E-17,  -4.35608299E-17
2118:  warning! max/min of tend_wetls =  1.07938343E-17,  -4.35608299E-17
 682:  warning! max/min of tend_wetls =  2*0.
 682:  warning! max/min of tend_wetls =  2*0.
 682:  warning! max/min of tend_wetls =  2*0.
2714:  warning! max/min of tend_wetls =  5.92118911E-16,  -6.4146218E-16
2714:  warning! max/min of tend_wetls =  5.92118911E-16,  -6.4146218E-16
2714:  warning! max/min of tend_wetls =  5.92118911E-16,  -6.4146218E-16
2714:  warning! max/min of tend_wetls =  5.92118911E-16,  -6.4146218E-16
3365:  warning! max/min of tend_wetls =  4.04947453E-9,  -3.19050719E-9
3365:  warning! max/min of tend_wetls =  4.04947453E-9,  -3.19050719E-9
3365:  warning! max/min of tend_wetls =  4.04947453E-9,  -3.19050719E-9
3365:  warning! max/min of tend_wetls =  4.04947453E-9,  -3.19050719E-9
 713:  warning! max/min of tend_wetls =  3.08395266E-17,  -4.00913863E-17
 713:  warning! max/min of tend_wetls =  3.08395266E-17,  -4.00913863E-17
 713:  warning! max/min of tend_wetls =  3.08395266E-17,  -4.00913863E-17
 713:  warning! max/min of tend_wetls =  3.08395266E-17,  -4.00913863E-17
 839:  warning! max/min of tend_wetls =  1.23358106E-16,  -8.01827725E-17
 839:  warning! max/min of tend_wetls =  1.23358106E-16,  -8.01827725E-17
 839:  warning! max/min of tend_wetls =  1.23358106E-16,  -8.01827725E-17
 839:  warning! max/min of tend_wetls =  1.23358106E-16,  -8.01827725E-17
3365:  warning! max/min of tend_wetls =  2*0.
3365:  warning! max/min of tend_wetls =  2*0.
3365:  warning! max/min of tend_wetls =  2*0.
1491:  warning! max/min of tend_wetls =  5.39691716E-18,  -6.16790532E-18
1491:  warning! max/min of tend_wetls =  5.39691716E-18,  -6.16790532E-18
1491:  warning! max/min of tend_wetls =  5.39691716E-18,  -6.16790532E-18
1491:  warning! max/min of tend_wetls =  5.39691716E-18,  -6.16790532E-18
2756:  warning! max/min of tend_wetls =  5.68434155E-14,  -2.46321464E-13
2756:  warning! max/min of tend_wetls =  5.68434155E-14,  -2.46321464E-13
2756:  warning! max/min of tend_wetls =  5.68434155E-14,  -2.46321464E-13
2756:  warning! max/min of tend_wetls =  5.68434155E-14,  -2.46321464E-13
3117:  warning! max/min of tend_wetls =  1.31573563E-9,  -5.51861168E-10
3117:  warning! max/min of tend_wetls =  1.31573563E-9,  -5.51861168E-10
3117:  warning! max/min of tend_wetls =  1.31573563E-9,  -5.51861168E-10
3117:  warning! max/min of tend_wetls =  1.31573563E-9,  -5.51861168E-10
1784:  warning! max/min of tend_wetls =  1.73472337E-18,  -1.39741608E-18
1784:  warning! max/min of tend_wetls =  1.73472337E-18,  -1.39741608E-18
1784:  warning! max/min of tend_wetls =  1.73472337E-18,  -1.39741608E-18
1784:  warning! max/min of tend_wetls =  1.73472337E-18,  -1.39741608E-18
1178:  warning! max/min of tend_wetls =  1.66134351E-9,  -1.44938073E-9
1178:  warning! max/min of tend_wetls =  1.66134351E-9,  -1.44938073E-9
1178:  warning! max/min of tend_wetls =  1.66134351E-9,  -1.44938073E-9
1178:  warning! max/min of tend_wetls =  1.66134351E-9,  -1.44938073E-9
1178:  warning! max/min of tend_wetls =  2*0.
1178:  warning! max/min of tend_wetls =  2*0.
1643:  warning! max/min of tend_wetls =  6.90805396E-16,  -4.93432426E-16
1643:  warning! max/min of tend_wetls =  6.90805396E-16,  -4.93432426E-16
1643:  warning! max/min of tend_wetls =  6.90805396E-16,  -4.93432426E-16
1643:  warning! max/min of tend_wetls =  6.90805396E-16,  -4.93432426E-16
 857:  warning! max/min of tend_wetls =  2.27373662E-13,  -3.03164883E-13
 857:  warning! max/min of tend_wetls =  2.27373662E-13,  -3.03164883E-13
 857:  warning! max/min of tend_wetls =  2.27373662E-13,  -3.03164883E-13
 857:  warning! max/min of tend_wetls =  2.27373662E-13,  -3.03164883E-13
3071:  warning! max/min of tend_wetls =  1.3292042E-7,  -1.02755919E-7
3071:  warning! max/min of tend_wetls =  1.3292042E-7,  -1.02755919E-7
3071:  warning! max/min of tend_wetls =  1.3292042E-7,  -1.02755919E-7
3071:  warning! max/min of tend_wetls =  1.3292042E-7,  -1.02755919E-7
1821:  warning! max/min of tend_wetls =  1.2271933E-5,  -1.62323304E-5
1821:  warning! max/min of tend_wetls =  1.2271933E-5,  -1.62323304E-5
1821:  warning! max/min of tend_wetls =  1.2271933E-5,  -1.62323304E-5
1821:  warning! max/min of tend_wetls =  1.2271933E-5,  -1.62323304E-5
 467:  warning! max/min of tend_wetls =  1.26490249E-19,  -1.32513584E-19
 467:  warning! max/min of tend_wetls =  1.26490249E-19,  -1.32513584E-19
 467:  warning! max/min of tend_wetls =  1.26490249E-19,  -1.32513584E-19
 467:  warning! max/min of tend_wetls =  1.26490249E-19,  -1.32513584E-19
1821:  warning! max/min of tend_wetls =  2*0.
1821:  warning! max/min of tend_wetls =  2*0.
2741:  warning! max/min of tend_wetls =  4.93432426E-16,  -4.07081758E-16
2741:  warning! max/min of tend_wetls =  4.93432426E-16,  -4.07081758E-16
2741:  warning! max/min of tend_wetls =  4.93432426E-16,  -4.07081758E-16
2741:  warning! max/min of tend_wetls =  4.93432426E-16,  -4.07081758E-16
3038:  warning! max/min of tend_wetls =  4.10609744E-7,  -3.28213588E-7
3038:  warning! max/min of tend_wetls =  4.10609744E-7,  -3.28213588E-7
3038:  warning! max/min of tend_wetls =  4.10609744E-7,  -3.28213588E-7
3038:  warning! max/min of tend_wetls =  4.10609744E-7,  -3.28213588E-7
 668:  warning! max/min of tend_wetls =  4.59544757E-25,  -2.84917745E-24
 668:  warning! max/min of tend_wetls =  4.59544757E-25,  -2.84917745E-24
 668:  warning! max/min of tend_wetls =  4.59544757E-25,  -2.84917745E-24
 668:  warning! max/min of tend_wetls =  4.59544757E-25,  -2.84917745E-24
3524:  warning! max/min of tend_wetls =  7.33901562E-9,  -1.13391749E-8
3524:  warning! max/min of tend_wetls =  7.33901562E-9,  -1.13391749E-8
3524:  warning! max/min of tend_wetls =  7.33901562E-9,  -1.13391749E-8
3524:  warning! max/min of tend_wetls =  7.33901562E-9,  -1.13391749E-8
3524:  warning! max/min of tend_wetls =  2*0.
3524:  warning! max/min of tend_wetls =  2*0.
 775:  warning! max/min of tend_wetls =  9.63735207E-19,  -8.19174952E-19
 775:  warning! max/min of tend_wetls =  9.63735207E-19,  -8.19174952E-19
 775:  warning! max/min of tend_wetls =  9.63735207E-19,  -8.19174952E-19
 775:  warning! max/min of tend_wetls =  9.63735207E-19,  -8.19174952E-19
2627:  warning! max/min of tend_wetls =  6.31593505E-15,  -8.68441027E-15
2627:  warning! max/min of tend_wetls =  6.31593505E-15,  -8.68441027E-15
2627:  warning! max/min of tend_wetls =  6.31593505E-15,  -8.68441027E-15
2627:  warning! max/min of tend_wetls =  6.31593505E-15,  -8.68441027E-15
 808:  warning! max/min of tend_wetls =  1.16900383E-8,  -1.30837883E-8
 808:  warning! max/min of tend_wetls =  1.16900383E-8,  -1.30837883E-8
2391:  warning! max/min of tend_wetls =  6.71068121E-15,  -1.23358109E-14
 808:  warning! max/min of tend_wetls =  1.16900383E-8,  -1.30837883E-8
2391:  warning! max/min of tend_wetls =  6.71068121E-15,  -1.23358109E-14
 808:  warning! max/min of tend_wetls =  1.16900383E-8,  -1.30837883E-8
2391:  warning! max/min of tend_wetls =  6.71068121E-15,  -1.23358109E-14
2391:  warning! max/min of tend_wetls =  6.71068121E-15,  -1.23358109E-14
1893:  warning! max/min of tend_wetls =  1.15648225E-18,  -1.01192199E-18
1893:  warning! max/min of tend_wetls =  1.15648225E-18,  -1.01192199E-18
1893:  warning! max/min of tend_wetls =  1.15648225E-18,  -1.01192199E-18
1893:  warning! max/min of tend_wetls =  1.15648225E-18,  -1.01192199E-18
1932:  warning! max/min of tend_wetls =  2.7755574E-17,  -4.78012654E-17
1932:  warning! max/min of tend_wetls =  2.7755574E-17,  -4.78012654E-17
1932:  warning! max/min of tend_wetls =  2.7755574E-17,  -4.78012654E-17
1932:  warning! max/min of tend_wetls =  2.7755574E-17,  -4.78012654E-17
3443:  warning! max/min of tend_wetls =  2.89120562E-19,  -3.29966379E-19
3443:  warning! max/min of tend_wetls =  2.89120562E-19,  -3.29966379E-19
3443:  warning! max/min of tend_wetls =  2.89120562E-19,  -3.29966379E-19
3443:  warning! max/min of tend_wetls =  2.89120562E-19,  -3.29966379E-19
 899:  warning! max/min of tend_wetls =  1.17450121E-7,  -8.91741294E-8
 899:  warning! max/min of tend_wetls =  1.17450121E-7,  -8.91741294E-8
 899:  warning! max/min of tend_wetls =  1.17450121E-7,  -8.91741294E-8
 899:  warning! max/min of tend_wetls =  1.17450121E-7,  -8.91741294E-8
2412:  warning! max/min of tend_wetls =  4.08876453E-8,  -3.2952002E-8
2412:  warning! max/min of tend_wetls =  4.08876453E-8,  -3.2952002E-8
2412:  warning! max/min of tend_wetls =  4.08876453E-8,  -3.2952002E-8
2412:  warning! max/min of tend_wetls =  4.08876453E-8,  -3.2952002E-8
2714:  warning! max/min of tend_wetls =  8.27842239E-10,  -4.85063795E-11
2714:  warning! max/min of tend_wetls =  8.27842239E-10,  -4.85063795E-11
2714:  warning! max/min of tend_wetls =  8.27842239E-10,  -4.85063795E-11
2714:  warning! max/min of tend_wetls =  8.27842239E-10,  -4.85063795E-11
2604:  warning! max/min of tend_wetls =  2.46716213E-16,  -1.72701349E-16
2604:  warning! max/min of tend_wetls =  2.46716213E-16,  -1.72701349E-16
2604:  warning! max/min of tend_wetls =  2.46716213E-16,  -1.72701349E-16
2604:  warning! max/min of tend_wetls =  2.46716213E-16,  -1.72701349E-16
 899:  warning! max/min of tend_wetls =  2*0.
2714:  warning! max/min of tend_wetls =  2*0.
2714:  warning! max/min of tend_wetls =  2*0.
3505:  warning! max/min of tend_wetls =  1.90064164E-9,  -2.08269224E-9
3505:  warning! max/min of tend_wetls =  1.90064164E-9,  -2.08269224E-9
3505:  warning! max/min of tend_wetls =  1.90064164E-9,  -2.08269224E-9
3505:  warning! max/min of tend_wetls =  1.90064164E-9,  -2.08269224E-9
 878:  warning! max/min of tend_wetls =  4.84519514E-5,  -6.96248462E-5
 878:  warning! max/min of tend_wetls =  4.84519514E-5,  -6.96248462E-5
 878:  warning! max/min of tend_wetls =  4.84519514E-5,  -6.96248462E-5
 878:  warning! max/min of tend_wetls =  4.84519514E-5,  -6.96248462E-5
1704:  warning! max/min of tend_wetls =  5.25485818E-12,  -8.89283612E-12
1704:  warning! max/min of tend_wetls =  5.25485818E-12,  -8.89283612E-12
1704:  warning! max/min of tend_wetls =  5.25485818E-12,  -8.89283612E-12
1704:  warning! max/min of tend_wetls =  5.25485818E-12,  -8.89283612E-12
3536:  warning! max/min of tend_wetls =  8.67361686E-19,  -7.22801379E-19
3536:  warning! max/min of tend_wetls =  8.67361686E-19,  -7.22801379E-19
3536:  warning! max/min of tend_wetls =  8.67361686E-19,  -7.22801379E-19
3536:  warning! max/min of tend_wetls =  8.67361686E-19,  -7.22801379E-19
1056:  warning! max/min of tend_wetls =  1.57281591E-16,  -1.43692919E-16
1056:  warning! max/min of tend_wetls =  1.57281591E-16,  -1.43692919E-16
1056:  warning! max/min of tend_wetls =  1.57281591E-16,  -1.43692919E-16
1056:  warning! max/min of tend_wetls =  1.57281591E-16,  -1.43692919E-16
 442:  warning! max/min of tend_wetls =  7.89491882E-15,  -1.10528863E-14
 442:  warning! max/min of tend_wetls =  7.89491882E-15,  -1.10528863E-14
 442:  warning! max/min of tend_wetls =  7.89491882E-15,  -1.10528863E-14
 442:  warning! max/min of tend_wetls =  7.89491882E-15,  -1.10528863E-14
1984:  warning! max/min of tend_wetls =  2.59412645E-5,  -2.82401816E-5
1984:  warning! max/min of tend_wetls =  2.59412645E-5,  -2.82401816E-5
1984:  warning! max/min of tend_wetls =  2.59412645E-5,  -2.82401816E-5
1984:  warning! max/min of tend_wetls =  2.59412645E-5,  -2.82401816E-5
 839:  warning! max/min of tend_wetls =  1.97057171E-12,  -1.3895057E-12
 839:  warning! max/min of tend_wetls =  1.97057171E-12,  -1.3895057E-12
 839:  warning! max/min of tend_wetls =  1.97057171E-12,  -1.3895057E-12
 839:  warning! max/min of tend_wetls =  1.97057171E-12,  -1.3895057E-12
2310:  warning! max/min of tend_wetls =  9.25185766E-17,  -8.82781443E-17
2310:  warning! max/min of tend_wetls =  9.25185766E-17,  -8.82781443E-17
2310:  warning! max/min of tend_wetls =  9.25185766E-17,  -8.82781443E-17
2310:  warning! max/min of tend_wetls =  9.25185766E-17,  -8.82781443E-17
2784:  warning! max/min of tend_wetls =  9.86864852E-16,  -7.89491882E-16
2784:  warning! max/min of tend_wetls =  9.86864852E-16,  -7.89491882E-16
2784:  warning! max/min of tend_wetls =  9.86864852E-16,  -7.89491882E-16
2784:  warning! max/min of tend_wetls =  9.86864852E-16,  -7.89491882E-16
 713:  warning! max/min of tend_wetls =  1.0377132E-8,  -1.43867149E-8
 713:  warning! max/min of tend_wetls =  1.0377132E-8,  -1.43867149E-8
 713:  warning! max/min of tend_wetls =  1.0377132E-8,  -1.43867149E-8
 713:  warning! max/min of tend_wetls =  1.0377132E-8,  -1.43867149E-8
 713:  warning! max/min of tend_wetls =  1.0377132E-8,  -1.43867149E-8
 713:  warning! max/min of tend_wetls =  1.0377132E-8,  -1.43867149E-8
1932:  warning! max/min of tend_wetls =  7.89491882E-16,  -8.26499333E-16
1932:  warning! max/min of tend_wetls =  7.89491882E-16,  -8.26499333E-16
1932:  warning! max/min of tend_wetls =  7.89491882E-16,  -8.26499333E-16
1932:  warning! max/min of tend_wetls =  7.89491882E-16,  -8.26499333E-16
1581:  warning! max/min of tend_wetls =  8.88178367E-16,  -6.90805396E-16
1581:  warning! max/min of tend_wetls =  8.88178367E-16,  -6.90805396E-16
1581:  warning! max/min of tend_wetls =  8.88178367E-16,  -6.90805396E-16
1581:  warning! max/min of tend_wetls =  8.88178367E-16,  -6.90805396E-16
 827:  warning! max/min of tend_wetls =  4.14483248E-15,  -3.94745941E-15
 827:  warning! max/min of tend_wetls =  4.14483248E-15,  -3.94745941E-15
 827:  warning! max/min of tend_wetls =  4.14483248E-15,  -3.94745941E-15
 827:  warning! max/min of tend_wetls =  4.14483248E-15,  -3.94745941E-15
1813:  warning! max/min of tend_wetls =  1.34922929E-18,  -2.02384399E-18
1813:  warning! max/min of tend_wetls =  1.34922929E-18,  -2.02384399E-18
1813:  warning! max/min of tend_wetls =  1.34922929E-18,  -2.02384399E-18
1813:  warning! max/min of tend_wetls =  1.34922929E-18,  -2.02384399E-18
3443:  warning! max/min of tend_wetls =  2.16840422E-19,  -1.44560281E-19
3443:  warning! max/min of tend_wetls =  2.16840422E-19,  -1.44560281E-19
3443:  warning! max/min of tend_wetls =  2.16840422E-19,  -1.44560281E-19
3443:  warning! max/min of tend_wetls =  2.16840422E-19,  -1.44560281E-19
2417:  warning! max/min of tend_wetls =  3.23375875E-11,  -3.8805105E-11
2417:  warning! max/min of tend_wetls =  3.23375875E-11,  -3.8805105E-11
2417:  warning! max/min of tend_wetls =  3.23375875E-11,  -3.8805105E-11
2417:  warning! max/min of tend_wetls =  3.23375875E-11,  -3.8805105E-11
3524:  warning! max/min of tend_wetls =  1.9737297E-16,  -1.85037153E-16
3524:  warning! max/min of tend_wetls =  1.9737297E-16,  -1.85037153E-16
3524:  warning! max/min of tend_wetls =  1.9737297E-16,  -1.85037153E-16
3524:  warning! max/min of tend_wetls =  1.9737297E-16,  -1.85037153E-16
 182:  warning! max/min of tend_wetls =  9.76853869E-8,  -2.96367517E-7
 182:  warning! max/min of tend_wetls =  9.76853869E-8,  -2.96367517E-7
 182:  warning! max/min of tend_wetls =  9.76853869E-8,  -2.96367517E-7
 182:  warning! max/min of tend_wetls =  9.76853869E-8,  -2.96367517E-7
3010:  warning! max/min of tend_wetls =  8.01827725E-17,  -3.70074319E-17
3010:  warning! max/min of tend_wetls =  8.01827725E-17,  -3.70074319E-17
3010:  warning! max/min of tend_wetls =  8.01827725E-17,  -3.70074319E-17
3010:  warning! max/min of tend_wetls =  8.01827725E-17,  -3.70074319E-17
3410:  warning! max/min of tend_wetls =  1.17760555E-6,  -1.30473109E-6
3410:  warning! max/min of tend_wetls =  1.17760555E-6,  -1.30473109E-6
3410:  warning! max/min of tend_wetls =  1.17760555E-6,  -1.30473109E-6
3410:  warning! max/min of tend_wetls =  1.17760555E-6,  -1.30473109E-6
2547:  warning! max/min of tend_wetls =  1.13686831E-13,  -7.57912206E-14
2547:  warning! max/min of tend_wetls =  1.13686831E-13,  -7.57912206E-14
2547:  warning! max/min of tend_wetls =  1.13686831E-13,  -7.57912206E-14
2547:  warning! max/min of tend_wetls =  1.13686831E-13,  -7.57912206E-14
 159:  warning! max/min of tend_wetls =  3.03164883E-13,  -2.93690988E-13
 159:  warning! max/min of tend_wetls =  3.03164883E-13,  -2.93690988E-13
 159:  warning! max/min of tend_wetls =  3.03164883E-13,  -2.93690988E-13
 159:  warning! max/min of tend_wetls =  3.03164883E-13,  -2.93690988E-13
 527:  warning! max/min of tend_wetls =  4.07377799E-13,  -2.70795729E-13
 527:  warning! max/min of tend_wetls =  4.07377799E-13,  -2.70795729E-13
 527:  warning! max/min of tend_wetls =  4.07377799E-13,  -2.70795729E-13
 527:  warning! max/min of tend_wetls =  4.07377799E-13,  -2.70795729E-13
1334:  warning! max/min of tend_wetls =  5.23092822E-8,  -8.72338788E-8
1334:  warning! max/min of tend_wetls =  5.23092822E-8,  -8.72338788E-8
1334:  warning! max/min of tend_wetls =  5.23092822E-8,  -8.72338788E-8
1334:  warning! max/min of tend_wetls =  5.23092822E-8,  -8.72338788E-8
 227:  warning! max/min of tend_wetls =  3.8805105E-11,  -4.64852809E-11
 227:  warning! max/min of tend_wetls =  3.8805105E-11,  -4.64852809E-11
 227:  warning! max/min of tend_wetls =  3.8805105E-11,  -4.64852809E-11
 227:  warning! max/min of tend_wetls =  3.8805105E-11,  -4.64852809E-11
3251:  warning! max/min of tend_wetls =  7.49561441E-5,  -2.0925203E-4
3251:  warning! max/min of tend_wetls =  7.49561441E-5,  -2.0925203E-4
3251:  warning! max/min of tend_wetls =  7.49561441E-5,  -2.0925203E-4
3251:  warning! max/min of tend_wetls =  7.49561441E-5,  -2.0925203E-4
1871:  warning! max/min of tend_wetls =  5.86118784E-12,  -5.28012183E-12
1871:  warning! max/min of tend_wetls =  5.86118784E-12,  -5.28012183E-12
1871:  warning! max/min of tend_wetls =  5.86118784E-12,  -5.28012183E-12
1871:  warning! max/min of tend_wetls =  5.86118784E-12,  -5.28012183E-12
3364:  warning! max/min of tend_wetls =  4.73695129E-15,  -4.58892169E-15
3364:  warning! max/min of tend_wetls =  4.73695129E-15,  -4.58892169E-15
3364:  warning! max/min of tend_wetls =  4.73695129E-15,  -4.58892169E-15
3364:  warning! max/min of tend_wetls =  4.73695129E-15,  -4.58892169E-15
 963:  warning! max/min of tend_wetls =  1.20466901E-19,  -2.34910453E-19
2387:  warning! max/min of tend_wetls =  6.18087711E-7,  -4.22988592E-7
 963:  warning! max/min of tend_wetls =  1.20466901E-19,  -2.34910453E-19
2387:  warning! max/min of tend_wetls =  6.18087711E-7,  -4.22988592E-7
 963:  warning! max/min of tend_wetls =  1.20466901E-19,  -2.34910453E-19
2387:  warning! max/min of tend_wetls =  6.18087711E-7,  -4.22988592E-7
 963:  warning! max/min of tend_wetls =  1.20466901E-19,  -2.34910453E-19
2387:  warning! max/min of tend_wetls =  6.18087711E-7,  -4.22988592E-7
 560:  warning! max/min of tend_wetls =  1.4810615E-9,  -1.12302379E-9
 560:  warning! max/min of tend_wetls =  1.4810615E-9,  -1.12302379E-9
 560:  warning! max/min of tend_wetls =  1.4810615E-9,  -1.12302379E-9
 560:  warning! max/min of tend_wetls =  1.4810615E-9,  -1.12302379E-9
2203:  warning! max/min of tend_wetls =  6.16790532E-18,  -8.8663637E-18
2203:  warning! max/min of tend_wetls =  6.16790532E-18,  -8.8663637E-18
2203:  warning! max/min of tend_wetls =  6.16790532E-18,  -8.8663637E-18
2203:  warning! max/min of tend_wetls =  6.16790532E-18,  -8.8663637E-18
3172:  warning! max/min of tend_wetls =  6.70810891E-8,  -5.37580043E-8
3172:  warning! max/min of tend_wetls =  6.70810891E-8,  -5.37580043E-8
3172:  warning! max/min of tend_wetls =  6.70810891E-8,  -5.37580043E-8
3172:  warning! max/min of tend_wetls =  6.70810891E-8,  -5.37580043E-8
  93:  warning! max/min of tend_wetls =  4.21634153E-20,  -6.77626293E-20
  93:  warning! max/min of tend_wetls =  4.21634153E-20,  -6.77626293E-20
  93:  warning! max/min of tend_wetls =  4.21634153E-20,  -6.77626293E-20
  93:  warning! max/min of tend_wetls =  4.21634153E-20,  -6.77626293E-20
2248:  warning! max/min of tend_wetls =  6.94288005E-9,  -4.29443148E-9
2248:  warning! max/min of tend_wetls =  6.94288005E-9,  -4.29443148E-9
2248:  warning! max/min of tend_wetls =  6.94288005E-9,  -4.29443148E-9
2248:  warning! max/min of tend_wetls =  6.94288005E-9,  -4.29443148E-9
 878:  warning! max/min of tend_wetls =  4.86241406E-5,  -4.74750959E-5
 878:  warning! max/min of tend_wetls =  4.86241406E-5,  -4.74750959E-5
 878:  warning! max/min of tend_wetls =  4.86241406E-5,  -4.74750959E-5
 878:  warning! max/min of tend_wetls =  4.86241406E-5,  -4.74750959E-5
1504:  warning! max/min of tend_wetls =  1.56048259E-6,  -1.68326198E-6
1504:  warning! max/min of tend_wetls =  1.56048259E-6,  -1.68326198E-6
1504:  warning! max/min of tend_wetls =  1.56048259E-6,  -1.68326198E-6
1504:  warning! max/min of tend_wetls =  1.56048259E-6,  -1.68326198E-6
 963:  warning! max/min of tend_wetls =  4.05772056E-8,  -6.28359729E-8
 963:  warning! max/min of tend_wetls =  4.05772056E-8,  -6.28359729E-8
 963:  warning! max/min of tend_wetls =  4.05772056E-8,  -6.28359729E-8
 963:  warning! max/min of tend_wetls =  4.05772056E-8,  -6.28359729E-8
1296:  warning! max/min of tend_wetls =  8.63506745E-17,  -5.93660908E-17
1296:  warning! max/min of tend_wetls =  8.63506745E-17,  -5.93660908E-17
1296:  warning! max/min of tend_wetls =  8.63506745E-17,  -5.93660908E-17
1296:  warning! max/min of tend_wetls =  8.63506745E-17,  -5.93660908E-17
2268:  warning! max/min of tend_wetls =  1.26318701E-13,  -1.07370899E-13
2268:  warning! max/min of tend_wetls =  1.26318701E-13,  -1.07370899E-13
2268:  warning! max/min of tend_wetls =  1.26318701E-13,  -1.07370899E-13
2268:  warning! max/min of tend_wetls =  1.26318701E-13,  -1.07370899E-13
 227:  warning! max/min of tend_wetls =  2.36847564E-15,  -1.92438643E-15
 227:  warning! max/min of tend_wetls =  2.36847564E-15,  -1.92438643E-15
 227:  warning! max/min of tend_wetls =  2.36847564E-15,  -1.92438643E-15
 227:  warning! max/min of tend_wetls =  2.36847564E-15,  -1.92438643E-15
1774:  warning! max/min of tend_wetls =  4.34120484E-5,  -5.48660719E-5
1774:  warning! max/min of tend_wetls =  4.34120484E-5,  -5.48660719E-5
1774:  warning! max/min of tend_wetls =  4.34120484E-5,  -5.48660719E-5
1774:  warning! max/min of tend_wetls =  4.34120484E-5,  -5.48660719E-5
   4:  warning! max/min of tend_wetls =  2.53650869E-5,  -6.74956318E-5
   4:  warning! max/min of tend_wetls =  2.53650869E-5,  -6.74956318E-5
   4:  warning! max/min of tend_wetls =  2.53650869E-5,  -6.74956318E-5
   4:  warning! max/min of tend_wetls =  2.53650869E-5,  -6.74956318E-5
3251:  warning! max/min of tend_wetls =  1.51582441E-13,  -2.96848944E-13
3251:  warning! max/min of tend_wetls =  1.51582441E-13,  -2.96848944E-13
3251:  warning! max/min of tend_wetls =  1.51582441E-13,  -2.96848944E-13
3251:  warning! max/min of tend_wetls =  1.51582441E-13,  -2.96848944E-13
   4:  warning! max/min of tend_wetls =  2.53650869E-5,  -6.75337142E-5
   4:  warning! max/min of tend_wetls =  2.53650869E-5,  -6.75337142E-5
   4:  warning! max/min of tend_wetls =  2.53650869E-5,  -6.75337142E-5
   4:  warning! max/min of tend_wetls =  2.03433956E-5,  -6.75337142E-5
3131:  warning! max/min of tend_wetls =  2.36847564E-15,  -1.48029722E-15
3131:  warning! max/min of tend_wetls =  2.36847564E-15,  -1.48029722E-15
3131:  warning! max/min of tend_wetls =  2.36847564E-15,  -1.48029722E-15
3131:  warning! max/min of tend_wetls =  2.36847564E-15,  -1.48029722E-15
   4:  warning! max/min of tend_wetls =  2.03483614E-5,  -6.75519259E-5
   4:  warning! max/min of tend_wetls =  2.03483614E-5,  -6.75519259E-5
   4:  warning! max/min of tend_wetls =  2.03483614E-5,  -6.75519259E-5
   4:  warning! max/min of tend_wetls =  2.03483614E-5,  -6.75519259E-5
2412:  warning! max/min of tend_wetls =  4.11819157E-9,  -1.07613429E-9
2412:  warning! max/min of tend_wetls =  4.11819157E-9,  -1.07613429E-9
2412:  warning! max/min of tend_wetls =  4.11819157E-9,  -1.07613429E-9
2412:  warning! max/min of tend_wetls =  4.11819157E-9,  -1.07613429E-9
3423:  warning! max/min of tend_wetls =  2.34380396E-16,  -3.2073109E-16
3423:  warning! max/min of tend_wetls =  2.34380396E-16,  -3.2073109E-16
3423:  warning! max/min of tend_wetls =  2.34380396E-16,  -3.2073109E-16
3423:  warning! max/min of tend_wetls =  2.34380396E-16,  -3.2073109E-16
3071:  warning! max/min of tend_wetls =  8.88178367E-16,  -4.93432426E-16
3071:  warning! max/min of tend_wetls =  8.88178367E-16,  -4.93432426E-16
3071:  warning! max/min of tend_wetls =  8.88178367E-16,  -4.93432426E-16
3071:  warning! max/min of tend_wetls =  8.88178367E-16,  -4.93432426E-16
1568:  warning! max/min of tend_wetls =  4.59544757E-25,  -2.75726845E-24
1568:  warning! max/min of tend_wetls =  4.59544757E-25,  -2.75726845E-24
1568:  warning! max/min of tend_wetls =  4.59544757E-25,  -2.75726845E-24
1568:  warning! max/min of tend_wetls =  4.59544757E-25,  -2.75726845E-24
1300:  warning! max/min of tend_wetls =  1.63131277E-4,  -1.52607754E-4
1300:  warning! max/min of tend_wetls =  1.63131277E-4,  -1.52607754E-4
1300:  warning! max/min of tend_wetls =  1.63131277E-4,  -1.52607754E-4
1300:  warning! max/min of tend_wetls =  1.63131277E-4,  -1.52607754E-4
1581:  warning! max/min of tend_wetls =  7.89491882E-16,  -8.82010485E-16
1581:  warning! max/min of tend_wetls =  7.89491882E-16,  -8.82010485E-16
1581:  warning! max/min of tend_wetls =  7.89491882E-16,  -8.82010485E-16
1581:  warning! max/min of tend_wetls =  7.89491882E-16,  -8.82010485E-16
  93:  warning! max/min of tend_wetls =  2.19984014E-11,  -3.42347366E-11
  93:  warning! max/min of tend_wetls =  2.19984014E-11,  -3.42347366E-11
  93:  warning! max/min of tend_wetls =  2.19984014E-11,  -3.42347366E-11
  93:  warning! max/min of tend_wetls =  2.19984014E-11,  -3.42347366E-11
 124:  warning! max/min of tend_wetls =  5.78241124E-19,  -5.30054338E-19
 124:  warning! max/min of tend_wetls =  5.78241124E-19,  -5.30054338E-19
 124:  warning! max/min of tend_wetls =  5.78241124E-19,  -5.30054338E-19
 124:  warning! max/min of tend_wetls =  5.78241124E-19,  -5.30054338E-19
1030:  warning! max/min of tend_wetls =  1.13889901E-3,  -1.97198638E-3
1030:  warning! max/min of tend_wetls =  1.13889901E-3,  -1.97198638E-3
1030:  warning! max/min of tend_wetls =  1.13889901E-3,  -1.97198638E-3
1030:  warning! max/min of tend_wetls =  1.13889901E-3,  -1.97198638E-3
  33:  warning! max/min of tend_wetls =  1.50660817E-8,  -7.35700345E-9
  33:  warning! max/min of tend_wetls =  1.50660817E-8,  -7.35700345E-9
  33:  warning! max/min of tend_wetls =  1.50660817E-8,  -7.35700345E-9
  33:  warning! max/min of tend_wetls =  1.50660817E-8,  -7.35700345E-9
 878:  warning! max/min of tend_wetls =  4.47564635E-5,  -6.80122102E-5
 878:  warning! max/min of tend_wetls =  4.47564635E-5,  -6.80122102E-5
 878:  warning! max/min of tend_wetls =  4.47564635E-5,  -6.80122102E-5
 878:  warning! max/min of tend_wetls =  4.47564635E-5,  -6.80122102E-5
 251:  warning! max/min of tend_wetls =  9.9822095E-10,  -1.08618925E-9
 251:  warning! max/min of tend_wetls =  9.9822095E-10,  -1.08618925E-9
 251:  warning! max/min of tend_wetls =  9.9822095E-10,  -1.08618925E-9
 251:  warning! max/min of tend_wetls =  9.9822095E-10,  -1.08618925E-9
3710:  warning! max/min of tend_wetls =  2.15876686E-17,  -3.48872158E-17
3710:  warning! max/min of tend_wetls =  2.15876686E-17,  -3.48872158E-17
3710:  warning! max/min of tend_wetls =  2.15876686E-17,  -3.48872158E-17
3710:  warning! max/min of tend_wetls =  2.15876686E-17,  -3.48872158E-17
1296:  warning! max/min of tend_wetls =  8.63506745E-17,  -5.55111479E-17
1296:  warning! max/min of tend_wetls =  8.63506745E-17,  -5.55111479E-17
1296:  warning! max/min of tend_wetls =  8.63506745E-17,  -5.55111479E-17
1296:  warning! max/min of tend_wetls =  8.63506745E-17,  -5.55111479E-17
2198:  warning! max/min of tend_wetls =  3.78956103E-14,  -4.42115454E-14
2198:  warning! max/min of tend_wetls =  3.78956103E-14,  -4.42115454E-14
2198:  warning! max/min of tend_wetls =  3.78956103E-14,  -4.42115454E-14
2198:  warning! max/min of tend_wetls =  3.78956103E-14,  -4.42115454E-14
3485:  warning! max/min of tend_wetls =  2.26311371E-7,  -1.04618564E-7
3485:  warning! max/min of tend_wetls =  2.26311371E-7,  -1.04618564E-7
3485:  warning! max/min of tend_wetls =  2.26311371E-7,  -1.04618564E-7
3485:  warning! max/min of tend_wetls =  2.26311371E-7,  -1.04618564E-7
2391:  warning! max/min of tend_wetls =  3.94745941E-15,  -3.25665406E-15
2391:  warning! max/min of tend_wetls =  3.94745941E-15,  -3.25665406E-15
2391:  warning! max/min of tend_wetls =  3.94745941E-15,  -3.25665406E-15
2391:  warning! max/min of tend_wetls =  3.94745941E-15,  -3.25665406E-15
2542:  warning! max/min of tend_wetls =  6.55339961E-18,  -1.5034269E-17
2542:  warning! max/min of tend_wetls =  6.55339961E-18,  -1.5034269E-17
2542:  warning! max/min of tend_wetls =  6.55339961E-18,  -1.5034269E-17
2542:  warning! max/min of tend_wetls =  6.55339961E-18,  -1.5034269E-17
  93:  warning! max/min of tend_wetls =  6.02334504E-20,  -6.32451246E-20
  93:  warning! max/min of tend_wetls =  6.02334504E-20,  -6.32451246E-20
  93:  warning! max/min of tend_wetls =  6.02334504E-20,  -6.32451246E-20
  93:  warning! max/min of tend_wetls =  6.02334504E-20,  -6.32451246E-20
3485:  warning! max/min of tend_wetls =  2*0.
3485:  warning! max/min of tend_wetls =  2*0.
3485:  warning! max/min of tend_wetls =  2*0.
3436:  warning! max/min of tend_wetls =  8.08439687E-13,  -2.32426405E-12
3436:  warning! max/min of tend_wetls =  8.08439687E-13,  -2.32426405E-12
3436:  warning! max/min of tend_wetls =  8.08439687E-13,  -2.32426405E-12
3436:  warning! max/min of tend_wetls =  8.08439687E-13,  -2.32426405E-12
3038:  warning! max/min of tend_wetls =  3.61456614E-7,  -3.01560931E-7
3038:  warning! max/min of tend_wetls =  3.61456614E-7,  -3.01560931E-7
3038:  warning! max/min of tend_wetls =  3.61456614E-7,  -3.01560931E-7
3038:  warning! max/min of tend_wetls =  3.61456614E-7,  -3.01560931E-7
1546:  warning! max/min of tend_wetls =  4.22795601E-5,  -9.00692321E-5
1546:  warning! max/min of tend_wetls =  4.22795601E-5,  -9.00692321E-5
1546:  warning! max/min of tend_wetls =  4.22795601E-5,  -9.00692321E-5
1546:  warning! max/min of tend_wetls =  4.22795601E-5,  -9.00692321E-5
3629:  warning! max/min of tend_wetls =  9.27179236E-11,  -8.54040727E-11
3629:  warning! max/min of tend_wetls =  9.27179236E-11,  -8.54040727E-11
3629:  warning! max/min of tend_wetls =  9.27179236E-11,  -8.54040727E-11
3629:  warning! max/min of tend_wetls =  9.27179236E-11,  -8.54040727E-11
 878:  warning! max/min of tend_wetls =  7.57912206E-14,  -6.78963044E-14
 878:  warning! max/min of tend_wetls =  7.57912206E-14,  -6.78963044E-14
 878:  warning! max/min of tend_wetls =  7.57912206E-14,  -6.78963044E-14
 878:  warning! max/min of tend_wetls =  7.57912206E-14,  -6.78963044E-14
1044:  warning! max/min of tend_wetls =  4.19417575E-16,  -1.34213624E-14
1044:  warning! max/min of tend_wetls =  4.19417575E-16,  -1.34213624E-14
1044:  warning! max/min of tend_wetls =  4.19417575E-16,  -1.34213624E-14
1044:  warning! max/min of tend_wetls =  4.19417575E-16,  -1.34213624E-14
1089:  warning! max/min of tend_wetls =  5.29686586E-5,  -1.50862659E-4
1089:  warning! max/min of tend_wetls =  5.29686586E-5,  -1.50862659E-4
1089:  warning! max/min of tend_wetls =  5.29686586E-5,  -1.50862659E-4
1089:  warning! max/min of tend_wetls =  5.29686586E-5,  -1.50862659E-4
2356:  warning! max/min of tend_wetls =  1.38161079E-15,  -1.18423782E-15
2356:  warning! max/min of tend_wetls =  1.38161079E-15,  -1.18423782E-15
2356:  warning! max/min of tend_wetls =  1.38161079E-15,  -1.18423782E-15
2356:  warning! max/min of tend_wetls =  1.38161079E-15,  -1.18423782E-15
1044:  warning! max/min of tend_wetls =  3.75008633E-15,  -3.94745941E-15
1044:  warning! max/min of tend_wetls =  3.75008633E-15,  -3.94745941E-15
1044:  warning! max/min of tend_wetls =  3.75008633E-15,  -3.94745941E-15
1044:  warning! max/min of tend_wetls =  3.75008633E-15,  -3.94745941E-15
3596:  warning! max/min of tend_wetls =  2.92975495E-17,  -3.74893011E-17
3596:  warning! max/min of tend_wetls =  2.92975495E-17,  -3.74893011E-17
3596:  warning! max/min of tend_wetls =  2.92975495E-17,  -3.74893011E-17
3596:  warning! max/min of tend_wetls =  2.92975495E-17,  -3.74893011E-17
 182:  warning! max/min of tend_wetls =  1.38113229E-3,  -8.29569437E-3
 182:  warning! max/min of tend_wetls =  1.38113229E-3,  -8.29569437E-3
 182:  warning! max/min of tend_wetls =  1.38113229E-3,  -8.29569437E-3
 182:  warning! max/min of tend_wetls =  1.38113229E-3,  -8.29569437E-3
  27:  warning! max/min of tend_wetls =  1.81567719E-16,  -1.35290212E-17
  27:  warning! max/min of tend_wetls =  1.81567719E-16,  -1.35290212E-17
  27:  warning! max/min of tend_wetls =  1.81567719E-16,  -1.35290212E-17
  27:  warning! max/min of tend_wetls =  1.81567719E-16,  -1.35290212E-17
2087:  warning! max/min of tend_wetls =  4.08617744E-8,  -5.55090871E-8
2087:  warning! max/min of tend_wetls =  4.08617744E-8,  -5.55090871E-8
2087:  warning! max/min of tend_wetls =  4.08617744E-8,  -5.55090871E-8
2087:  warning! max/min of tend_wetls =  4.08617744E-8,  -5.55090871E-8
2232:  warning! max/min of tend_wetls =  1.06714038E-9,  -1.05420539E-9
2232:  warning! max/min of tend_wetls =  1.06714038E-9,  -1.05420539E-9
2232:  warning! max/min of tend_wetls =  1.06714038E-9,  -1.05420539E-9
2232:  warning! max/min of tend_wetls =  1.06714038E-9,  -1.05420539E-9
2604:  warning! max/min of tend_wetls =  8.43364276E-8,  -6.6240311E-8
2604:  warning! max/min of tend_wetls =  8.43364276E-8,  -6.6240311E-8
2604:  warning! max/min of tend_wetls =  8.43364276E-8,  -6.6240311E-8
2604:  warning! max/min of tend_wetls =  8.43364276E-8,  -6.6240311E-8
3319:  warning! max/min of tend_wetls =  6.56323706E-8,  -6.03031296E-8
3319:  warning! max/min of tend_wetls =  6.56323706E-8,  -6.03031296E-8
3319:  warning! max/min of tend_wetls =  6.56323706E-8,  -6.03031296E-8
3319:  warning! max/min of tend_wetls =  6.56323706E-8,  -6.03031296E-8
2886:  warning! max/min of tend_wetls =  2.71050527E-20,  -1.44560276E-18
2886:  warning! max/min of tend_wetls =  2.71050527E-20,  -1.44560276E-18
2886:  warning! max/min of tend_wetls =  2.71050527E-20,  -1.44560276E-18
2886:  warning! max/min of tend_wetls =  2.71050527E-20,  -1.44560276E-18
 744:  warning! max/min of tend_wetls =  3.95282029E-21,  -1.20466901E-20
 744:  warning! max/min of tend_wetls =  3.95282029E-21,  -1.20466901E-20
 744:  warning! max/min of tend_wetls =  3.95282029E-21,  -1.20466901E-20
 744:  warning! max/min of tend_wetls =  3.95282029E-21,  -1.20466901E-20
 321:  warning! max/min of tend_wetls =  1.11179213E-6,  -6.21295612E-7
 321:  warning! max/min of tend_wetls =  1.11179213E-6,  -6.21295612E-7
 321:  warning! max/min of tend_wetls =  1.11179213E-6,  -6.21295612E-7
 321:  warning! max/min of tend_wetls =  1.11179213E-6,  -6.21295612E-7
 496:  warning! max/min of tend_wetls =  2.66453505E-15,  -2.67687081E-15
 496:  warning! max/min of tend_wetls =  2.66453505E-15,  -2.67687081E-15
 496:  warning! max/min of tend_wetls =  2.66453505E-15,  -2.67687081E-15
 496:  warning! max/min of tend_wetls =  2.66453505E-15,  -2.67687081E-15
 321:  warning! max/min of tend_wetls =  1.11179213E-6,  -6.21295612E-7
 321:  warning! max/min of tend_wetls =  1.11179213E-6,  -6.21295612E-7
 321:  warning! max/min of tend_wetls =  2*0.
2542:  warning! max/min of tend_wetls =  2.04528774E-7,  -2.38651381E-7
2542:  warning! max/min of tend_wetls =  2.04528774E-7,  -2.38651381E-7
2542:  warning! max/min of tend_wetls =  2.04528774E-7,  -2.38651381E-7
2542:  warning! max/min of tend_wetls =  2.04528774E-7,  -2.38651381E-7
3534:  warning! max/min of tend_wetls =  9.3711742E-7,  -8.51332288E-7
3534:  warning! max/min of tend_wetls =  9.3711742E-7,  -8.51332288E-7
3534:  warning! max/min of tend_wetls =  9.3711742E-7,  -8.51332288E-7
3534:  warning! max/min of tend_wetls =  9.3711742E-7,  -8.51332288E-7
 186:  warning! max/min of tend_wetls =  1.62466063E-9,  -2.39722575E-9
 186:  warning! max/min of tend_wetls =  1.62466063E-9,  -2.39722575E-9
 186:  warning! max/min of tend_wetls =  1.62466063E-9,  -2.39722575E-9
 186:  warning! max/min of tend_wetls =  1.62466063E-9,  -2.39722575E-9
 330:  warning! max/min of tend_wetls =  9.63735207E-20,  -1.44560281E-19
 330:  warning! max/min of tend_wetls =  9.63735207E-20,  -1.44560281E-19
 330:  warning! max/min of tend_wetls =  9.63735207E-20,  -1.44560281E-19
 330:  warning! max/min of tend_wetls =  9.63735207E-20,  -1.44560281E-19
2139:  warning! max/min of tend_wetls =  3.94745941E-15,  -3.79942981E-15
2139:  warning! max/min of tend_wetls =  3.94745941E-15,  -3.79942981E-15
2139:  warning! max/min of tend_wetls =  3.94745941E-15,  -3.79942981E-15
2139:  warning! max/min of tend_wetls =  3.94745941E-15,  -3.79942981E-15
2391:  warning! max/min of tend_wetls =  2.21057727E-14,  -2.2599205E-14
2391:  warning! max/min of tend_wetls =  2.21057727E-14,  -2.2599205E-14
2391:  warning! max/min of tend_wetls =  2.21057727E-14,  -2.2599205E-14
2391:  warning! max/min of tend_wetls =  2.21057727E-14,  -2.2599205E-14
1433:  warning! max/min of tend_wetls =  1.38950564E-13,  -1.35792609E-13
1433:  warning! max/min of tend_wetls =  1.38950564E-13,  -1.35792609E-13
1433:  warning! max/min of tend_wetls =  1.38950564E-13,  -1.35792609E-13
1433:  warning! max/min of tend_wetls =  1.38950564E-13,  -1.35792609E-13
2015:  warning! max/min of tend_wetls =  1.99261626E-6,  -1.82001111E-6
2015:  warning! max/min of tend_wetls =  1.99261626E-6,  -1.82001111E-6
2015:  warning! max/min of tend_wetls =  1.99261626E-6,  -1.82001111E-6
2015:  warning! max/min of tend_wetls =  1.99261626E-6,  -1.82001111E-6
1677:  warning! max/min of tend_wetls =  1.15648225E-18,  -8.67361686E-19
1677:  warning! max/min of tend_wetls =  1.15648225E-18,  -8.67361686E-19
1677:  warning! max/min of tend_wetls =  1.15648225E-18,  -8.67361686E-19
1677:  warning! max/min of tend_wetls =  1.15648225E-18,  -8.67361686E-19
1774:  warning! max/min of tend_wetls =  2.3096798E-5,  -5.44678824E-6
1774:  warning! max/min of tend_wetls =  2.3096798E-5,  -5.44678824E-6
1774:  warning! max/min of tend_wetls =  2.3096798E-5,  -5.44678824E-6
1774:  warning! max/min of tend_wetls =  2.3096798E-5,  -5.44678824E-6
 303:  warning! max/min of tend_wetls =  2.3283063E-10,  -2.19895602E-10
 303:  warning! max/min of tend_wetls =  2.3283063E-10,  -2.19895602E-10
 303:  warning! max/min of tend_wetls =  2.3283063E-10,  -2.19895602E-10
1044:  warning! max/min of tend_wetls =  1.80531697E-6,  -7.21516287E-8
1044:  warning! max/min of tend_wetls =  1.80531697E-6,  -7.21516287E-8
 303:  warning! max/min of tend_wetls =  2.3283063E-10,  -2.19895602E-10
1044:  warning! max/min of tend_wetls =  1.80531697E-6,  -7.21516287E-8
1044:  warning! max/min of tend_wetls =  1.80531697E-6,  -7.21516287E-8
2139:  warning! max/min of tend_wetls =  8.23703033E-7,  -9.04184787E-7
2139:  warning! max/min of tend_wetls =  8.23703033E-7,  -9.04184787E-7
2139:  warning! max/min of tend_wetls =  8.23703033E-7,  -9.04184787E-7
2139:  warning! max/min of tend_wetls =  8.23703033E-7,  -9.04184787E-7
 132:  warning! max/min of tend_wetls =  1.05921769E-8,  -8.47487325E-9
 132:  warning! max/min of tend_wetls =  1.05921769E-8,  -8.47487325E-9
 132:  warning! max/min of tend_wetls =  1.05921769E-8,  -8.47487325E-9
 132:  warning! max/min of tend_wetls =  1.05921769E-8,  -8.47487325E-9
 560:  warning! max/min of tend_wetls =  1.36343348E-9,  -1.08351128E-9
 560:  warning! max/min of tend_wetls =  1.36343348E-9,  -1.08351128E-9
 560:  warning! max/min of tend_wetls =  1.36343348E-9,  -1.08351128E-9
 560:  warning! max/min of tend_wetls =  1.36343348E-9,  -1.08351128E-9
  62:  warning! max/min of tend_wetls =  1.07938343E-17,  -1.48106523E-17
  62:  warning! max/min of tend_wetls =  1.07938343E-17,  -1.48106523E-17
  62:  warning! max/min of tend_wetls =  1.07938343E-17,  -1.48106523E-17
  62:  warning! max/min of tend_wetls =  1.07938343E-17,  -1.48106523E-17
1449:  warning! max/min of tend_wetls =  1.45700227E-7,  -1.51909049E-7
1449:  warning! max/min of tend_wetls =  1.45700227E-7,  -1.51909049E-7
1449:  warning! max/min of tend_wetls =  1.45700227E-7,  -1.51909049E-7
1449:  warning! max/min of tend_wetls =  1.45700227E-7,  -1.51909049E-7
2714:  warning! max/min of tend_wetls =  7.76102116E-9,  -3.55066709E-9
2714:  warning! max/min of tend_wetls =  7.76102116E-9,  -3.55066709E-9
2714:  warning! max/min of tend_wetls =  7.76102116E-9,  -3.55066709E-9
2714:  warning! max/min of tend_wetls =  7.76102116E-9,  -3.55066709E-9
1220:  warning! max/min of tend_wetls =  1.8503716E-17,  -1.41194734E-17
1220:  warning! max/min of tend_wetls =  1.8503716E-17,  -1.41194734E-17
1220:  warning! max/min of tend_wetls =  1.8503716E-17,  -1.41194734E-17
1220:  warning! max/min of tend_wetls =  1.8503716E-17,  -1.41194734E-17
1804:  warning! max/min of tend_wetls =  5.00885926E-6,  -1.33505409E-6
1804:  warning! max/min of tend_wetls =  5.00885926E-6,  -1.33505409E-6
1804:  warning! max/min of tend_wetls =  5.00885926E-6,  -1.33505409E-6
1804:  warning! max/min of tend_wetls =  5.00885926E-6,  -1.33505409E-6
   4:  warning! max/min of tend_wetls =  2.52637402E-14,  -1.32634639E-13
   4:  warning! max/min of tend_wetls =  2.52637402E-14,  -1.32634639E-13
   4:  warning! max/min of tend_wetls =  2.52637402E-14,  -1.32634639E-13
   4:  warning! max/min of tend_wetls =  2.52637402E-14,  -1.32634639E-13
2432:  warning! max/min of tend_wetls =  1.26490249E-19,  -1.92747041E-19
2432:  warning! max/min of tend_wetls =  1.26490249E-19,  -1.92747041E-19
2432:  warning! max/min of tend_wetls =  1.26490249E-19,  -1.92747041E-19
2432:  warning! max/min of tend_wetls =  1.26490249E-19,  -1.92747041E-19
3319:  warning! max/min of tend_wetls =  7.99385163E-8,  -7.57734355E-8
3319:  warning! max/min of tend_wetls =  7.99385163E-8,  -7.57734355E-8
3319:  warning! max/min of tend_wetls =  7.99385163E-8,  -7.57734355E-8
3319:  warning! max/min of tend_wetls =  7.99385163E-8,  -7.57734355E-8
   4:  warning! max/min of tend_wetls =  1.37786064E-5,  -7.90109189E-5
   4:  warning! max/min of tend_wetls =  1.37786064E-5,  -7.90109189E-5
   4:  warning! max/min of tend_wetls =  1.37786064E-5,  -7.90109189E-5
   4:  warning! max/min of tend_wetls =  1.37786064E-5,  -7.90109189E-5
  62:  warning! max/min of tend_wetls =  1.07938343E-17,  -1.47135264E-17
  62:  warning! max/min of tend_wetls =  1.07938343E-17,  -1.47135264E-17
  62:  warning! max/min of tend_wetls =  1.07938343E-17,  -1.47135264E-17
  62:  warning! max/min of tend_wetls =  1.07938343E-17,  -1.47135264E-17
   4:  warning! max/min of tend_wetls =  1.98582802E-5,  -7.90109189E-5
   4:  warning! max/min of tend_wetls =  1.98582802E-5,  -7.90109189E-5
   4:  warning! max/min of tend_wetls =  1.98582802E-5,  -7.90109189E-5
   4:  warning! max/min of tend_wetls =  1.98582802E-5,  -7.90109189E-5
   4:  warning! max/min of tend_wetls =  2.5461115E-5,  -7.77227979E-5
   4:  warning! max/min of tend_wetls =  2.5461115E-5,  -7.77227979E-5
   4:  warning! max/min of tend_wetls =  2.5461115E-5,  -7.77227979E-5
   4:  warning! max/min of tend_wetls =  2.5461115E-5,  -7.77227979E-5
1056:  warning! max/min of tend_wetls =  1.48732688E-8,  -1.63260356E-8
1056:  warning! max/min of tend_wetls =  1.48732688E-8,  -1.63260356E-8
 202:  warning! max/min of tend_wetls =  2.29933178E-7,  -3.07232938E-7
1056:  warning! max/min of tend_wetls =  1.48732688E-8,  -1.63260356E-8
 202:  warning! max/min of tend_wetls =  2.29933178E-7,  -3.07232938E-7
1056:  warning! max/min of tend_wetls =  1.48732688E-8,  -1.63260356E-8
 202:  warning! max/min of tend_wetls =  2.29933178E-7,  -3.07232938E-7
 202:  warning! max/min of tend_wetls =  2.29933178E-7,  -3.07232938E-7
 496:  warning! max/min of tend_wetls =  2.51311055E-11,  -3.01396408E-11
 496:  warning! max/min of tend_wetls =  2.51311055E-11,  -3.01396408E-11
 496:  warning! max/min of tend_wetls =  2.51311055E-11,  -3.01396408E-11
 496:  warning! max/min of tend_wetls =  2.51311055E-11,  -3.01396408E-11
   4:  warning! max/min of tend_wetls =  2.54379356E-5,  -7.75406734E-5
   4:  warning! max/min of tend_wetls =  2.54379356E-5,  -7.75406734E-5
   4:  warning! max/min of tend_wetls =  2.54379356E-5,  -7.75406734E-5
   4:  warning! max/min of tend_wetls =  2.54379356E-5,  -7.75406734E-5
2542:  warning! max/min of tend_wetls =  4.02663591E-9,  -2.21154051E-9
2542:  warning! max/min of tend_wetls =  4.02663591E-9,  -2.21154051E-9
2542:  warning! max/min of tend_wetls =  4.02663591E-9,  -2.21154051E-9
2542:  warning! max/min of tend_wetls =  4.02663591E-9,  -2.21154051E-9
 643:  warning! max/min of tend_wetls =  4.53957821E-15,  -5.13169744E-15
 643:  warning! max/min of tend_wetls =  4.53957821E-15,  -5.13169744E-15
 643:  warning! max/min of tend_wetls =  4.53957821E-15,  -5.13169744E-15
3436:  warning! max/min of tend_wetls =  9.50177433E-4,  -1.74660143E-3
3436:  warning! max/min of tend_wetls =  9.50177433E-4,  -1.74660143E-3
3436:  warning! max/min of tend_wetls =  9.50177433E-4,  -1.74660143E-3
 643:  warning! max/min of tend_wetls =  4.53957821E-15,  -5.13169744E-15
3436:  warning! max/min of tend_wetls =  9.50177433E-4,  -1.74660143E-3
1961:  warning! max/min of tend_wetls =  3.45402698E-16,  -3.3923479E-16
1961:  warning! max/min of tend_wetls =  3.45402698E-16,  -3.3923479E-16
1961:  warning! max/min of tend_wetls =  3.45402698E-16,  -3.3923479E-16
1961:  warning! max/min of tend_wetls =  3.45402698E-16,  -3.3923479E-16
 620:  warning! max/min of tend_wetls =  1.88229533E-21,  -1.50583626E-21
 620:  warning! max/min of tend_wetls =  1.88229533E-21,  -1.50583626E-21
 620:  warning! max/min of tend_wetls =  1.88229533E-21,  -1.50583626E-21
 620:  warning! max/min of tend_wetls =  1.88229533E-21,  -1.50583626E-21
3436:  warning! max/min of tend_wetls =  2*0.
3436:  warning! max/min of tend_wetls =  2*0.
2645:  warning! max/min of tend_wetls =  1.38161079E-15,  -1.03620812E-15
2645:  warning! max/min of tend_wetls =  1.38161079E-15,  -1.03620812E-15
2645:  warning! max/min of tend_wetls =  1.38161079E-15,  -1.03620812E-15
2645:  warning! max/min of tend_wetls =  1.38161079E-15,  -1.03620812E-15
1089:  warning! max/min of tend_wetls =  6.31345611E-5,  -1.23123318E-4
1089:  warning! max/min of tend_wetls =  6.31345611E-5,  -1.23123318E-4
1089:  warning! max/min of tend_wetls =  6.31345611E-5,  -1.23123318E-4
1089:  warning! max/min of tend_wetls =  6.31345611E-5,  -1.23123318E-4
1984:  warning! max/min of tend_wetls =  2.69048739E-9,  -2.7131235E-9
1984:  warning! max/min of tend_wetls =  2.69048739E-9,  -2.7131235E-9
1984:  warning! max/min of tend_wetls =  2.69048739E-9,  -2.7131235E-9
1984:  warning! max/min of tend_wetls =  2.69048739E-9,  -2.7131235E-9
 547:  warning! max/min of tend_wetls =  3.73770774E-7,  -2.36336021E-7
 547:  warning! max/min of tend_wetls =  3.73770774E-7,  -2.36336021E-7
 547:  warning! max/min of tend_wetls =  3.73770774E-7,  -2.36336021E-7
 547:  warning! max/min of tend_wetls =  3.73770774E-7,  -2.36336021E-7
2263:  warning! max/min of tend_wetls =  2.20775178E-7,  -1.65128654E-7
2263:  warning! max/min of tend_wetls =  2.20775178E-7,  -1.65128654E-7
2263:  warning! max/min of tend_wetls =  2.20775178E-7,  -1.65128654E-7
2263:  warning! max/min of tend_wetls =  2.20775178E-7,  -1.65128654E-7
3629:  warning! max/min of tend_wetls =  1.5789838E-13,  -5.84223967E-13
3629:  warning! max/min of tend_wetls =  1.5789838E-13,  -5.84223967E-13
3629:  warning! max/min of tend_wetls =  1.5789838E-13,  -5.84223967E-13
3629:  warning! max/min of tend_wetls =  1.5789838E-13,  -5.84223967E-13
1300:  warning! max/min of tend_wetls =  1.02983574E-6,  -1.55841303E-6
1300:  warning! max/min of tend_wetls =  1.02983574E-6,  -1.55841303E-6
1300:  warning! max/min of tend_wetls =  1.02983574E-6,  -1.55841303E-6
1300:  warning! max/min of tend_wetls =  1.02983574E-6,  -1.55841303E-6
3365:  warning! max/min of tend_wetls =  1.12373118E-10,  -7.99344757E-11
3365:  warning! max/min of tend_wetls =  1.12373118E-10,  -7.99344757E-11
3365:  warning! max/min of tend_wetls =  1.12373118E-10,  -7.99344757E-11
3365:  warning! max/min of tend_wetls =  1.12373118E-10,  -7.99344757E-11
2852:  warning! max/min of tend_wetls =  3.39544677E-11,  -2.72848393E-11
2852:  warning! max/min of tend_wetls =  3.39544677E-11,  -2.72848393E-11
2852:  warning! max/min of tend_wetls =  3.39544677E-11,  -2.72848393E-11
2852:  warning! max/min of tend_wetls =  3.39544677E-11,  -2.72848393E-11
 496:  warning! max/min of tend_wetls =  1.08420211E-19,  -7.00213882E-20
 496:  warning! max/min of tend_wetls =  1.08420211E-19,  -7.00213882E-20
 496:  warning! max/min of tend_wetls =  1.08420211E-19,  -7.00213882E-20
 496:  warning! max/min of tend_wetls =  1.08420211E-19,  -7.00213882E-20
3117:  warning! max/min of tend_wetls =  1.54197633E-18,  -5.39691716E-18
3117:  warning! max/min of tend_wetls =  1.54197633E-18,  -5.39691716E-18
3117:  warning! max/min of tend_wetls =  1.54197633E-18,  -5.39691716E-18
3117:  warning! max/min of tend_wetls =  1.54197633E-18,  -5.39691716E-18
1829:  warning! max/min of tend_wetls =  1.77856729E-10,  -1.77452511E-10
1829:  warning! max/min of tend_wetls =  1.77856729E-10,  -1.77452511E-10
1829:  warning! max/min of tend_wetls =  1.77856729E-10,  -1.77452511E-10
1829:  warning! max/min of tend_wetls =  1.77856729E-10,  -1.77452511E-10
1491:  warning! max/min of tend_wetls =  5.01555997E-9,  -3.61493813E-9
1491:  warning! max/min of tend_wetls =  5.01555997E-9,  -3.61493813E-9
1491:  warning! max/min of tend_wetls =  5.01555997E-9,  -3.61493813E-9
1491:  warning! max/min of tend_wetls =  5.01555997E-9,  -3.61493813E-9
3319:  warning! max/min of tend_wetls =  8.07404916E-8,  -8.36896774E-8
3319:  warning! max/min of tend_wetls =  8.07404916E-8,  -8.36896774E-8
3319:  warning! max/min of tend_wetls =  8.07404916E-8,  -8.36896774E-8
3319:  warning! max/min of tend_wetls =  8.07404916E-8,  -8.36896774E-8
 668:  warning! max/min of tend_wetls =  2.94108645E-24,  -2.82344299E-22
 668:  warning! max/min of tend_wetls =  2.94108645E-24,  -2.82344299E-22
 668:  warning! max/min of tend_wetls =  2.94108645E-24,  -2.82344299E-22
 668:  warning! max/min of tend_wetls =  2.94108645E-24,  -2.82344299E-22
1044:  warning! max/min of tend_wetls =  3.05928099E-15,  -3.15796753E-15
1044:  warning! max/min of tend_wetls =  3.05928099E-15,  -3.15796753E-15
1044:  warning! max/min of tend_wetls =  3.05928099E-15,  -3.15796753E-15
1044:  warning! max/min of tend_wetls =  3.05928099E-15,  -3.15796753E-15
 744:  warning! max/min of tend_wetls =  1.09495071E-8,  -1.2894815E-8
 744:  warning! max/min of tend_wetls =  1.09495071E-8,  -1.2894815E-8
 744:  warning! max/min of tend_wetls =  1.09495071E-8,  -1.45868793E-8
 744:  warning! max/min of tend_wetls =  1.09495071E-8,  -1.45868793E-8
3365:  warning! max/min of tend_wetls =  6.66801059E-9,  -4.52968774E-9
3365:  warning! max/min of tend_wetls =  6.66801059E-9,  -4.52968774E-9
3365:  warning! max/min of tend_wetls =  6.66801059E-9,  -4.52968774E-9
3365:  warning! max/min of tend_wetls =  6.66801059E-9,  -4.52968774E-9
3485:  warning! max/min of tend_wetls =  2.35779822E-7,  -1.42233645E-7
3485:  warning! max/min of tend_wetls =  2.35779822E-7,  -1.42233645E-7
3485:  warning! max/min of tend_wetls =  2.35779822E-7,  -1.42233645E-7
3485:  warning! max/min of tend_wetls =  2.35779822E-7,  -1.42233645E-7
3010:  warning! max/min of tend_wetls =  1.15648225E-18,  -4.43318185E-18
3010:  warning! max/min of tend_wetls =  1.15648225E-18,  -4.43318185E-18
3010:  warning! max/min of tend_wetls =  1.15648225E-18,  -4.43318185E-18
3010:  warning! max/min of tend_wetls =  1.15648225E-18,  -4.43318185E-18
  51:  warning! max/min of tend_wetls =  3.09447432E-6,  -3.93349228E-6
  51:  warning! max/min of tend_wetls =  3.09447432E-6,  -3.93349228E-6
  51:  warning! max/min of tend_wetls =  3.09447432E-6,  -3.93349228E-6
  51:  warning! max/min of tend_wetls =  3.09447432E-6,  -3.93349228E-6
3126:  warning! max/min of tend_wetls =  8.18787704E-9,  -1.50822501E-8
3126:  warning! max/min of tend_wetls =  8.18787704E-9,  -1.50822501E-8
3126:  warning! max/min of tend_wetls =  8.18787704E-9,  -1.50822501E-8
3126:  warning! max/min of tend_wetls =  8.18787704E-9,  -1.50822501E-8
1774:  warning! max/min of tend_wetls =  7.19759191E-5,  -6.71562157E-5
1774:  warning! max/min of tend_wetls =  7.19759191E-5,  -6.71562157E-5
1774:  warning! max/min of tend_wetls =  7.19759191E-5,  -6.71562157E-5
1774:  warning! max/min of tend_wetls =  7.19759191E-5,  -6.71562157E-5
1242:  warning! max/min of tend_wetls =  6.38990727E-9,  -9.03229225E-9
1242:  warning! max/min of tend_wetls =  6.38990727E-9,  -9.03229225E-9
1242:  warning! max/min of tend_wetls =  6.38990727E-9,  -9.03229225E-9
1242:  warning! max/min of tend_wetls =  6.38990727E-9,  -9.03229225E-9
2420:  warning! max/min of tend_wetls =  8.96862792E-11,  -1.29906155E-10
2420:  warning! max/min of tend_wetls =  8.96862792E-11,  -1.29906155E-10
2420:  warning! max/min of tend_wetls =  8.96862792E-11,  -1.29906155E-10
2420:  warning! max/min of tend_wetls =  8.96862792E-11,  -1.29906155E-10
 713:  warning! max/min of tend_wetls =  1.8503716E-17,  -2.65990911E-17
 713:  warning! max/min of tend_wetls =  1.8503716E-17,  -2.65990911E-17
 713:  warning! max/min of tend_wetls =  1.8503716E-17,  -2.65990911E-17
 713:  warning! max/min of tend_wetls =  1.8503716E-17,  -2.65990911E-17
 279:  warning! max/min of tend_wetls =  3.08395266E-18,  -4.91504971E-18
 279:  warning! max/min of tend_wetls =  3.08395266E-18,  -4.91504971E-18
 279:  warning! max/min of tend_wetls =  3.08395266E-18,  -4.91504971E-18
 279:  warning! max/min of tend_wetls =  3.08395266E-18,  -4.91504971E-18
1250:  warning! max/min of tend_wetls =  1.5522042E-10,  -8.65030478E-11
1250:  warning! max/min of tend_wetls =  1.5522042E-10,  -8.65030478E-11
1250:  warning! max/min of tend_wetls =  1.5522042E-10,  -8.65030478E-11
1250:  warning! max/min of tend_wetls =  1.5522042E-10,  -8.65030478E-11
 527:  warning! max/min of tend_wetls =  2.10817077E-20,  -2.44698394E-20
 527:  warning! max/min of tend_wetls =  2.10817077E-20,  -2.44698394E-20
 527:  warning! max/min of tend_wetls =  2.10817077E-20,  -2.44698394E-20
 527:  warning! max/min of tend_wetls =  2.10817077E-20,  -2.44698394E-20
 932:  warning! max/min of tend_wetls =  1.49529011E-8,  -1.36658649E-8
 932:  warning! max/min of tend_wetls =  1.49529011E-8,  -1.36658649E-8
 932:  warning! max/min of tend_wetls =  1.49529011E-8,  -1.36658649E-8
 932:  warning! max/min of tend_wetls =  1.49529011E-8,  -1.36658649E-8
 932:  warning! max/min of tend_wetls =  2*0.
 932:  warning! max/min of tend_wetls =  2*0.
 932:  warning! max/min of tend_wetls =  2*0.
3475:  warning! max/min of tend_wetls =  3.03164883E-13,  -2.14741799E-13
3475:  warning! max/min of tend_wetls =  3.03164883E-13,  -2.14741799E-13
3475:  warning! max/min of tend_wetls =  3.03164883E-13,  -2.14741799E-13
3475:  warning! max/min of tend_wetls =  3.03164883E-13,  -2.14741799E-13
 963:  warning! max/min of tend_wetls =  1.48029728E-16,  -2.0508285E-16
 963:  warning! max/min of tend_wetls =  1.48029728E-16,  -2.0508285E-16
 963:  warning! max/min of tend_wetls =  1.48029728E-16,  -2.0508285E-16
 963:  warning! max/min of tend_wetls =  1.48029728E-16,  -2.0508285E-16
1821:  warning! max/min of tend_wetls =  1.12619655E-5,  -1.35228029E-5
1821:  warning! max/min of tend_wetls =  1.12619655E-5,  -1.35228029E-5
1821:  warning! max/min of tend_wetls =  1.12619655E-5,  -1.35228029E-5
1821:  warning! max/min of tend_wetls =  1.12619655E-5,  -1.35228029E-5
2976:  warning! max/min of tend_wetls =  3.73253357E-7,  -3.11592061E-7
2976:  warning! max/min of tend_wetls =  3.73253357E-7,  -3.11592061E-7
2976:  warning! max/min of tend_wetls =  3.73253357E-7,  -3.11592061E-7
2976:  warning! max/min of tend_wetls =  3.73253357E-7,  -3.11592061E-7
1568:  warning! max/min of tend_wetls =  3.69861156E-11,  -5.70644747E-11
1568:  warning! max/min of tend_wetls =  3.69861156E-11,  -5.70644747E-11
1568:  warning! max/min of tend_wetls =  3.69861156E-11,  -5.70644747E-11
1568:  warning! max/min of tend_wetls =  3.69861156E-11,  -5.70644747E-11
 884:  warning! max/min of tend_wetls =  5.52644317E-15,  -4.73695129E-15
 884:  warning! max/min of tend_wetls =  5.52644317E-15,  -4.73695129E-15
 884:  warning! max/min of tend_wetls =  5.52644317E-15,  -4.73695129E-15
 884:  warning! max/min of tend_wetls =  5.52644317E-15,  -4.73695129E-15
3485:  warning! max/min of tend_wetls =  1.92369839E-7,  -1.46760911E-7
3485:  warning! max/min of tend_wetls =  1.92369839E-7,  -1.46760911E-7
3485:  warning! max/min of tend_wetls =  1.92369839E-7,  -1.46760911E-7
3485:  warning! max/min of tend_wetls =  1.92369839E-7,  -1.46760911E-7
1829:  warning! max/min of tend_wetls =  2.46716213E-16,  -1.03620812E-15
1829:  warning! max/min of tend_wetls =  2.46716213E-16,  -1.03620812E-15
1829:  warning! max/min of tend_wetls =  2.46716213E-16,  -1.03620812E-15
1829:  warning! max/min of tend_wetls =  2.46716213E-16,  -1.03620812E-15
3534:  warning! max/min of tend_wetls =  1.58117871E-7,  -1.58247218E-7
3534:  warning! max/min of tend_wetls =  1.58117871E-7,  -1.58247218E-7
3534:  warning! max/min of tend_wetls =  1.58117871E-7,  -1.58247218E-7
3534:  warning! max/min of tend_wetls =  1.58117871E-7,  -1.58247218E-7
1200:  warning! max/min of tend_wetls =  7.70988166E-19,  -1.59016312E-18
1200:  warning! max/min of tend_wetls =  7.70988166E-19,  -1.59016312E-18
1200:  warning! max/min of tend_wetls =  7.70988166E-19,  -1.59016312E-18
1200:  warning! max/min of tend_wetls =  7.70988166E-19,  -1.59016312E-18
2015:  warning! max/min of tend_wetls =  1.72701349E-16,  -3.45402698E-16
2015:  warning! max/min of tend_wetls =  1.72701349E-16,  -3.45402698E-16
2015:  warning! max/min of tend_wetls =  1.72701349E-16,  -3.45402698E-16
2015:  warning! max/min of tend_wetls =  1.72701349E-16,  -3.45402698E-16
  95:  warning! max/min of tend_wetls =  1.11022296E-16,  -7.63278263E-17
  95:  warning! max/min of tend_wetls =  1.11022296E-16,  -7.63278263E-17
  95:  warning! max/min of tend_wetls =  1.11022296E-16,  -7.63278263E-17
  95:  warning! max/min of tend_wetls =  1.11022296E-16,  -7.63278263E-17
2368:  warning! max/min of tend_wetls =  1.50583626E-20,  -4.00913849E-16
2368:  warning! max/min of tend_wetls =  1.50583626E-20,  -4.00913849E-16
2368:  warning! max/min of tend_wetls =  1.50583626E-20,  -4.00913849E-16
2368:  warning! max/min of tend_wetls =  1.50583626E-20,  -4.00913849E-16
3445:  warning! max/min of tend_wetls =  1.21265949E-11,  -2.74869502E-11
3445:  warning! max/min of tend_wetls =  1.21265949E-11,  -2.74869502E-11
3445:  warning! max/min of tend_wetls =  1.21265949E-11,  -2.74869502E-11
3445:  warning! max/min of tend_wetls =  1.21265949E-11,  -2.74869502E-11
 403:  warning! max/min of tend_wetls =  3.1382303E-14,  -3.47376411E-14
 403:  warning! max/min of tend_wetls =  3.1382303E-14,  -3.47376411E-14
 403:  warning! max/min of tend_wetls =  3.1382303E-14,  -3.47376411E-14
 403:  warning! max/min of tend_wetls =  3.1382303E-14,  -3.47376411E-14
3658:  warning! max/min of tend_wetls =  2.98112143E-12,  -3.86377345E-12
3658:  warning! max/min of tend_wetls =  2.98112143E-12,  -3.86377345E-12
1568:  warning! max/min of tend_wetls =  4.64094908E-11,  -5.79099199E-11
3658:  warning! max/min of tend_wetls =  2.98112143E-12,  -3.86377345E-12
1568:  warning! max/min of tend_wetls =  4.64094908E-11,  -5.79099199E-11
3658:  warning! max/min of tend_wetls =  2.98112143E-12,  -3.86377345E-12
1568:  warning! max/min of tend_wetls =  4.64094908E-11,  -5.79099199E-11
1568:  warning! max/min of tend_wetls =  4.64094908E-11,  -5.79099199E-11
1056:  warning! max/min of tend_wetls =  6.16790532E-17,  -6.32210304E-17
1056:  warning! max/min of tend_wetls =  6.16790532E-17,  -6.32210304E-17
1056:  warning! max/min of tend_wetls =  6.16790532E-17,  -6.32210304E-17
1056:  warning! max/min of tend_wetls =  6.16790532E-17,  -6.32210304E-17
  62:  warning! max/min of tend_wetls =  1.36909262E-9,  -2.49310173E-9
  62:  warning! max/min of tend_wetls =  1.36909262E-9,  -2.49310173E-9
  62:  warning! max/min of tend_wetls =  1.36909262E-9,  -2.49310173E-9
  62:  warning! max/min of tend_wetls =  1.36909262E-9,  -2.49310173E-9
3057:  warning! max/min of tend_wetls =  1.26490249E-19,  -1.59618639E-19
3057:  warning! max/min of tend_wetls =  1.26490249E-19,  -1.59618639E-19
3057:  warning! max/min of tend_wetls =  1.26490249E-19,  -1.59618639E-19
3057:  warning! max/min of tend_wetls =  1.26490249E-19,  -1.59618639E-19
3059:  warning! max/min of tend_wetls =  8.63506745E-17,  -4.93432426E-17
3059:  warning! max/min of tend_wetls =  8.63506745E-17,  -4.93432426E-17
3059:  warning! max/min of tend_wetls =  8.63506745E-17,  -4.93432426E-17
3059:  warning! max/min of tend_wetls =  8.63506745E-17,  -4.93432426E-17
2532:  warning! max/min of tend_wetls =  1.32325404E-8,  -1.58510769E-8
2532:  warning! max/min of tend_wetls =  1.32325404E-8,  -1.58510769E-8
2532:  warning! max/min of tend_wetls =  1.32325404E-8,  -1.58510769E-8
2532:  warning! max/min of tend_wetls =  1.32325404E-8,  -1.58510769E-8
  31:  warning! max/min of tend_wetls =  2.28887105E-19,  -3.6140069E-19
  31:  warning! max/min of tend_wetls =  2.28887105E-19,  -3.6140069E-19
  31:  warning! max/min of tend_wetls =  2.28887105E-19,  -3.6140069E-19
  31:  warning! max/min of tend_wetls =  2.28887105E-19,  -3.6140069E-19
 202:  warning! max/min of tend_wetls =  2.11979355E-7,  -3.41769493E-7
 202:  warning! max/min of tend_wetls =  2.11979355E-7,  -3.41769493E-7
 202:  warning! max/min of tend_wetls =  2.11979355E-7,  -3.41769493E-7
 202:  warning! max/min of tend_wetls =  2.11979355E-7,  -3.41769493E-7
 227:  warning! max/min of tend_wetls =  7.23327162E-7,  -6.17518594E-7
 227:  warning! max/min of tend_wetls =  7.23327162E-7,  -6.17518594E-7
 227:  warning! max/min of tend_wetls =  7.23327162E-7,  -6.17518594E-7
 227:  warning! max/min of tend_wetls =  7.23327162E-7,  -6.17518594E-7
1746:  warning! max/min of tend_wetls =  2.80224612E-7,  -2.30372976E-7
1746:  warning! max/min of tend_wetls =  2.80224612E-7,  -2.30372976E-7
1746:  warning! max/min of tend_wetls =  2.80224612E-7,  -2.30372976E-7
1746:  warning! max/min of tend_wetls =  2.80224612E-7,  -2.30372976E-7
1932:  warning! max/min of tend_wetls =  5.92118911E-16,  -5.79783094E-16
1932:  warning! max/min of tend_wetls =  5.92118911E-16,  -5.79783094E-16
1932:  warning! max/min of tend_wetls =  5.92118911E-16,  -5.79783094E-16
1932:  warning! max/min of tend_wetls =  5.92118911E-16,  -5.79783094E-16
 775:  warning! max/min of tend_wetls =  7.70988166E-19,  -5.30054338E-19
 775:  warning! max/min of tend_wetls =  7.70988166E-19,  -5.30054338E-19
 775:  warning! max/min of tend_wetls =  7.70988166E-19,  -5.30054338E-19
 775:  warning! max/min of tend_wetls =  7.70988166E-19,  -5.30054338E-19
2914:  warning! max/min of tend_wetls =  1.38161079E-15,  -1.08555128E-15
2914:  warning! max/min of tend_wetls =  1.38161079E-15,  -1.08555128E-15
2914:  warning! max/min of tend_wetls =  1.38161079E-15,  -1.08555128E-15
2914:  warning! max/min of tend_wetls =  1.38161079E-15,  -1.08555128E-15
2857:  warning! max/min of tend_wetls =  2.39080828E-6,  -2.09775226E-6
2857:  warning! max/min of tend_wetls =  2.39080828E-6,  -2.09775226E-6
2857:  warning! max/min of tend_wetls =  2.39080828E-6,  -2.09775226E-6
2857:  warning! max/min of tend_wetls =  2.39080828E-6,  -2.09775226E-6
1242:  warning! max/min of tend_wetls =  2.27785968E-8,  -1.90524982E-8
1242:  warning! max/min of tend_wetls =  2.27785968E-8,  -1.90524982E-8
1242:  warning! max/min of tend_wetls =  2.27785968E-8,  -1.90524982E-8
1242:  warning! max/min of tend_wetls =  2.27785968E-8,  -1.90524982E-8
3319:  warning! max/min of tend_wetls =  7.52560325E-8,  -6.72201423E-8
3319:  warning! max/min of tend_wetls =  7.52560325E-8,  -6.72201423E-8
3319:  warning! max/min of tend_wetls =  7.52560325E-8,  -6.72201423E-8
3319:  warning! max/min of tend_wetls =  7.52560325E-8,  -6.72201423E-8
1831:  warning! max/min of tend_wetls =  4.09587476E-19,  -1.3010425E-18
1831:  warning! max/min of tend_wetls =  4.09587476E-19,  -1.3010425E-18
1831:  warning! max/min of tend_wetls =  4.09587476E-19,  -1.3010425E-18
1831:  warning! max/min of tend_wetls =  4.09587476E-19,  -1.3010425E-18
2573:  warning! max/min of tend_wetls =  6.55339961E-18,  -8.01827725E-17
2573:  warning! max/min of tend_wetls =  6.55339961E-18,  -8.01827725E-17
2573:  warning! max/min of tend_wetls =  6.55339961E-18,  -8.01827725E-17
2573:  warning! max/min of tend_wetls =  6.55339961E-18,  -8.01827725E-17
2546:  warning! max/min of tend_wetls =  5.8611231E-6,  -1.51706226E-5
2546:  warning! max/min of tend_wetls =  5.8611231E-6,  -1.51706226E-5
2546:  warning! max/min of tend_wetls =  5.8611231E-6,  -1.51706226E-5
2546:  warning! max/min of tend_wetls =  5.8611231E-6,  -1.51706226E-5
1342:  warning! max/min of tend_wetls =  2.96059456E-16,  -1.80102837E-15
1342:  warning! max/min of tend_wetls =  2.96059456E-16,  -1.80102837E-15
1342:  warning! max/min of tend_wetls =  2.96059456E-16,  -1.80102837E-15
1342:  warning! max/min of tend_wetls =  2.96059456E-16,  -1.80102837E-15
2356:  warning! max/min of tend_wetls =  1.45519144E-11,  -7.27595718E-12
2356:  warning! max/min of tend_wetls =  1.45519144E-11,  -7.27595718E-12
2356:  warning! max/min of tend_wetls =  1.45519144E-11,  -7.27595718E-12
2356:  warning! max/min of tend_wetls =  1.45519144E-11,  -7.27595718E-12
 560:  warning! max/min of tend_wetls =  1.57898382E-11,  -1.52719313E-11
 560:  warning! max/min of tend_wetls =  1.57898382E-11,  -1.52719313E-11
 560:  warning! max/min of tend_wetls =  1.57898382E-11,  -1.52719313E-11
 560:  warning! max/min of tend_wetls =  1.57898382E-11,  -1.52719313E-11
  62:  warning! max/min of tend_wetls =  6.66133762E-16,  -3.19651684E-15
  62:  warning! max/min of tend_wetls =  6.66133762E-16,  -3.19651684E-15
  62:  warning! max/min of tend_wetls =  6.66133762E-16,  -3.19651684E-15
  62:  warning! max/min of tend_wetls =  6.66133762E-16,  -3.19651684E-15
  76:  warning! max/min of tend_wetls =  7.32438737E-18,  -1.07938343E-17
  76:  warning! max/min of tend_wetls =  7.32438737E-18,  -1.07938343E-17
  76:  warning! max/min of tend_wetls =  7.32438737E-18,  -1.07938343E-17
  76:  warning! max/min of tend_wetls =  7.32438737E-18,  -1.07938343E-17
1821:  warning! max/min of tend_wetls =  1.16195934E-5,  -1.27876792E-5
1821:  warning! max/min of tend_wetls =  1.16195934E-5,  -1.27876792E-5
1821:  warning! max/min of tend_wetls =  1.16195934E-5,  -1.27876792E-5
1821:  warning! max/min of tend_wetls =  1.16195934E-5,  -1.27876792E-5
2817:  warning! max/min of tend_wetls =  1.53603536E-11,  -1.69772339E-11
2817:  warning! max/min of tend_wetls =  1.53603536E-11,  -1.69772339E-11
2817:  warning! max/min of tend_wetls =  1.53603536E-11,  -1.69772339E-11
2817:  warning! max/min of tend_wetls =  1.53603536E-11,  -1.69772339E-11
2964:  warning! max/min of tend_wetls =  9.25185799E-18,  -8.8663637E-18
2964:  warning! max/min of tend_wetls =  9.25185799E-18,  -8.8663637E-18
2964:  warning! max/min of tend_wetls =  9.25185799E-18,  -8.8663637E-18
2964:  warning! max/min of tend_wetls =  9.25185799E-18,  -8.8663637E-18
2914:  warning! max/min of tend_wetls =  3.27618579E-7,  -2.5787287E-7
2914:  warning! max/min of tend_wetls =  3.27618579E-7,  -2.5787287E-7
2914:  warning! max/min of tend_wetls =  3.27618579E-7,  -2.5787287E-7
2914:  warning! max/min of tend_wetls =  3.27618579E-7,  -2.5787287E-7
1612:  warning! max/min of tend_wetls =  2.15445937E-7,  -2.36478314E-7
1612:  warning! max/min of tend_wetls =  2.15445937E-7,  -2.36478314E-7
1612:  warning! max/min of tend_wetls =  2.15445937E-7,  -2.36478314E-7
1612:  warning! max/min of tend_wetls =  2.15445937E-7,  -2.36478314E-7
 227:  warning! max/min of tend_wetls =  6.97664063E-7,  -6.11982387E-7
 227:  warning! max/min of tend_wetls =  6.97664063E-7,  -6.11982387E-7
 227:  warning! max/min of tend_wetls =  6.97664063E-7,  -6.11982387E-7
 227:  warning! max/min of tend_wetls =  6.97664063E-7,  -6.11982387E-7
1746:  warning! max/min of tend_wetls =  2.57407208E-7,  -2.33322154E-7
1746:  warning! max/min of tend_wetls =  2.57407208E-7,  -2.33322154E-7
1746:  warning! max/min of tend_wetls =  2.57407208E-7,  -2.33322154E-7
1746:  warning! max/min of tend_wetls =  2.57407208E-7,  -2.33322154E-7
1821:  warning! max/min of tend_wetls =  1.09506973E-5,  -1.21783869E-5
1821:  warning! max/min of tend_wetls =  1.09506973E-5,  -1.21783869E-5
1821:  warning! max/min of tend_wetls =  1.09506973E-5,  -1.21783869E-5
1821:  warning! max/min of tend_wetls =  1.09506973E-5,  -1.21783869E-5
2616:  warning! max/min of tend_wetls =  2.02109922E-13,  -2.02109922E-13
2616:  warning! max/min of tend_wetls =  2.02109922E-13,  -2.02109922E-13
2616:  warning! max/min of tend_wetls =  2.02109922E-13,  -2.02109922E-13
2616:  warning! max/min of tend_wetls =  2.02109922E-13,  -2.02109922E-13
1119:  warning! max/min of tend_wetls =  4.17882484E-9,  -5.08993647E-9
1119:  warning! max/min of tend_wetls =  4.17882484E-9,  -5.08993647E-9
1119:  warning! max/min of tend_wetls =  4.17882484E-9,  -5.08993647E-9
1119:  warning! max/min of tend_wetls =  4.17882484E-9,  -5.08993647E-9
 349:  warning! max/min of tend_wetls =  7.57912206E-14,  -6.31593505E-14
 349:  warning! max/min of tend_wetls =  7.57912206E-14,  -6.31593505E-14
 349:  warning! max/min of tend_wetls =  7.57912206E-14,  -6.31593505E-14
 349:  warning! max/min of tend_wetls =  7.57912206E-14,  -6.31593505E-14
 137:  warning! max/min of tend_wetls =  2.02109922E-13,  -2.44520441E-13
 137:  warning! max/min of tend_wetls =  2.02109922E-13,  -2.44520441E-13
 137:  warning! max/min of tend_wetls =  2.02109922E-13,  -2.44520441E-13
 137:  warning! max/min of tend_wetls =  2.02109922E-13,  -2.44520441E-13
 775:  warning! max/min of tend_wetls =  5.78241124E-19,  -3.85494083E-19
 775:  warning! max/min of tend_wetls =  5.78241124E-19,  -3.85494083E-19
 775:  warning! max/min of tend_wetls =  5.78241124E-19,  -3.85494083E-19
 775:  warning! max/min of tend_wetls =  5.78241124E-19,  -3.85494083E-19
 944:  warning! max/min of tend_wetls =  1.26318701E-14,  -2.21057727E-14
 944:  warning! max/min of tend_wetls =  1.26318701E-14,  -2.21057727E-14
 944:  warning! max/min of tend_wetls =  1.26318701E-14,  -2.21057727E-14
 944:  warning! max/min of tend_wetls =  1.26318701E-14,  -2.21057727E-14
1030:  warning! max/min of tend_wetls =  1.10472564E-3,  -2.08070525E-3
1030:  warning! max/min of tend_wetls =  1.10472564E-3,  -2.08070525E-3
1030:  warning! max/min of tend_wetls =  1.10472564E-3,  -2.08070525E-3
1030:  warning! max/min of tend_wetls =  1.10472564E-3,  -2.08070525E-3
 501:  warning! max/min of tend_wetls =  1.5088398E-2,  -2.19506137E-2
 501:  warning! max/min of tend_wetls =  1.5088398E-2,  -2.19506137E-2
 501:  warning! max/min of tend_wetls =  1.5088398E-2,  -2.19506137E-2
 501:  warning! max/min of tend_wetls =  1.5088398E-2,  -2.19506137E-2
1928:  warning! max/min of tend_wetls =  4.02745258E-7,  -6.29457588E-7
1928:  warning! max/min of tend_wetls =  4.02745258E-7,  -6.29457588E-7
1928:  warning! max/min of tend_wetls =  4.02745258E-7,  -6.29457588E-7
1928:  warning! max/min of tend_wetls =  4.02745258E-7,  -6.29457588E-7
   3:  warning! max/min of tend_wetls =  1.91761895E-8,  -1.22543291E-8
   3:  warning! max/min of tend_wetls =  1.91761895E-8,  -1.22543291E-8
   3:  warning! max/min of tend_wetls =  1.91761895E-8,  -1.22543291E-8
   3:  warning! max/min of tend_wetls =  1.91761895E-8,  -1.22543291E-8
 566:  warning! max/min of tend_wetls =  4.79569007E-6,  -5.56475561E-6
 566:  warning! max/min of tend_wetls =  4.79569007E-6,  -5.56475561E-6
 566:  warning! max/min of tend_wetls =  4.79569007E-6,  -5.56475561E-6
 566:  warning! max/min of tend_wetls =  4.79569007E-6,  -5.56475561E-6
1643:  warning! max/min of tend_wetls =  4.59544757E-25,  0.
1643:  warning! max/min of tend_wetls =  4.59544757E-25,  0.
1643:  warning! max/min of tend_wetls =  4.59544757E-25,  0.
1643:  warning! max/min of tend_wetls =  4.59544757E-25,  0.
 566:  warning! max/min of tend_wetls =  2*0.
 566:  warning! max/min of tend_wetls =  2*0.
 186:  warning! max/min of tend_wetls =  1.05481168E-9,  -3.30298144E-9
 186:  warning! max/min of tend_wetls =  1.05481168E-9,  -3.30298144E-9
 186:  warning! max/min of tend_wetls =  1.05481168E-9,  -3.30298144E-9
 186:  warning! max/min of tend_wetls =  1.05481168E-9,  -3.30298144E-9
3410:  warning! max/min of tend_wetls =  1.03335412E-6,  -9.1781834E-7
3410:  warning! max/min of tend_wetls =  1.03335412E-6,  -9.1781834E-7
3410:  warning! max/min of tend_wetls =  1.03335412E-6,  -9.1781834E-7
3410:  warning! max/min of tend_wetls =  1.03335412E-6,  -9.1781834E-7
 312:  warning! max/min of tend_wetls =  1.80004151E-13,  -2.55005869E-13
 312:  warning! max/min of tend_wetls =  1.80004151E-13,  -2.55005869E-13
 312:  warning! max/min of tend_wetls =  1.80004151E-13,  -2.55005869E-13
 312:  warning! max/min of tend_wetls =  1.80004151E-13,  -2.55005869E-13
3445:  warning! max/min of tend_wetls =  1.27783874E-2,  -2.92392299E-2
3445:  warning! max/min of tend_wetls =  1.27783874E-2,  -2.92392299E-2
3445:  warning! max/min of tend_wetls =  1.27783874E-2,  -2.92392299E-2
3445:  warning! max/min of tend_wetls =  1.27783874E-2,  -2.92392299E-2
1677:  warning! max/min of tend_wetls =  9.63735207E-19,  -8.19174952E-19
1677:  warning! max/min of tend_wetls =  9.63735207E-19,  -8.19174952E-19
1677:  warning! max/min of tend_wetls =  9.63735207E-19,  -8.19174952E-19
1677:  warning! max/min of tend_wetls =  9.63735207E-19,  -8.19174952E-19
1300:  warning! max/min of tend_wetls =  8.77910134E-5,  -1.16056857E-4
1300:  warning! max/min of tend_wetls =  8.77910134E-5,  -1.16056857E-4
1300:  warning! max/min of tend_wetls =  8.77910134E-5,  -1.16056857E-4
1300:  warning! max/min of tend_wetls =  8.77910134E-5,  -1.16056857E-4
2198:  warning! max/min of tend_wetls =  1.11129539E-5,  -3.22750857E-5
2198:  warning! max/min of tend_wetls =  1.11129539E-5,  -3.22750857E-5
2198:  warning! max/min of tend_wetls =  1.11129539E-5,  -3.22750857E-5
2198:  warning! max/min of tend_wetls =  1.11129539E-5,  -3.22750857E-5
  93:  warning! max/min of tend_wetls =  2.03562583E-11,  -2.38458125E-11
  93:  warning! max/min of tend_wetls =  2.03562583E-11,  -2.38458125E-11
  93:  warning! max/min of tend_wetls =  2.03562583E-11,  -2.38458125E-11
  93:  warning! max/min of tend_wetls =  2.03562583E-11,  -2.38458125E-11
1030:  warning! max/min of tend_wetls =  1.17222462E-5,  -5.85941234E-6
1030:  warning! max/min of tend_wetls =  1.17222462E-5,  -5.85941234E-6
1030:  warning! max/min of tend_wetls =  1.17222462E-5,  -5.85941234E-6
1030:  warning! max/min of tend_wetls =  1.17222462E-5,  -5.85941234E-6
1398:  warning! max/min of tend_wetls =  3.85494083E-18,  -5.39691716E-18
1398:  warning! max/min of tend_wetls =  3.85494083E-18,  -5.39691716E-18
1398:  warning! max/min of tend_wetls =  3.85494083E-18,  -5.39691716E-18
1398:  warning! max/min of tend_wetls =  3.85494083E-18,  -5.39691716E-18
 335:  warning! max/min of tend_wetls =  4.44089183E-16,  -3.45402698E-16
 335:  warning! max/min of tend_wetls =  4.44089183E-16,  -3.45402698E-16
 335:  warning! max/min of tend_wetls =  4.44089183E-16,  -3.45402698E-16
 335:  warning! max/min of tend_wetls =  4.44089183E-16,  -3.45402698E-16
3364:  warning! max/min of tend_wetls =  1.51582441E-13,  -1.13686831E-13
3364:  warning! max/min of tend_wetls =  1.51582441E-13,  -1.13686831E-13
3364:  warning! max/min of tend_wetls =  1.51582441E-13,  -1.13686831E-13
3364:  warning! max/min of tend_wetls =  1.51582441E-13,  -1.13686831E-13
1838:  warning! max/min of tend_wetls =  5.42775642E-16,  -1.77635673E-15
1838:  warning! max/min of tend_wetls =  5.42775642E-16,  -1.77635673E-15
1838:  warning! max/min of tend_wetls =  5.42775642E-16,  -1.77635673E-15
1838:  warning! max/min of tend_wetls =  5.42775642E-16,  -1.77635673E-15
3071:  warning! max/min of tend_wetls =  1.73795129E-7,  -9.94057459E-8
3071:  warning! max/min of tend_wetls =  1.73795129E-7,  -9.94057459E-8
3071:  warning! max/min of tend_wetls =  1.73795129E-7,  -9.94057459E-8
3071:  warning! max/min of tend_wetls =  1.73795129E-7,  -9.94057459E-8
 403:  warning! max/min of tend_wetls =  1.3877787E-17,  -1.07938343E-17
 403:  warning! max/min of tend_wetls =  1.3877787E-17,  -1.07938343E-17
 403:  warning! max/min of tend_wetls =  1.3877787E-17,  -1.07938343E-17
 403:  warning! max/min of tend_wetls =  1.3877787E-17,  -1.07938343E-17
   0:  warning! max/min of tend_wetls =  3.09480821E-13,  -4.0007502E-13
   0:  warning! max/min of tend_wetls =  3.09480821E-13,  -4.0007502E-13
   0:  warning! max/min of tend_wetls =  3.09480821E-13,  -4.0007502E-13
   0:  warning! max/min of tend_wetls =  3.09480821E-13,  -4.0007502E-13
1374:  warning! max/min of tend_wetls =  1.69448953E-7,  -2.73873496E-7
1374:  warning! max/min of tend_wetls =  1.69448953E-7,  -2.73873496E-7
1374:  warning! max/min of tend_wetls =  1.69448953E-7,  -2.73873496E-7
1374:  warning! max/min of tend_wetls =  1.69448953E-7,  -2.73873496E-7
 682:  warning! max/min of tend_wetls =  1.54197633E-17,  -1.23358106E-17
 682:  warning! max/min of tend_wetls =  1.54197633E-17,  -1.23358106E-17
 682:  warning! max/min of tend_wetls =  1.54197633E-17,  -1.23358106E-17
 682:  warning! max/min of tend_wetls =  1.54197633E-17,  -1.23358106E-17
2382:  warning! max/min of tend_wetls =  2.52637408E-12,  -2.47584657E-12
2382:  warning! max/min of tend_wetls =  2.52637408E-12,  -2.47584657E-12
2382:  warning! max/min of tend_wetls =  2.52637408E-12,  -2.47584657E-12
2382:  warning! max/min of tend_wetls =  2.52637408E-12,  -2.47584657E-12
3365:  warning! max/min of tend_wetls =  4.13820055E-11,  -3.31018164E-11
3365:  warning! max/min of tend_wetls =  4.13820055E-11,  -3.31018164E-11
3365:  warning! max/min of tend_wetls =  4.13820055E-11,  -3.31018164E-11
3365:  warning! max/min of tend_wetls =  4.13820055E-11,  -3.31018164E-11
3255:  warning! max/min of tend_wetls =  1.38161079E-15,  -8.88178367E-16
3255:  warning! max/min of tend_wetls =  1.38161079E-15,  -8.88178367E-16
3255:  warning! max/min of tend_wetls =  1.38161079E-15,  -8.88178367E-16
3255:  warning! max/min of tend_wetls =  1.38161079E-15,  -8.88178367E-16
2756:  warning! max/min of tend_wetls =  7.57912206E-14,  -1.35792609E-13
2756:  warning! max/min of tend_wetls =  7.57912206E-14,  -1.35792609E-13
2756:  warning! max/min of tend_wetls =  7.57912206E-14,  -1.35792609E-13
1507:  warning! max/min of tend_wetls =  9.63735207E-19,  -9.63735207E-19
2756:  warning! max/min of tend_wetls =  7.57912206E-14,  -1.35792609E-13
1507:  warning! max/min of tend_wetls =  9.63735207E-19,  -9.63735207E-19
1507:  warning! max/min of tend_wetls =  9.63735207E-19,  -9.63735207E-19
1507:  warning! max/min of tend_wetls =  9.63735207E-19,  -9.63735207E-19
3443:  warning! max/min of tend_wetls =  2.65027169E-19,  -1.56606978E-19
3443:  warning! max/min of tend_wetls =  2.65027169E-19,  -1.56606978E-19
3443:  warning! max/min of tend_wetls =  2.65027169E-19,  -1.56606978E-19
3443:  warning! max/min of tend_wetls =  2.65027169E-19,  -1.56606978E-19
 775:  warning! max/min of tend_wetls =  1.76846179E-12,  -1.37055786E-12
 775:  warning! max/min of tend_wetls =  1.76846179E-12,  -1.37055786E-12
 775:  warning! max/min of tend_wetls =  1.76846179E-12,  -1.37055786E-12
 775:  warning! max/min of tend_wetls =  1.76846179E-12,  -1.37055786E-12
 372:  warning! max/min of tend_wetls =  3.49185303E-9,  -6.37313224E-9
 372:  warning! max/min of tend_wetls =  3.49185303E-9,  -6.37313224E-9
 372:  warning! max/min of tend_wetls =  3.49185303E-9,  -6.37313224E-9
 372:  warning! max/min of tend_wetls =  3.49185303E-9,  -6.37313224E-9
1085:  warning! max/min of tend_wetls =  5.92118911E-16,  -4.93432426E-16
1085:  warning! max/min of tend_wetls =  5.92118911E-16,  -4.93432426E-16
1085:  warning! max/min of tend_wetls =  5.92118911E-16,  -4.93432426E-16
1085:  warning! max/min of tend_wetls =  5.92118911E-16,  -4.93432426E-16
1730:  warning! max/min of tend_wetls =  5.91777862E-8,  -4.42281198E-8
1730:  warning! max/min of tend_wetls =  5.91777862E-8,  -4.42281198E-8
1730:  warning! max/min of tend_wetls =  5.91777862E-8,  -4.42281198E-8
1730:  warning! max/min of tend_wetls =  5.91777862E-8,  -4.42281198E-8
2821:  warning! max/min of tend_wetls =  8.48745231E-7,  -1.28375052E-6
2821:  warning! max/min of tend_wetls =  8.48745231E-7,  -1.28375052E-6
2821:  warning! max/min of tend_wetls =  8.48745231E-7,  -1.28375052E-6
2821:  warning! max/min of tend_wetls =  8.48745231E-7,  -1.28375052E-6
3286:  warning! max/min of tend_wetls =  5.47048501E-7,  -4.24631338E-7
3286:  warning! max/min of tend_wetls =  5.47048501E-7,  -4.24631338E-7
3286:  warning! max/min of tend_wetls =  5.47048501E-7,  -4.24631338E-7
3286:  warning! max/min of tend_wetls =  5.47048501E-7,  -4.24631338E-7
3379:  warning! max/min of tend_wetls =  8.88178367E-16,  -6.4146218E-16
3379:  warning! max/min of tend_wetls =  8.88178367E-16,  -6.4146218E-16
3379:  warning! max/min of tend_wetls =  8.88178367E-16,  -6.4146218E-16
3379:  warning! max/min of tend_wetls =  8.88178367E-16,  -6.4146218E-16
1119:  warning! max/min of tend_wetls =  3.7058876E-9,  -3.2974361E-9
1119:  warning! max/min of tend_wetls =  3.7058876E-9,  -3.2974361E-9
1119:  warning! max/min of tend_wetls =  3.7058876E-9,  -3.2974361E-9
1119:  warning! max/min of tend_wetls =  3.7058876E-9,  -3.2974361E-9
 747:  warning! max/min of tend_wetls =  9.63180057E-13,  -4.97379861E-13
 747:  warning! max/min of tend_wetls =  9.63180057E-13,  -4.97379861E-13
 747:  warning! max/min of tend_wetls =  9.63180057E-13,  -4.97379861E-13
 747:  warning! max/min of tend_wetls =  9.63180057E-13,  -4.97379861E-13
2604:  warning! max/min of tend_wetls =  8.92000003E-8,  -7.56440812E-8
2604:  warning! max/min of tend_wetls =  8.92000003E-8,  -7.56440812E-8
2604:  warning! max/min of tend_wetls =  8.92000003E-8,  -7.56440812E-8
2604:  warning! max/min of tend_wetls =  8.92000003E-8,  -7.56440812E-8
3361:  warning! max/min of tend_wetls =  7.57912206E-14,  -7.44096082E-14
3361:  warning! max/min of tend_wetls =  7.57912206E-14,  -7.44096082E-14
3361:  warning! max/min of tend_wetls =  7.57912206E-14,  -7.44096082E-14
3361:  warning! max/min of tend_wetls =  7.57912206E-14,  -7.44096082E-14
 248:  warning! max/min of tend_wetls =  6.74614645E-19,  -8.43268293E-19
 248:  warning! max/min of tend_wetls =  6.74614645E-19,  -8.43268293E-19
 248:  warning! max/min of tend_wetls =  6.74614645E-19,  -8.43268293E-19
 248:  warning! max/min of tend_wetls =  6.74614645E-19,  -8.43268293E-19
3365:  warning! max/min of tend_wetls =  8.67361686E-19,  -7.89058185E-19
3365:  warning! max/min of tend_wetls =  8.67361686E-19,  -7.89058185E-19
3365:  warning! max/min of tend_wetls =  8.67361686E-19,  -7.89058185E-19
3365:  warning! max/min of tend_wetls =  8.67361686E-19,  -7.89058185E-19
3596:  warning! max/min of tend_wetls =  6.60737776E-9,  -4.87367879E-9
3596:  warning! max/min of tend_wetls =  6.60737776E-9,  -4.87367879E-9
3596:  warning! max/min of tend_wetls =  6.60737776E-9,  -4.87367879E-9
3596:  warning! max/min of tend_wetls =  6.60737776E-9,  -4.87367879E-9
 496:  warning! max/min of tend_wetls =  7.89491882E-15,  -9.76996177E-15
 496:  warning! max/min of tend_wetls =  7.89491882E-15,  -9.76996177E-15
 496:  warning! max/min of tend_wetls =  7.89491882E-15,  -9.76996177E-15
 496:  warning! max/min of tend_wetls =  7.89491882E-15,  -9.76996177E-15
3172:  warning! max/min of tend_wetls =  1.3877787E-17,  -4.97287352E-17
3172:  warning! max/min of tend_wetls =  1.3877787E-17,  -4.97287352E-17
3172:  warning! max/min of tend_wetls =  1.3877787E-17,  -4.97287352E-17
3172:  warning! max/min of tend_wetls =  1.3877787E-17,  -4.97287352E-17
 963:  warning! max/min of tend_wetls =  2.02109922E-12,  -2.60216523E-12
 963:  warning! max/min of tend_wetls =  2.02109922E-12,  -2.60216523E-12
 963:  warning! max/min of tend_wetls =  2.02109922E-12,  -2.60216523E-12
 963:  warning! max/min of tend_wetls =  2.02109922E-12,  -2.60216523E-12
 124:  warning! max/min of tend_wetls =  1.15648225E-18,  -1.25285582E-18
 124:  warning! max/min of tend_wetls =  1.15648225E-18,  -1.25285582E-18
 124:  warning! max/min of tend_wetls =  1.15648225E-18,  -1.25285582E-18
 124:  warning! max/min of tend_wetls =  1.15648225E-18,  -1.25285582E-18
 682:  warning! max/min of tend_wetls =  1.86446397E-11,  -8.84230894E-13
 682:  warning! max/min of tend_wetls =  1.86446397E-11,  -8.84230894E-13
 682:  warning! max/min of tend_wetls =  1.86446397E-11,  -8.84230894E-13
 682:  warning! max/min of tend_wetls =  1.86446397E-11,  -8.84230894E-13
 839:  warning! max/min of tend_wetls =  2.47835263E-8,  -2.25142376E-8
 839:  warning! max/min of tend_wetls =  2.47835263E-8,  -2.25142376E-8
 839:  warning! max/min of tend_wetls =  2.47835263E-8,  -2.25142376E-8
 839:  warning! max/min of tend_wetls =  2.47835263E-8,  -2.25142376E-8
1085:  warning! max/min of tend_wetls =  5.92118911E-16,  -4.44089183E-16
1085:  warning! max/min of tend_wetls =  5.92118911E-16,  -4.44089183E-16
1085:  warning! max/min of tend_wetls =  5.92118911E-16,  -4.44089183E-16
1085:  warning! max/min of tend_wetls =  5.92118911E-16,  -4.44089183E-16
2279:  warning! max/min of tend_wetls =  1.76846179E-12,  -1.47792878E-12
2279:  warning! max/min of tend_wetls =  1.76846179E-12,  -1.47792878E-12
2279:  warning! max/min of tend_wetls =  1.76846179E-12,  -1.47792878E-12
2279:  warning! max/min of tend_wetls =  1.76846179E-12,  -1.47792878E-12
2914:  warning! max/min of tend_wetls =  1.08555128E-15,  -9.86864852E-16
2914:  warning! max/min of tend_wetls =  1.08555128E-15,  -9.86864852E-16
2914:  warning! max/min of tend_wetls =  1.08555128E-15,  -9.86864852E-16
2914:  warning! max/min of tend_wetls =  1.08555128E-15,  -9.86864852E-16
1491:  warning! max/min of tend_wetls =  5.4505005E-9,  -5.73426284E-9
1491:  warning! max/min of tend_wetls =  5.4505005E-9,  -5.73426284E-9
1491:  warning! max/min of tend_wetls =  5.4505005E-9,  -5.73426284E-9
1491:  warning! max/min of tend_wetls =  5.4505005E-9,  -5.73426284E-9
1178:  warning! max/min of tend_wetls =  2.62135985E-17,  -1.54197633E-17
1178:  warning! max/min of tend_wetls =  2.62135985E-17,  -1.54197633E-17
1178:  warning! max/min of tend_wetls =  2.62135985E-17,  -1.54197633E-17
1178:  warning! max/min of tend_wetls =  2.62135985E-17,  -1.54197633E-17
 227:  warning! max/min of tend_wetls =  8.60128068E-7,  -7.84251199E-7
 227:  warning! max/min of tend_wetls =  8.60128068E-7,  -7.84251199E-7
 227:  warning! max/min of tend_wetls =  8.60128068E-7,  -7.84251199E-7
 227:  warning! max/min of tend_wetls =  8.60128068E-7,  -7.84251199E-7
3069:  warning! max/min of tend_wetls =  2.46716213E-16,  -1.78869258E-16
3069:  warning! max/min of tend_wetls =  2.46716213E-16,  -1.78869258E-16
3069:  warning! max/min of tend_wetls =  2.46716213E-16,  -1.78869258E-16
3069:  warning! max/min of tend_wetls =  2.46716213E-16,  -1.78869258E-16
3056:  warning! max/min of tend_wetls =  4.59544757E-25,  -2.75726845E-24
3056:  warning! max/min of tend_wetls =  4.59544757E-25,  -2.75726845E-24
3056:  warning! max/min of tend_wetls =  4.59544757E-25,  -2.75726845E-24
3056:  warning! max/min of tend_wetls =  4.59544757E-25,  -2.75726845E-24
2294:  warning! max/min of tend_wetls =  1.50408582E-7,  -1.18543127E-7
1643:  warning! max/min of tend_wetls =  1.98889097E-7,  -2.30107801E-7
2294:  warning! max/min of tend_wetls =  1.50408582E-7,  -1.18543127E-7
1643:  warning! max/min of tend_wetls =  1.98889097E-7,  -2.30107801E-7
2294:  warning! max/min of tend_wetls =  1.50408582E-7,  -1.18543127E-7
1643:  warning! max/min of tend_wetls =  1.98889097E-7,  -2.30107801E-7
2294:  warning! max/min of tend_wetls =  1.50408582E-7,  -1.18543127E-7
1643:  warning! max/min of tend_wetls =  1.98889097E-7,  -2.30107801E-7
2538:  STOP  
2540:  STOP  
2541:  STOP  
2523:  STOP  
2525:  STOP  
2537:  STOP  
2533:  STOP  
2520:  STOP  
2536:  STOP  
2519:  STOP  
2527:  STOP  
2530:  STOP  
2517:  STOP  
2532:  STOP  
2513:  STOP  
2526:  STOP  
2515:  STOP  
2534:  STOP  
2518:  STOP  
2524:  STOP  
2531:  STOP  
2516:  STOP  
2529:  STOP  
2522:  STOP  
2514:  STOP  
2535:  STOP  
2521:  STOP  
2511:  STOP  
2539:  STOP  
2512:  STOP  
2528:  STOP  
1247:  STOP  
1059:  STOP  
 561:  STOP  
3289:  STOP  
2548:  STOP  
2667:  STOP  
2734:  STOP  
 936:  STOP  
3288:  STOP  
1305:  STOP  
3473:  STOP  
srun: Received task exit notification for 31 tasks of StepId=7593788.0 (status=0x0000).
2609:  STOP  
srun: nid000082: tasks 2511-2541: Completed
1680:  STOP  
 440:  STOP  
 623:  STOP  
2486:  STOP  
   5:  STOP  
 193:  STOP  
1242:  STOP  
2978:  STOP  
2793:  STOP  
 874:  STOP  
3476:  STOP  
2543:  STOP  
1428:  STOP  
3105:  STOP  
 374:  STOP  
2301:  STOP  
2735:  STOP  
 255:  STOP  
1368:  STOP  
1862:  STOP  
2239:  STOP  
3412:  STOP  
 565:  STOP  
1677:  STOP  
3599:  STOP  
2980:  STOP  
2545:  STOP  
1060:  STOP  
2982:  STOP  
3287:  STOP  
   7:  STOP  
 192:  STOP  
2672:  STOP  
1739:  STOP  
2295:  STOP  
2112:  STOP  
 809:  STOP  
  64:  STOP  
 934:  STOP  
 688:  STOP  
 251:  STOP  
2176:  STOP  
3041:  STOP  
1555:  STOP  
 689:  STOP  
   4:  STOP  
3477:  STOP  
3539:  STOP  
2172:  STOP  
2666:  STOP  
1371:  STOP  
1246:  STOP  
2357:  STOP  
2544:  STOP  
1779:  STOP  
  68:  STOP  
  69:  STOP  
1490:  STOP  
2235:  STOP  
1799:  STOP  
2917:  STOP  
1643:  STOP  
1553:  STOP  
3538:  STOP  
 503:  STOP  
 501:  STOP  
1366:  STOP  
1201:  STOP  
1991:  STOP  
3230:  STOP  
2109:  STOP  
2175:  STOP  
 748:  STOP  
1801:  STOP  
1705:  STOP  
1395:  STOP  
1551:  STOP  
3168:  STOP  
 775:  STOP  
2547:  STOP  
2046:  STOP  
 191:  STOP  
 624:  STOP  
1986:  STOP  
2914:  STOP  
2111:  STOP  
2113:  STOP  
2236:  STOP  
2139:  STOP  
1495:  STOP  
1861:  STOP  
2675:  STOP  
1927:  STOP  
 873:  STOP  
2546:  STOP  
 403:  STOP  
 155:  STOP  
1926:  STOP  
1179:  STOP  
 315:  STOP  
 500:  STOP  
2731:  STOP  
2633:  STOP  
3663:  STOP  
 899:  STOP  
1270:  STOP  
3602:  STOP  
1829:  STOP  
 627:  STOP  
2573:  STOP  
 625:  STOP  
3113:  STOP  
3034:  STOP  
 268:  STOP  
1581:  STOP  
1182:  STOP  
2051:  STOP  
 937:  STOP  
2114:  STOP  
 439:  STOP  
1245:  STOP  
1181:  STOP  
1987:  STOP  
 126:  STOP  
2821:  STOP  
1802:  STOP  
1678:  STOP  
2238:  STOP  
3290:  STOP  
1989:  STOP  
1516:  STOP  
2611:  STOP  
2077:  STOP  
3347:  STOP  
1367:  STOP  
2954:  STOP  
2671:  STOP  
2325:  STOP  
 129:  STOP  
2263:  STOP  
3157:  STOP  
 313:  STOP  
 560:  STOP  
 872:  STOP  
2048:  STOP  
2297:  STOP  
2387:  STOP  
1642:  STOP  
3600:  STOP  
2358:  STOP  
2697:  STOP  
3652:  STOP  
1349:  STOP  
1923:  STOP  
 749:  STOP  
3042:  STOP  
 312:  STOP  
3138:  STOP  
 252:  STOP  
2474:  STOP  
1594:  STOP  
 811:  STOP  
 401:  STOP  
3353:  STOP  
 437:  STOP  
3167:  STOP  
3536:  STOP  
2045:  STOP  
 198:  STOP  
2360:  STOP  
2237:  STOP  
 497:  STOP  
 499:  STOP  
 994:  STOP  
1057:  STOP  
2981:  STOP  
1244:  STOP  
2052:  STOP  
 316:  STOP  
2915:  STOP  
2422:  STOP  
  66:  STOP  
2549:  STOP  
1493:  STOP  
 685:  STOP  
1492:  STOP  
3228:  STOP  
2106:  STOP  
 626:  STOP  
 385:  STOP  
1518:  STOP  
1614:  STOP  
3660:  STOP  
2174:  STOP  
2854:  STOP  
3102:  STOP  
 289:  STOP  
 961:  STOP  
2177:  STOP  
3648:  STOP  
1534:  STOP  
1431:  STOP  
1121:  STOP  
1805:  STOP  
1430:  STOP  
2300:  STOP  
3069:  STOP  
 563:  STOP  
 997:  STOP  
1138:  STOP  
3316:  STOP  
3501:  STOP  
1988:  STOP  
2482:  STOP  
1308:  STOP  
1777:  STOP  
1436:  STOP  
2678:  STOP  
3080:  STOP  
3043:  STOP  
   2:  STOP  
1737:  STOP  
2790:  STOP  
3598:  STOP  
3104:  STOP  
 527:  STOP  
2857:  STOP  
3604:  STOP  
1704:  STOP  
1307:  STOP  
2669:  STOP  
 569:  STOP  
3464:  STOP  
3610:  STOP  
1356:  STOP  
 810:  STOP  
2031:  STOP  
1742:  STOP  
2487:  STOP  
1304:  STOP  
1494:  STOP  
3040:  STOP  
2577:  STOP  
  41:  STOP  
 378:  STOP  
 817:  STOP  
3577:  STOP  
1741:  STOP  
1754:  STOP  
1884:  STOP  
 621:  STOP  
2050:  STOP  
  75:  STOP  
  17:  STOP  
1118:  STOP  
 341:  STOP  
1306:  STOP  
2059:  STOP  
2220:  STOP  
1017:  STOP  
srun: Received task exit notification for 2 tasks of StepId=7593788.0 (status=0x0000).
srun: nid000035: tasks 1059-1060: Completed
1755:  STOP  
1703:  STOP  
3189:  STOP  
 935:  STOP  
2794:  STOP  
2730:  STOP  
 498:  STOP  
3632:  STOP  
3475:  STOP  
2684:  STOP  
  74:  STOP  
3165:  STOP  
2121:  STOP  
1734:  STOP  
2986:  STOP  
 947:  STOP  
2566:  STOP  
 436:  STOP  
2990:  STOP  
3582:  STOP  
3131:  STOP  
2676:  STOP  
3284:  STOP  
1676:  STOP  
1369:  STOP  
1826:  STOP  
1122:  STOP  
 933:  STOP  
3411:  STOP  
 928:  STOP  
 376:  STOP  
  27:  STOP  
3616:  STOP  
2296:  STOP  
2306:  STOP  
2920:  STOP  
 220:  STOP  
3356:  STOP  
2689:  STOP  
1225:  STOP  
1183:  STOP  
1507:  STOP  
3703:  STOP  
2759:  STOP  
2858:  STOP  
1434:  STOP  
3662:  STOP  
1726:  STOP  
1180:  STOP  
1447:  STOP  
1042:  STOP  
3597:  STOP  
  46:  STOP  
2155:  STOP  
 995:  STOP  
2216:  STOP  
3166:  STOP  
2420:  STOP  
2293:  STOP  
 130:  STOP  
3576:  STOP  
 869:  STOP  
3504:  STOP  
 881:  STOP  
1382:  STOP  
 990:  STOP  
3474:  STOP  
2064:  STOP  
srun: Received task exit notification for 3 tasks of StepId=7593788.0 (status=0x0000).
 373:  STOP  
srun: nid000019: tasks 560-561,565: Completed
1924:  STOP  
 812:  STOP  
 698:  STOP  
 699:  STOP  
2197:  STOP  
2484:  STOP  
 377:  STOP  
2269:  STOP  
3291:  STOP  
 644:  STOP  
1800:  STOP  
 813:  STOP  
2606:  STOP  
2690:  STOP  
1327:  STOP  
2104:  STOP  
3376:  STOP  
2448:  STOP  
  31:  STOP  
3683:  STOP  
2807:  STOP  
1724:  STOP  
2795:  STOP  
1056:  STOP  
1419:  STOP  
1435:  STOP  
2013:  STOP  
 770:  STOP  
2173:  STOP  
1639:  STOP  
1120:  STOP  
   1:  STOP  
3410:  STOP  
2696:  STOP  
 381:  STOP  
1890:  STOP  
3039:  STOP  
 632:  STOP  
 111:  STOP  
1939:  STOP  
1426:  STOP  
 128:  STOP  
 140:  STOP  
3405:  STOP  
3667:  STOP  
3408:  STOP  
3706:  STOP  
 871:  STOP  
2572:  STOP  
 640:  STOP  
3244:  STOP  
 441:  STOP  
 911:  STOP  
 422:  STOP  
1803:  STOP  
1405:  STOP  
3664:  STOP  
1556:  STOP  
 483:  STOP  
2695:  STOP  
 382:  STOP  
2686:  STOP  
1437:  STOP  
 188:  STOP  
2561:  STOP  
1347:  STOP  
1267:  STOP  
3072:  STOP  
1618:  STOP  
1361:  STOP  
 622:  STOP  
 444:  STOP  
 998:  STOP  
2292:  STOP  
 957:  STOP  
2359:  STOP  
 318:  STOP  
1265:  STOP  
2752:  STOP  
2117:  STOP  
 407:  STOP  
3063:  STOP  
3099:  STOP  
 232:  STOP  
 250:  STOP  
3351:  STOP  
3337:  STOP  
1392:  STOP  
  93:  STOP  
2670:  STOP  
1243:  STOP  
3174:  STOP  
 358:  STOP  
2569:  STOP  
2979:  STOP  
 814:  STOP  
 681:  STOP  
 375:  STOP  
 686:  STOP  
1432:  STOP  
1816:  STOP  
 297:  STOP  
2733:  STOP  
1443:  STOP  
3238:  STOP  
2804:  STOP  
 739:  STOP  
1942:  STOP  
3590:  STOP  
 564:  STOP  
1055:  STOP  
2324:  STOP  
1640:  STOP  
1119:  STOP  
1445:  STOP  
2135:  STOP  
 629:  STOP  
3282:  STOP  
1907:  STOP  
3091:  STOP  
2049:  STOP  
1505:  STOP  
2383:  STOP  
 197:  STOP  
3692:  STOP  
2339:  STOP  
3126:  STOP  
1761:  STOP  
2333:  STOP  
1897:  STOP  
1058:  STOP  
1205:  STOP  
2391:  STOP  
2404:  STOP  
2303:  STOP  
2668:  STOP  
 808:  STOP  
3399:  STOP  
1351:  STOP  
1866:  STOP  
 771:  STOP  
2423:  STOP  
3595:  STOP  
2656:  STOP  
3344:  STOP  
2371:  STOP  
2348:  STOP  
1903:  STOP  
 870:  STOP  
  39:  STOP  
3227:  STOP  
3057:  STOP  
srun: Received task exit notification for 5 tasks of StepId=7593788.0 (status=0x0000).
 384:  STOP  
srun: nid000107: tasks 3287-3290,3316: Completed
1541:  STOP  
1164:  STOP  
1412:  STOP  
2797:  STOP  
 217:  STOP  
1935:  STOP  
2385:  STOP  
1123:  STOP  
1971:  STOP  
2571:  STOP  
 455:  STOP  
 438:  STOP  
1137:  STOP  
1192:  STOP  
2249:  STOP  
3098:  STOP  
1951:  STOP  
 734:  STOP  
3656:  STOP  
3658:  STOP  
 447:  STOP  
 932:  STOP  
 200:  STOP  
 205:  STOP  
1370:  STOP  
3239:  STOP  
srun: Received task exit notification for 6 tasks of StepId=7593788.0 (status=0x0000).
1701:  STOP  
srun: nid000041: tasks 1242,1244-1247,1270: Completed
2110:  STOP  
 898:  STOP  
 127:  STOP  
1140:  STOP  
 638:  STOP  
 346:  STOP  
3103:  STOP  
 867:  STOP  
 692:  STOP  
2362:  STOP  
 940:  STOP  
 168:  STOP  
2340:  STOP  
3675:  STOP  
1235:  STOP  
2608:  STOP  
3679:  STOP  
1449:  STOP  
2757:  STOP  
3542:  STOP  
3622:  STOP  
3082:  STOP  
2567:  STOP  
1558:  STOP  
 991:  STOP  
2732:  STOP  
 271:  STOP  
2126:  STOP  
 556:  STOP  
3269:  STOP  
 751:  STOP  
1262:  STOP  
 435:  STOP  
3225:  STOP  
3350:  STOP  
2421:  STOP  
2936:  STOP  
2688:  STOP  
 296:  STOP  
 474:  STOP  
 822:  STOP  
1073:  STOP  
1675:  STOP  
 750:  STOP  
2375:  STOP  
1550:  STOP  
 273:  STOP  
 993:  STOP  
1617:  STOP  
1788:  STOP  
1028:  STOP  
1627:  STOP  
1740:  STOP  
 446:  STOP  
1219:  STOP  
2338:  STOP  
3559:  STOP  
1313:  STOP  
1429:  STOP  
srun: Received task exit notification for 4 tasks of StepId=7593788.0 (status=0x0000).
 515:  STOP  
srun: nid000089: tasks 2730-2731,2734-2735: Completed
2855:  STOP  
2015:  STOP  
2918:  STOP  
2880:  STOP  
2057:  STOP  
1930:  STOP  
3101:  STOP  
 337:  STOP  
3513:  STOP  
1700:  STOP  
1983:  STOP  
1143:  STOP  
 256:  STOP  
1006:  STOP  
 395:  STOP  
1879:  STOP  
3496:  STOP  
2744:  STOP  
 204:  STOP  
2129:  STOP  
1838:  STOP  
1775:  STOP  
1950:  STOP  
3177:  STOP  
2879:  STOP  
3106:  STOP  
1409:  STOP  
2444:  STOP  
2992:  STOP  
2792:  STOP  
2916:  STOP  
2820:  STOP  
2497:  STOP  
1239:  STOP  
1233:  STOP  
1010:  STOP  
2586:  STOP  
1457:  STOP  
 586:  STOP  
2200:  STOP  
3112:  STOP  
1414:  STOP  
1476:  STOP  
 132:  STOP  
3532:  STOP  
1031:  STOP  
3190:  STOP  
 218:  STOP  
1756:  STOP  
2558:  STOP  
3413:  STOP  
1679:  STOP  
1674:  STOP  
 781:  STOP  
2398:  STOP  
2898:  STOP  
2376:  STOP  
1554:  STOP  
3200:  STOP  
2962:  STOP  
1241:  STOP  
3297:  STOP  
1774:  STOP  
2683:  STOP  
1213:  STOP  
1552:  STOP  
1925:  STOP  
1750:  STOP  
 954:  STOP  
2509:  STOP  
 723:  STOP  
1562:  STOP  
 388:  STOP  
2433:  STOP  
1820:  STOP  
 577:  STOP  
1804:  STOP  
3544:  STOP  
1859:  STOP  
1928:  STOP  
1158:  STOP  
2063:  STOP  
3659:  STOP  
2865:  STOP  
 807:  STOP  
 206:  STOP  
2607:  STOP  
1955:  STOP  
3549:  STOP  
2305:  STOP  
2483:  STOP  
1491:  STOP  
1076:  STOP  
2831:  STOP  
1377:  STOP  
2841:  STOP  
1764:  STOP  
 389:  STOP  
2072:  STOP  
2742:  STOP  
3362:  STOP  
2218:  STOP  
2125:  STOP  
1468:  STOP  
1543:  STOP  
1499:  STOP  
3328:  STOP  
2460:  STOP  
 755:  STOP  
1149:  STOP  
 426:  STOP  
3469:  STOP  
3665:  STOP  
1969:  STOP  
3418:  STOP  
3333:  STOP  
1333:  STOP  
 678:  STOP  
3478:  STOP  
3305:  STOP  
2677:  STOP  
3164:  STOP  
2747:  STOP  
2602:  STOP  
 996:  STOP  
 915:  STOP  
2604:  STOP  
 161:  STOP  
1448:  STOP  
2157:  STOP  
3562:  STOP  
1303:  STOP  
2919:  STOP  
3440:  STOP  
1107:  STOP  
3483:  STOP  
1147:  STOP  
2207:  STOP  
 769:  STOP  
1796:  STOP  
3276:  STOP  
2386:  STOP  
 347:  STOP  
   6:  STOP  
3661:  STOP  
3499:  STOP  
 301:  STOP  
2906:  STOP  
1378:  STOP  
1990:  STOP  
3677:  STOP  
2298:  STOP  
1077:  STOP  
3482:  STOP  
1350:  STOP  
1129:  STOP  
3480:  STOP  
3278:  STOP  
2560:  STOP  
2564:  STOP  
 522:  STOP  
3649:  STOP  
2201:  STOP  
1980:  STOP  
1078:  STOP  
2122:  STOP  
  28:  STOP  
2679:  STOP  
3547:  STOP  
 945:  STOP  
2102:  STOP  
 324:  STOP  
 849:  STOP  
2170:  STOP  
 526:  STOP  
1567:  STOP  
2147:  STOP  
  78:  STOP  
3094:  STOP  
2278:  STOP  
1563:  STOP  
1964:  STOP  
2086:  STOP  
3357:  STOP  
1894:  STOP  
 659:  STOP  
 712:  STOP  
1521:  STOP  
1231:  STOP  
2108:  STOP  
1685:  STOP  
2542:  STOP  
srun: Received task exit notification for 4 tasks of StepId=7593788.0 (status=0x0000).
1544:  STOP  
srun: nid000081: tasks 2482,2484,2486-2487: Completed
1758:  STOP  
1707:  STOP  
1254:  STOP  
2132:  STOP  
 294:  STOP  
2901:  STOP  
1663:  STOP  
1124:  STOP  
1577:  STOP  
1513:  STOP  
2840:  STOP  
  32:  STOP  
 146:  STOP  
 690:  STOP  
3669:  STOP  
2674:  STOP  
 216:  STOP  
3374:  STOP  
1208:  STOP  
1041:  STOP  
2138:  STOP  
3271:  STOP  
1985:  STOP  
 143:  STOP  
2778:  STOP  
3601:  STOP  
2233:  STOP  
 938:  STOP  
 687:  STOP  
3315:  STOP  
2318:  STOP  
3088:  STOP  
3067:  STOP  
1616:  STOP  
1021:  STOP  
2754:  STOP  
2316:  STOP  
 922:  STOP  
2221:  STOP  
1444:  STOP  
 999:  STOP  
 331:  STOP  
2563:  STOP  
1134:  STOP  
2066:  STOP  
 787:  STOP  
 539:  STOP  
2925:  STOP  
 254:  STOP  
 451:  STOP  
3229:  STOP  
2370:  STOP  
2020:  STOP  
3614:  STOP  
1455:  STOP  
2485:  STOP  
2253:  STOP  
3417:  STOP  
 958:  STOP  
 177:  STOP  
2032:  STOP  
 267:  STOP  
1362:  STOP  
 931:  STOP  
 453:  STOP  
3286:  STOP  
  14:  STOP  
srun: Received task exit notification for 6 tasks of StepId=7593788.0 (status=0x0000).
1481:  STOP  
srun: nid000043: tasks 1304-1308,1327: Completed
 559:  STOP  
 684:  STOP  
1427:  STOP  
3366:  STOP  
1697:  STOP  
 502:  STOP  
2446:  STOP  
2312:  STOP  
3085:  STOP  
2777:  STOP  
1578:  STOP  
3702:  STOP  
 962:  STOP  
srun: Received task exit notification for 5 tasks of StepId=7593788.0 (status=0x0000).
1342:  STOP  
srun: nid000085: tasks 2606,2608-2609,2611,2633: Completed
2457:  STOP  
3193:  STOP  
2299:  STOP  
1683:  STOP  
 510:  STOP  
3629:  STOP  
1601:  STOP  
1797:  STOP  
 411:  STOP  
2987:  STOP  
 743:  STOP  
2223:  STOP  
3618:  STOP  
 418:  STOP  
2770:  STOP  
3444:  STOP  
3416:  STOP  
1052:  STOP  
 675:  STOP  
3312:  STOP  
3114:  STOP  
1477:  STOP  
2967:  STOP  
2402:  STOP  
 306:  STOP  
2933:  STOP  
srun: Received task exit notification for 6 tasks of StepId=7593788.0 (status=0x0000).
1421:  STOP  
srun: nid000113: tasks 3473-3477,3501: Completed
 402:  STOP  
1456:  STOP  
2624:  STOP  
1747:  STOP  
2234:  STOP  
1221:  STOP  
1571:  STOP  
2553:  STOP  
 249:  STOP  
2605:  STOP  
2942:  STOP  
2741:  STOP  
1672:  STOP  
3685:  STOP  
1379:  STOP  
1998:  STOP  
1318:  STOP  
2058:  STOP  
3605:  STOP  
 269:  STOP  
3518:  STOP  
 189:  STOP  
 207:  STOP  
 773:  STOP  
1156:  STOP  
3025:  STOP  
 481:  STOP  
2853:  STOP  
2613:  STOP  
  45:  STOP  
2974:  STOP  
1498:  STOP  
1560:  STOP  
 266:  STOP  
1268:  STOP  
1566:  STOP  
2767:  STOP  
2449:  STOP  
 679:  STOP  
2856:  STOP  
2056:  STOP  
2361:  STOP  
2230:  STOP  
3492:  STOP  
1112:  STOP  
  50:  STOP  
1874:  STOP  
3314:  STOP  
3044:  STOP  
1865:  STOP  
 571:  STOP  
1920:  STOP  
3255:  STOP  
 223:  STOP  
3526:  STOP  
 176:  STOP  
 390:  STOP  
2550:  STOP  
 790:  STOP  
1472:  STOP  
1460:  STOP  
 691:  STOP  
 190:  STOP  
3130:  STOP  
3031:  STOP  
2709:  STOP  
2151:  STOP  
2725:  STOP  
2652:  STOP  
2663:  STOP  
1688:  STOP  
 956:  STOP  
1311:  STOP  
 661:  STOP  
1113:  STOP  
2280:  STOP  
3191:  STOP  
2005:  STOP  
2014:  STOP  
1719:  STOP  
2441:  STOP  
2905:  STOP  
3537:  STOP  
1999:  STOP  
1960:  STOP  
2681:  STOP  
1070:  STOP  
2488:  STOP  
2192:  STOP  
1251:  STOP  
  44:  STOP  
2882:  STOP  
2838:  STOP  
1300:  STOP  
  65:  STOP  
3487:  STOP  
1835:  STOP  
 116:  STOP  
1257:  STOP  
2119:  STOP  
2739:  STOP  
1053:  STOP  
 737:  STOP  
 765:  STOP  
2092:  STOP  
1502:  STOP  
 355:  STOP  
3503:  STOP  
 875:  STOP  
1440:  STOP  
 489:  STOP  
 757:  STOP  
1817:  STOP  
2424:  STOP  
 767:  STOP  
 566:  STOP  
 562:  STOP  
2006:  STOP  
 476:  STOP  
1439:  STOP  
2568:  STOP  
2153:  STOP  
1425:  STOP  
3666:  STOP  
2694:  STOP  
  72:  STOP  
2826:  STOP  
1497:  STOP  
3047:  STOP  
1315:  STOP  
2288:  STOP  
  61:  STOP  
3485:  STOP  
2810:  STOP  
2665:  STOP  
2751:  STOP  
2353:  STOP  
 778:  STOP  
2682:  STOP  
1682:  STOP  
2846:  STOP  
  52:  STOP  
1669:  STOP  
3617:  STOP  
2629:  STOP  
 574:  STOP  
3580:  STOP  
1503:  STOP  
3111:  STOP  
 495:  STOP  
 630:  STOP  
2816:  STOP  
2554:  STOP  
1840:  STOP  
 575:  STOP  
 747:  STOP  
1738:  STOP  
 903:  STOP  
3065:  STOP  
1849:  STOP  
 567:  STOP  
  63:  STOP  
 741:  STOP  
 311:  STOP  
2975:  STOP  
1381:  STOP  
  70:  STOP  
2783:  STOP  
3579:  STOP  
2247:  STOP  
3433:  STOP  
 517:  STOP  
2680:  STOP  
3589:  STOP  
 593:  STOP  
 929:  STOP  
2270:  STOP  
 432:  STOP  
3502:  STOP  
2800:  STOP  
2985:  STOP  
3493:  STOP  
 286:  STOP  
3338:  STOP  
3179:  STOP  
 327:  STOP  
3060:  STOP  
2787:  STOP  
3006:  STOP  
1945:  STOP  
 752:  STOP  
 636:  STOP  
2070:  STOP  
2496:  STOP  
 482:  STOP  
 457:  STOP  
3236:  STOP  
 943:  STOP  
1515:  STOP  
 158:  STOP  
2321:  STOP  
 107:  STOP  
1958:  STOP  
 172:  STOP  
1810:  STOP  
1952:  STOP  
1712:  STOP  
1722:  STOP  
3213:  STOP  
1489:  STOP  
2068:  STOP  
 721:  STOP  
 195:  STOP  
3678:  STOP  
1827:  STOP  
2565:  STOP  
2071:  STOP  
1451:  STOP  
2977:  STOP  
 768:  STOP  
2118:  STOP  
1184:  STOP  
 862:  STOP  
1217:  STOP  
1813:  STOP  
1394:  STOP  
 131:  STOP  
1189:  STOP  
2673:  STOP  
3274:  STOP  
1828:  STOP  
2693:  STOP  
 228:  STOP  
 274:  STOP  
3443:  STOP  
 836:  STOP  
1517:  STOP  
1345:  STOP  
1880:  STOP  
2323:  STOP  
1851:  STOP  
2212:  STOP  
2687:  STOP  
2685:  STOP  
3441:  STOP  
1469:  STOP  
 581:  STOP  
2585:  STOP  
3352:  STOP  
3564:  STOP  
2258:  STOP  
 414:  STOP  
 914:  STOP  
 303:  STOP  
 683:  STOP  
1689:  STOP  
3553:  STOP  
2645:  STOP  
2124:  STOP  
1045:  STOP  
2861:  STOP  
 794:  STOP  
2850:  STOP  
3038:  STOP  
3611:  STOP  
2796:  STOP  
 835:  STOP  
 886:  STOP  
2591:  STOP  
  86:  STOP  
 554:  STOP  
 488:  STOP  
2254:  STOP  
1004:  STOP  
1403:  STOP  
2806:  STOP  
2808:  STOP  
3415:  STOP  
2294:  STOP  
1904:  STOP  
3153:  STOP  
 406:  STOP  
2555:  STOP  
 546:  STOP  
3304:  STOP  
3285:  STOP  
2380:  STOP  
2788:  STOP  
 317:  STOP  
 368:  STOP  
 910:  STOP  
3673:  STOP  
3511:  STOP  
 372:  STOP  
 863:  STOP  
 815:  STOP  
3017:  STOP  
1146:  STOP  
 379:  STOP  
3001:  STOP  
 650:  STOP  
2923:  STOP  
3226:  STOP  
3414:  STOP  
1106:  STOP  
2265:  STOP  
3609:  STOP  
 493:  STOP  
2262:  STOP  
 746:  STOP  
3349:  STOP  
1546:  STOP  
1355:  STOP  
2971:  STOP  
2771:  STOP  
3385:  STOP  
  76:  STOP  
2502:  STOP  
1530:  STOP  
3420:  STOP  
3497:  STOP  
3626:  STOP  
 602:  STOP  
2060:  STOP  
2959:  STOP  
1141:  STOP  
 464:  STOP  
 203:  STOP  
1604:  STOP  
 883:  STOP  
2196:  STOP  
  73:  STOP  
2510:  STOP  
1645:  STOP  
3560:  STOP  
1883:  STOP  
1580:  STOP  
 239:  STOP  
 485:  STOP  
2062:  STOP  
3171:  STOP  
1506:  STOP  
3671:  STOP  
3161:  STOP  
3046:  STOP  
1858:  STOP  
 450:  STOP  
2619:  STOP  
3578:  STOP  
2890:  STOP  
1162:  STOP  
 728:  STOP  
 386:  STOP  
 620:  STOP  
2799:  STOP  
 215:  STOP  
 314:  STOP  
2069:  STOP  
2556:  STOP  
 542:  STOP  
2137:  STOP  
 647:  STOP  
  67:  STOP  
 628:  STOP  
2883:  STOP  
2598:  STOP  
 328:  STOP  
1760:  STOP  
 854:  STOP  
2654:  STOP  
3373:  STOP  
 516:  STOP  
2705:  STOP  
3222:  STOP  
 804:  STOP  
3714:  STOP  
 576:  STOP  
 942:  STOP  
2065:  STOP  
2617:  STOP  
 201:  STOP  
2892:  STOP  
3330:  STOP  
2610:  STOP  
 888:  STOP  
1390:  STOP  
1104:  STOP  
 693:  STOP  
2996:  STOP  
1693:  STOP  
 670:  STOP  
1504:  STOP  
1743:  STOP  
2913:  STOP  
1687:  STOP  
1446:  STOP  
3156:  STOP  
 467:  STOP  
1718:  STOP  
1229:  STOP  
3439:  STOP  
 944:  STOP  
2390:  STOP  
2494:  STOP  
2367:  STOP  
2140:  STOP  
3566:  STOP  
2183:  STOP  
 839:  STOP  
 789:  STOP  
1365:  STOP  
2805:  STOP  
2164:  STOP  
 430:  STOP  
1970:  STOP  
2466:  STOP  
2499:  STOP  
1452:  STOP  
1584:  STOP  
1615:  STOP  
2715:  STOP  
2562:  STOP  
3404:  STOP  
3341:  STOP  
3053:  STOP  
2222:  STOP  
 462:  STOP  
2989:  STOP  
1474:  STOP  
2875:  STOP  
1090:  STOP  
 791:  STOP  
1128:  STOP  
2635:  STOP  
3110:  STOP  
1702:  STOP  
1415:  STOP  
1713:  STOP  
1117:  STOP  
 635:  STOP  
2123:  STOP  
 380:  STOP  
2074:  STOP  
2481:  STOP  
   8:  STOP  
3389:  STOP  
 895:  STOP  
3709:  STOP  
3557:  STOP  
 165:  STOP  
3545:  STOP  
1075:  STOP  
3121:  STOP  
 979:  STOP  
 136:  STOP  
3066:  STOP  
1193:  STOP  
1588:  STOP  
1259:  STOP  
2647:  STOP  
 322:  STOP  
 475:  STOP  
   3:  STOP  
 125:  STOP  
2948:  STOP  
1222:  STOP  
2928:  STOP  
 144:  STOP  
 443:  STOP  
2241:  STOP  
1559:  STOP  
2127:  STOP  
2478:  STOP  
1410:  STOP  
1575:  STOP  
3030:  STOP  
1150:  STOP  
2620:  STOP  
1686:  STOP  
2215:  STOP  
2729:  STOP  
2073:  STOP  
 196:  STOP  
1500:  STOP  
3711:  STOP  
1778:  STOP  
 924:  STOP  
2817:  STOP  
 433:  STOP  
3241:  STOP  
3670:  STOP  
1723:  STOP  
3254:  STOP  
 833:  STOP  
1269:  STOP  
1613:  STOP  
1658:  STOP  
3494:  STOP  
2075:  STOP  
2116:  STOP  
1992:  STOP  
 199:  STOP  
 918:  STOP  
2141:  STOP  
 946:  STOP  
 505:  STOP  
1982:  STOP  
2438:  STOP  
 281:  STOP  
 834:  STOP  
3435:  STOP  
 973:  STOP  
2061:  STOP  
2559:  STOP  
2786:  STOP  
1248:  STOP  
3343:  STOP  
1752:  STOP  
 173:  STOP  
 494:  STOP  
2414:  STOP  
2120:  STOP  
 646:  STOP  
3358:  STOP  
 456:  STOP  
 295:  STOP  
3637:  STOP  
2632:  STOP  
3107:  STOP  
 923:  STOP  
 820:  STOP  
2165:  STOP  
2033:  STOP  
 826:  STOP  
1258:  STOP  
2692:  STOP  
 416:  STOP  
1264:  STOP  
3521:  STOP  
1289:  STOP  
3623:  STOP  
2217:  STOP  
1442:  STOP  
 597:  STOP  
1422:  STOP  
 976:  STOP  
3079:  STOP  
 211:  STOP  
 637:  STOP  
2167:  STOP  
2259:  STOP  
1253:  STOP  
3394:  STOP  
2946:  STOP  
2997:  STOP  
3654:  STOP  
1450:  STOP  
 823:  STOP  
 861:  STOP  
3324:  STOP  
3335:  STOP  
1619:  STOP  
2407:  STOP  
1279:  STOP  
1051:  STOP  
 816:  STOP  
1223:  STOP  
3056:  STOP  
1749:  STOP  
1404:  STOP  
2055:  STOP  
 805:  STOP  
  11:  STOP  
3176:  STOP  
2374:  STOP  
1372:  STOP  
3076:  STOP  
2382:  STOP  
 209:  STOP  
2261:  STOP  
2004:  STOP  
2504:  STOP  
3061:  STOP  
3293:  STOP  
1807:  STOP  
2255:  STOP  
3192:  STOP  
 583:  STOP  
3187:  STOP  
1936:  STOP  
2649:  STOP  
1081:  STOP  
1812:  STOP  
 399:  STOP  
1965:  STOP  
1063:  STOP  
1732:  STOP  
 649:  STOP  
2078:  STOP  
2957:  STOP  
2621:  STOP  
2043:  STOP  
 288:  STOP  
 354:  STOP  
3115:  STOP  
1909:  STOP  
3686:  STOP  
 235:  STOP  
3140:  STOP  
  88:  STOP  
3419:  STOP  
2025:  STOP  
3299:  STOP  
3340:  STOP  
2346:  STOP  
 736:  STOP  
1084:  STOP  
 278:  STOP  
 520:  STOP  
3620:  STOP  
1224:  STOP  
2755:  STOP  
1039:  STOP  
1383:  STOP  
3322:  STOP  
3240:  STOP  
2552:  STOP  
 704:  STOP  
1954:  STOP  
2943:  STOP  
3109:  STOP  
1328:  STOP  
3071:  STOP  
2193:  STOP  
3326:  STOP  
 909:  STOP  
3294:  STOP  
2190:  STOP  
 819:  STOP  
 277:  STOP  
 837:  STOP  
1337:  STOP  
1094:  STOP  
1786:  STOP  
 330:  STOP  
2809:  STOP  
 413:  STOP  
1012:  STOP  
1993:  STOP  
3687:  STOP  
2588:  STOP  
2271:  STOP  
 237:  STOP  
1725:  STOP  
1748:  STOP  
 953:  STOP  
 588:  STOP  
 696:  STOP  
 212:  STOP  
 261:  STOP  
 104:  STOP  
3481:  STOP  
 224:  STOP  
2691:  STOP  
2818:  STOP  
1374:  STOP  
2136:  STOP  
3436:  STOP  
 901:  STOP  
1458:  STOP  
1334:  STOP  
 194:  STOP  
3182:  STOP  
 264:  STOP  
  85:  STOP  
1453:  STOP  
 753:  STOP  
2625:  STOP  
 897:  STOP  
 187:  STOP  
3556:  STOP  
2886:  STOP  
2944:  STOP  
2592:  STOP  
 827:  STOP  
3141:  STOP  
1363:  STOP  
 941:  STOP  
1623:  STOP  
2130:  STOP  
 460:  STOP  
 718:  STOP  
 490:  STOP  
2814:  STOP  
2631:  STOP  
3625:  STOP  
 876:  STOP  
1000:  STOP  
1696:  STOP  
   9:  STOP  
 952:  STOP  
1695:  STOP  
3428:  STOP  
 185:  STOP  
2746:  STOP  
3546:  STOP  
2189:  STOP  
1694:  STOP  
1066:  STOP  
 334:  STOP  
 645:  STOP  
3048:  STOP  
3172:  STOP  
2851:  STOP  
 442:  STOP  
 504:  STOP  
 821:  STOP  
1512:  STOP  
2179:  STOP  
2811:  STOP  
2231:  STOP  
 584:  STOP  
1808:  STOP  
 634:  STOP  
3431:  STOP  
 452:  STOP  
 536:  STOP  
2812:  STOP  
 758:  STOP  
 541:  STOP  
2089:  STOP  
 701:  STOP  
 919:  STOP  
1579:  STOP  
1199:  STOP  
1433:  STOP  
1864:  STOP  
1529:  STOP  
1794:  STOP  
1465:  STOP  
 133:  STOP  
  37:  STOP  
2791:  STOP  
1931:  STOP  
 633:  STOP  
1901:  STOP  
2965:  STOP  
1565:  STOP  
2762:  STOP  
1910:  STOP  
2252:  STOP  
 326:  STOP  
2584:  STOP  
2039:  STOP  
2924:  STOP  
3363:  STOP  
1637:  STOP  
3092:  STOP  
2616:  STOP  
3569:  STOP  
 210:  STOP  
  12:  STOP  
 253:  STOP  
 904:  STOP  
2206:  STOP  
1511:  STOP  
1062:  STOP  
1573:  STOP  
 610:  STOP  
1731:  STOP  
2551:  STOP  
1131:  STOP  
1127:  STOP  
3214:  STOP  
3234:  STOP  
1454:  STOP  
1789:  STOP  
1933:  STOP  
3325:  STOP  
1814:  STOP  
 461:  STOP  
1009:  STOP  
2047:  STOP  
1692:  STOP  
2355:  STOP  
1022:  STOP  
2798:  STOP  
1332:  STOP  
1733:  STOP  
3495:  STOP  
2277:  STOP  
 930:  STOP  
3129:  STOP  
3016:  STOP  
 213:  STOP  
1549:  STOP  
1249:  STOP  
2162:  STOP  
2860:  STOP  
3339:  STOP  
2250:  STOP  
1510:  STOP  
 889:  STOP  
1941:  STOP  
2877:  STOP  
 473:  STOP  
3668:  STOP  
 305:  STOP  
 772:  STOP  
2198:  STOP  
1746:  STOP  
1606:  STOP  
1190:  STOP  
1133:  STOP  
1574:  STOP  
 745:  STOP  
1255:  STOP  
3204:  STOP  
2427:  STOP  
2636:  STOP  
2431:  STOP  
2272:  STOP  
 323:  STOP  
2662:  STOP  
  29:  STOP  
3202:  STOP  
2756:  STOP  
1622:  STOP  
1360:  STOP  
1888:  STOP  
 445:  STOP  
 183:  STOP  
 101:  STOP  
2388:  STOP  
 512:  STOP  
1572:  STOP  
2128:  STOP  
3195:  STOP  
1763:  STOP  
3331:  STOP  
2171:  STOP  
1200:  STOP  
1854:  STOP  
2579:  STOP  
3486:  STOP  
2900:  STOP  
 319:  STOP  
 579:  STOP  
2719:  STOP  
1819:  STOP  
1569:  STOP  
2813:  STOP  
2993:  STOP  
3004:  STOP  
3384:  STOP  
1570:  STOP  
3301:  STOP  
2599:  STOP  
1772:  STOP  
 186:  STOP  
3409:  STOP  
1525:  STOP  
 641:  STOP  
2054:  STOP  
 907:  STOP  
1994:  STOP  
 797:  STOP  
 828:  STOP  
 742:  STOP  
3273:  STOP  
2603:  STOP  
 951:  STOP  
2418:  STOP  
2368:  STOP  
1463:  STOP  
1195:  STOP  
3672:  STOP  
 631:  STOP  
2182:  STOP  
3619:  STOP  
2185:  STOP  
3368:  STOP  
1252:  STOP  
 617:  STOP  
 156:  STOP  
2570:  STOP  
1595:  STOP  
2315:  STOP  
2184:  STOP  
2819:  STOP  
2557:  STOP  
1509:  STOP  
3386:  STOP  
 964:  STOP  
 259:  STOP  
3454:  STOP  
1441:  STOP  
1870:  STOP  
 960:  STOP  
1963:  STOP  
3275:  STOP  
1207:  STOP  
3378:  STOP  
 139:  STOP  
1089:  STOP  
2998:  STOP  
1576:  STOP  
3406:  STOP  
  54:  STOP  
1871:  STOP  
 471:  STOP  
 454:  STOP  
2947:  STOP  
1178:  STOP  
 157:  STOP  
1519:  STOP  
 643:  STOP  
2191:  STOP  
1407:  STOP  
3354:  STOP  
 383:  STOP  
2922:  STOP  
2843:  STOP  
3252:  STOP  
1782:  STOP  
1684:  STOP  
 716:  STOP  
 568:  STOP  
3688:  STOP  
2392:  STOP  
2578:  STOP  
3708:  STOP  
3369:  STOP  
1997:  STOP  
3705:  STOP  
1384:  STOP  
3718:  STOP  
 523:  STOP  
 655:  STOP  
1069:  STOP  
1781:  STOP  
 706:  STOP  
 506:  STOP  
 463:  STOP  
1783:  STOP  
1629:  STOP  
2245:  STOP  
2711:  STOP  
 619:  STOP  
1132:  STOP  
1261:  STOP  
3124:  STOP  
  79:  STOP  
1019:  STOP  
2134:  STOP  
 603:  STOP  
1834:  STOP  
1730:  STOP  
1005:  STOP  
3371:  STOP  
1648:  STOP  
 387:  STOP  
 760:  STOP  
  36:  STOP  
3621:  STOP  
1822:  STOP  
1922:  STOP  
 214:  STOP  
1320:  STOP  
2283:  STOP  
1932:  STOP  
1325:  STOP  
2133:  STOP  
1092:  STOP  
3516:  STOP  
 939:  STOP  
 154:  STOP  
3262:  STOP  
 242:  STOP  
 887:  STOP  
3716:  STOP  
3585:  STOP  
1204:  STOP  
1641:  STOP  
3551:  STOP  
2941:  STOP  
2426:  STOP  
1981:  STOP  
2639:  STOP  
  71:  STOP  
  91:  STOP  
3457:  STOP  
3318:  STOP  
 700:  STOP  
1036:  STOP  
1065:  STOP  
3653:  STOP  
1488:  STOP  
 320:  STOP  
 600:  STOP  
2470:  STOP  
3500:  STOP  
2661:  STOP  
 245:  STOP  
1358:  STOP  
1632:  STOP  
1966:  STOP  
1285:  STOP  
1250:  STOP  
1811:  STOP  
1438:  STOP  
2822:  STOP  
  15:  STOP  
2491:  STOP  
2018:  STOP  
3365:  STOP  
  20:  STOP  
3181:  STOP  
 338:  STOP  
1934:  STOP  
3680:  STOP  
1352:  STOP  
 864:  STOP  
3209:  STOP  
1154:  STOP  
3097:  STOP  
2597:  STOP  
 137:  STOP  
 448:  STOP  
2803:  STOP  
  49:  STOP  
3005:  STOP  
 244:  STOP  
 806:  STOP  
 825:  STOP  
3593:  STOP  
2289:  STOP  
1508:  STOP  
2076:  STOP  
 948:  STOP  
3606:  STOP  
 950:  STOP  
3370:  STOP  
2256:  STOP  
3205:  STOP  
1237:  STOP  
1336:  STOP  
2332:  STOP  
 202:  STOP  
1846:  STOP  
2337:  STOP  
 208:  STOP  
2317:  STOP  
 459:  STOP  
 167:  STOP  
1967:  STOP  
2834:  STOP  
1771:  STOP  
2285:  STOP  
 912:  STOP  
 222:  STOP  
  53:  STOP  
 410:  STOP  
 544:  STOP  
2745:  STOP  
 955:  STOP  
 705:  STOP  
2717:  STOP  
1125:  STOP  
1809:  STOP  
1110:  STOP  
1850:  STOP  
1002:  STOP  
2772:  STOP  
1364:  STOP  
 487:  STOP  
2251:  STOP  
1699:  STOP  
2244:  STOP  
 672:  STOP  
3313:  STOP  
1591:  STOP  
 762:  STOP  
3535:  STOP  
3292:  STOP  
 764:  STOP  
1824:  STOP  
2815:  STOP  
2443:  STOP  
1471:  STOP  
2489:  STOP  
2430:  STOP  
2952:  STOP  
2750:  STOP  
1776:  STOP  
1475:  STOP  
1256:  STOP  
2181:  STOP  
1972:  STOP  
 648:  STOP  
1691:  STOP  
2650:  STOP  
1769:  STOP  
2848:  STOP  
3455:  STOP  
2159:  STOP  
1016:  STOP  
3334:  STOP  
 733:  STOP  
 400:  STOP  
 984:  STOP  
1144:  STOP  
 396:  STOP  
3563:  STOP  
2248:  STOP  
  97:  STOP  
2929:  STOP  
3127:  STOP  
2242:  STOP  
  59:  STOP  
2351:  STOP  
 846:  STOP  
  30:  STOP  
3170:  STOP  
 543:  STOP  
1312:  STOP  
  26:  STOP  
3645:  STOP  
2493:  STOP  
3235:  STOP  
 272:  STOP  
 182:  STOP  
1868:  STOP  
3603:  STOP  
3689:  STOP  
1843:  STOP  
1885:  STOP  
1662:  STOP  
1628:  STOP  
2150:  STOP  
1319:  STOP  
3022:  STOP  
2932:  STOP  
2309:  STOP  
1343:  STOP  
2749:  STOP  
3361:  STOP  
1943:  STOP  
3558:  STOP  
1487:  STOP  
3003:  STOP  
3657:  STOP  
 573:  STOP  
1263:  STOP  
2945:  STOP  
2984:  STOP  
3643:  STOP  
 818:  STOP  
2240:  STOP  
3641:  STOP  
3116:  STOP  
 831:  STOP  
1220:  STOP  
3541:  STOP  
1821:  STOP  
2131:  STOP  
3587:  STOP  
2186:  STOP  
2434:  STOP  
 726:  STOP  
2618:  STOP  
2304:  STOP  
3717:  STOP  
2115:  STOP  
2187:  STOP  
 164:  STOP  
1690:  STOP  
  87:  STOP  
2302:  STOP  
3375:  STOP  
2347:  STOP  
1548:  STOP  
  38:  STOP  
 921:  STOP  
3527:  STOP  
3253:  STOP  
 169:  STOP  
3426:  STOP  
 580:  STOP  
3479:  STOP  
 708:  STOP  
1710:  STOP  
 959:  STOP  
 777:  STOP  
3059:  STOP  
 949:  STOP  
1496:  STOP  
3002:  STOP  
  19:  STOP  
3302:  STOP  
1844:  STOP  
1302:  STOP  
 391:  STOP  
 247:  STOP  
 639:  STOP  
 393:  STOP  
 761:  STOP  
 151:  STOP  
1159:  STOP  
1979:  STOP  
2938:  STOP  
3117:  STOP  
3028:  STOP  
 362:  STOP  
3682:  STOP  
 540:  STOP  
3089:  STOP  
1806:  STOP  
3355:  STOP  
1633:  STOP  
1611:  STOP  
 321:  STOP  
2648:  STOP  
1568:  STOP  
2067:  STOP  
1996:  STOP  
2994:  STOP  
2406:  STOP  
1751:  STOP  
 756:  STOP  
3263:  STOP  
3674:  STOP  
1464:  STOP  
 429:  STOP  
 469:  STOP  
2243:  STOP  
2935:  STOP  
3640:  STOP  
3221:  STOP  
3058:  STOP  
 832:  STOP  
1937:  STOP  
3295:  STOP  
2753:  STOP  
3243:  STOP  
1564:  STOP  
 662:  STOP  
1266:  STOP  
 332:  STOP  
2507:  STOP  
2142:  STOP  
1753:  STOP  
3078:  STOP  
3407:  STOP  
3462:  STOP  
3572:  STOP  
2498:  STOP  
1322:  STOP  
2934:  STOP  
1091:  STOP  
1032:  STOP  
2847:  STOP  
1034:  STOP  
1625:  STOP  
 906:  STOP  
3425:  STOP  
 695:  STOP  
2260:  STOP  
2657:  STOP  
1857:  STOP  
 844:  STOP  
2628:  STOP  
 335:  STOP  
 398:  STOP  
2455:  STOP  
2740:  STOP  
2279:  STOP  
3300:  STOP  
3491:  STOP  
 916:  STOP  
3074:  STOP  
2320:  STOP  
3231:  STOP  
1626:  STOP  
3259:  STOP  
3245:  STOP  
 830:  STOP  
1940:  STOP  
3484:  STOP  
 709:  STOP  
1592:  STOP  
2369:  STOP  
1353:  STOP  
1416:  STOP  
2227:  STOP  
3655:  STOP  
 882:  STOP  
3695:  STOP  
2467:  STOP  
2188:  STOP  
 258:  STOP  
 519:  STOP  
1514:  STOP  
3540:  STOP  
3396:  STOP  
 878:  STOP  
3320:  STOP  
 458:  STOP  
 905:  STOP  
1214:  STOP  
1501:  STOP  
2377:  STOP  
3215:  STOP  
 122:  STOP  
3009:  STOP  
2780:  STOP  
1977:  STOP  
3026:  STOP  
 262:  STOP  
3360:  STOP  
2615:  STOP  
1087:  STOP  
 740:  STOP  
3584:  STOP  
1206:  STOP  
3261:  STOP  
 513:  STOP  
2146:  STOP  
2311:  STOP  
 803:  STOP  
  42:  STOP  
 802:  STOP  
1651:  STOP  
2440:  STOP  
 153:  STOP  
2107:  STOP  
3505:  STOP  
1914:  STOP  
1236:  STOP  
3401:  STOP  
1825:  STOP  
 776:  STOP  
 585:  STOP  
2701:  STOP  
3676:  STOP  
1706:  STOP  
1103:  STOP  
 397:  STOP  
1331:  STOP  
 981:  STOP  
 578:  STOP  
2396:  STOP  
2030:  STOP  
1944:  STOP  
2508:  STOP  
2027:  STOP  
2432:  STOP  
 511:  STOP  
1815:  STOP  
3199:  STOP  
1029:  STOP  
2007:  STOP  
2228:  STOP  
2623:  STOP  
3054:  STOP  
1418:  STOP  
1126:  STOP  
2194:  STOP  
 425:  STOP  
1589:  STOP  
2863:  STOP  
1314:  STOP  
3247:  STOP  
3311:  STOP  
1557:  STOP  
1919:  STOP  
3272:  STOP  
2199:  STOP  
 184:  STOP  
 336:  STOP  
3108:  STOP  
2823:  STOP  
1401:  STOP  
3698:  STOP  
3068:  STOP  
2257:  STOP  
2084:  STOP  
 774:  STOP  
 604:  STOP  
 824:  STOP  
3257:  STOP  
3512:  STOP  
 829:  STOP  
2103:  STOP  
2429:  STOP  
 611:  STOP  
 221:  STOP  
2896:  STOP  
3175:  STOP  
1757:  STOP  
 339:  STOP  
 795:  STOP  
  57:  STOP  
1177:  STOP  
1892:  STOP  
3612:  STOP  
 660:  STOP  
3550:  STOP  
1745:  STOP  
3367:  STOP  
 920:  STOP  
  18:  STOP  
3013:  STOP  
 449:  STOP  
2891:  STOP  
2091:  STOP  
1135:  STOP  
2160:  STOP  
 117:  STOP  
 780:  STOP  
1947:  STOP  
3421:  STOP  
 966:  STOP  
 868:  STOP  
2023:  STOP  
1621:  STOP  
2204:  STOP  
3303:  STOP  
2659:  STOP  
2736:  STOP  
 703:  STOP  
3296:  STOP  
 141:  STOP  
2180:  STOP  
2768:  STOP  
1424:  STOP  
2011:  STOP  
2931:  STOP  
3037:  STOP  
3083:  STOP  
3208:  STOP  
1561:  STOP  
1787:  STOP  
3458:  STOP  
 412:  STOP  
 614:  STOP  
2008:  STOP  
 525:  STOP  
3073:  STOP  
1975:  STOP  
3306:  STOP  
1483:  STOP  
2354:  STOP  
3310:  STOP  
2640:  STOP  
 616:  STOP  
 865:  STOP  
3372:  STOP  
2053:  STOP  
1698:  STOP  
1600:  STOP  
3561:  STOP  
 124:  STOP  
 598:  STOP  
 514:  STOP  
3133:  STOP  
3624:  STOP  
3608:  STOP  
2145:  STOP  
2801:  STOP  
1136:  STOP  
2802:  STOP  
1605:  STOP  
3151:  STOP  
2758:  STOP  
 926:  STOP  
 472:  STOP  
2737:  STOP  
2463:  STOP  
2658:  STOP  
1795:  STOP  
1650:  STOP  
 529:  STOP  
2026:  STOP  
1863:  STOP  
2428:  STOP  
3093:  STOP  
2232:  STOP  
2907:  STOP  
1014:  STOP  
1768:  STOP  
2246:  STOP  
1068:  STOP  
 969:  STOP  
2825:  STOP  
2219:  STOP  
 652:  STOP  
3345:  STOP  
 420:  STOP  
2349:  STOP  
1636:  STOP  
1470:  STOP  
 361:  STOP  
 980:  STOP  
2410:  STOP  
 150:  STOP  
2889:  STOP  
 333:  STOP  
 112:  STOP  
2995:  STOP  
3173:  STOP  
2706:  STOP  
 309:  STOP  
 537:  STOP  
3268:  STOP  
 759:  STOP  
1079:  STOP  
2379:  STOP  
 370:  STOP  
2322:  STOP  
 710:  STOP  
2291:  STOP  
1228:  STOP  
1074:  STOP  
1729:  STOP  
1823:  STOP  
 601:  STOP  
 152:  STOP  
2036:  STOP  
 711:  STOP  
 394:  STOP  
1609:  STOP  
1887:  STOP  
3613:  STOP  
2411:  STOP  
1889:  STOP  
1049:  STOP  
1612:  STOP  
 508:  STOP  
 479:  STOP  
2600:  STOP  
1842:  STOP  
1878:  STOP  
 702:  STOP  
 798:  STOP  
1139:  STOP  
 763:  STOP  
2381:  STOP  
 166:  STOP  
2282:  STOP  
 521:  STOP  
 917:  STOP  
2964:  STOP  
1527:  STOP  
2094:  STOP  
3329:  STOP  
 509:  STOP  
2868:  STOP  
  43:  STOP  
1673:  STOP  
2895:  STOP  
1391:  STOP  
1959:  STOP  
3298:  STOP  
 329:  STOP  
 408:  STOP  
1867:  STOP  
1906:  STOP  
 238:  STOP  
2479:  STOP  
1759:  STOP  
3348:  STOP  
3307:  STOP  
 842:  STOP  
 477:  STOP  
3070:  STOP  
3267:  STOP  
3250:  STOP  
 668:  STOP  
1072:  STOP  
 913:  STOP  
1153:  STOP  
 241:  STOP  
 340:  STOP  
1735:  STOP  
  58:  STOP  
2041:  STOP  
 572:  STOP  
2991:  STOP  
 582:  STOP  
2937:  STOP  
1015:  STOP  
3422:  STOP  
 963:  STOP  
1744:  STOP  
 535:  STOP  
2469:  STOP  
3052:  STOP  
 694:  STOP  
 722:  STOP  
2774:  STOP  
  80:  STOP  
1194:  STOP  
 707:  STOP  
1929:  STOP  
2451:  STOP  
3203:  STOP  
1898:  STOP  
 786:  STOP  
2384:  STOP  
3490:  STOP  
1100:  STOP  
3163:  STOP  
1720:  STOP  
1003:  STOP  
3498:  STOP  
1166:  STOP  
1946:  STOP  
2930:  STOP  
 405:  STOP  
1316:  STOP  
3684:  STOP  
2738:  STOP  
 181:  STOP  
2000:  STOP  
2582:  STOP  
 148:  STOP  
3251:  STOP  
1326:  STOP  
3162:  STOP  
1375:  STOP  
2408:  STOP  
 179:  STOP  
2274:  STOP  
1216:  STOP  
2702:  STOP  
2775:  STOP  
1386:  STOP  
2099:  STOP  
3087:  STOP  
3265:  STOP  
2456:  STOP  
2829:  STOP  
 367:  STOP  
3594:  STOP  
3123:  STOP  
  51:  STOP  
1877:  STOP  
 738:  STOP  
1599:  STOP  
2178:  STOP  
3448:  STOP  
 557:  STOP  
2168:  STOP  
3515:  STOP  
3690:  STOP  
3520:  STOP  
2002:  STOP  
 538:  STOP  
1232:  STOP  
1766:  STOP  
1400:  STOP  
1681:  STOP  
1027:  STOP  
3137:  STOP  
1467:  STOP  
3246:  STOP  
1142:  STOP  
3146:  STOP  
2988:  STOP  
3554:  STOP  
3143:  STOP  
3232:  STOP  
 896:  STOP  
1187:  STOP  
3237:  STOP  
3592:  STOP  
1196:  STOP  
1916:  STOP  
2012:  STOP  
3081:  STOP  
3552:  STOP  
1872:  STOP  
3555:  STOP  
1130:  STOP  
  92:  STOP  
 145:  STOP  
1853:  STOP  
3591:  STOP  
 352:  STOP  
3581:  STOP  
2284:  STOP  
3096:  STOP  
 673:  STOP  
3543:  STOP  
1542:  STOP  
2894:  STOP  
  77:  STOP  
 596:  STOP  
2365:  STOP  
1191:  STOP  
 676:  STOP  
 134:  STOP  
1793:  STOP  
3681:  STOP  
 879:  STOP  
1008:  STOP  
2495:  STOP  
1765:  STOP  
2335:  STOP  
 782:  STOP  
2210:  STOP  
 987:  STOP  
1831:  STOP  
1292:  STOP  
3447:  STOP  
  23:  STOP  
3332:  STOP  
  25:  STOP  
1624:  STOP  
3090:  STOP  
 967:  STOP  
3346:  STOP  
1286:  STOP  
 697:  STOP  
1837:  STOP  
 682:  STOP  
1638:  STOP  
1667:  STOP  
2589:  STOP  
1590:  STOP  
3531:  STOP  
3178:  STOP  
2893:  STOP  
2593:  STOP  
3064:  STOP  
3242:  STOP  
1398:  STOP  
2352:  STOP  
2949:  STOP  
 392:  STOP  
2373:  STOP  
2412:  STOP  
1767:  STOP  
3459:  STOP  
1948:  STOP  
2651:  STOP  
2409:  STOP  
2503:  STOP  
3514:  STOP  
1790:  STOP  
 518:  STOP  
 801:  STOP  
1721:  STOP  
1913:  STOP  
 423:  STOP  
 793:  STOP  
3627:  STOP  
2653:  STOP  
1346:  STOP  
 720:  STOP  
1323:  STOP  
3180:  STOP  
3364:  STOP  
 421:  STOP  
3045:  STOP  
2042:  STOP  
 725:  STOP  
 613:  STOP  
3051:  STOP  
3062:  STOP  
2403:  STOP  
 974:  STOP  
2405:  STOP  
2576:  STOP  
1197:  STOP  
3119:  STOP  
3630:  STOP  
 114:  STOP  
 293:  STOP  
3219:  STOP  
 174:  STOP  
1280:  STOP  
1644:  STOP  
2785:  STOP  
2908:  STOP  
1886:  STOP  
2447:  STOP  
2009:  STOP  
 587:  STOP  
1064:  STOP  
  47:  STOP  
 427:  STOP  
 927:  STOP  
2156:  STOP  
 480:  STOP  
1212:  STOP  
1067:  STOP  
  89:  STOP  
2839:  STOP  
  60:  STOP  
2038:  STOP  
2789:  STOP  
 985:  STOP  
 135:  STOP  
2435:  STOP  
 788:  STOP  
2784:  STOP  
1321:  STOP  
1973:  STOP  
 325:  STOP  
3128:  STOP  
  35:  STOP  
2017:  STOP  
2350:  STOP  
2152:  STOP  
1603:  STOP  
1620:  STOP  
 419:  STOP  
 908:  STOP  
3308:  STOP  
 784:  STOP  
1660:  STOP  
 730:  STOP  
3075:  STOP  
3309:  STOP  
2310:  STOP  
3233:  STOP  
2501:  STOP  
  10:  STOP  
1956:  STOP  
3388:  STOP  
3184:  STOP  
 106:  STOP  
 280:  STOP  
 468:  STOP  
 300:  STOP  
1310:  STOP  
3427:  STOP  
3359:  STOP  
1659:  STOP  
3283:  STOP  
 894:  STOP  
3398:  STOP  
2638:  STOP  
2021:  STOP  
 507:  STOP  
1408:  STOP  
 744:  STOP  
3217:  STOP  
2211:  STOP  
 884:  STOP  
  83:  STOP  
1020:  STOP  
2090:  STOP  
1188:  STOP  
 170:  STOP  
1784:  STOP  
1957:  STOP  
2664:  STOP  
1198:  STOP  
1646:  STOP  
3264:  STOP  
1818:  STOP  
3488:  STOP  
2743:  STOP  
2169:  STOP  
1071:  STOP  
1798:  STOP  
2506:  STOP  
3248:  STOP  
2764:  STOP  
 533:  STOP  
2926:  STOP  
3461:  STOP  
1230:  STOP  
1709:  STOP  
3586:  STOP  
3125:  STOP  
2195:  STOP  
 270:  STOP  
1905:  STOP  
 796:  STOP  
 891:  STOP  
3055:  STOP  
3639:  STOP  
2505:  STOP  
1856:  STOP  
3548:  STOP  
2622:  STOP  
2721:  STOP  
3120:  STOP  
1630:  STOP  
 925:  STOP  
3183:  STOP  
2319:  STOP  
2010:  STOP  
3152:  STOP  
2415:  STOP  
2307:  STOP  
1348:  STOP  
2999:  STOP  
1095:  STOP  
1461:  STOP  
2779:  STOP  
 348:  STOP  
 307:  STOP  
2590:  STOP  
2308:  STOP  
 147:  STOP  
1354:  STOP  
 265:  STOP  
1038:  STOP  
  16:  STOP  
 599:  STOP  
  24:  STOP  
2024:  STOP  
1389:  STOP  
2425:  STOP  
1317:  STOP  
 989:  STOP  
  95:  STOP  
1406:  STOP  
2003:  STOP  
3086:  STOP  
 666:  STOP  
2927:  STOP  
1186:  STOP  
1938:  STOP  
2163:  STOP  
3280:  STOP  
1531:  STOP  
1852:  STOP  
1949:  STOP  
1324:  STOP  
 653:  STOP  
1385:  STOP  
3319:  STOP  
3377:  STOP  
1080:  STOP  
2394:  STOP  
2161:  STOP  
1309:  STOP  
 257:  STOP  
3700:  STOP  
1114:  STOP  
3712:  STOP  
 310:  STOP  
2873:  STOP  
1655:  STOP  
3403:  STOP  
1873:  STOP  
3095:  STOP  
 229:  STOP  
  81:  STOP  
1085:  STOP  
1780:  STOP  
 304:  STOP  
3442:  STOP  
3186:  STOP  
2646:  STOP  
1099:  STOP  
1202:  STOP  
 434:  STOP  
2765:  STOP  
 491:  STOP  
1083:  STOP  
1109:  STOP  
 754:  STOP  
2748:  STOP  
1115:  STOP  
1845:  STOP  
 549:  STOP  
 478:  STOP  
 766:  STOP  
3693:  STOP  
3472:  STOP  
3169:  STOP  
2626:  STOP  
1388:  STOP  
3489:  STOP  
2083:  STOP  
 417:  STOP  
 555:  STOP  
1978:  STOP  
1393:  STOP  
2492:  STOP  
 275:  STOP  
2983:  STOP  
2417:  STOP  
1108:  STOP  
 715:  STOP  
2888:  STOP  
3525:  STOP  
 431:  STOP  
 470:  STOP  
1339:  STOP  
 263:  STOP  
  21:  STOP  
 892:  STOP  
1387:  STOP  
3423:  STOP  
1101:  STOP  
 524:  STOP  
1082:  STOP  
 893:  STOP  
3327:  STOP  
1792:  STOP  
2885:  STOP  
2436:  STOP  
2720:  STOP  
 532:  STOP  
3100:  STOP  
1145:  STOP  
1001:  STOP  
3588:  STOP  
 978:  STOP  
3449:  STOP  
  22:  STOP  
 785:  STOP  
3154:  STOP  
2341:  STOP  
 847:  STOP  
2708:  STOP  
3432:  STOP  
3506:  STOP  
1635:  STOP  
 902:  STOP  
2143:  STOP  
1380:  STOP  
 531:  STOP  
1598:  STOP  
2614:  STOP  
2464:  STOP  
2830:  STOP  
 799:  STOP  
2955:  STOP  
1974:  STOP  
3438:  STOP  
 609:  STOP  
2327:  STOP  
1152:  STOP  
2587:  STOP  
 138:  STOP  
2500:  STOP  
 260:  STOP  
 180:  STOP  
3453:  STOP  
1033:  STOP  
2275:  STOP  
2601:  STOP  
1035:  STOP  
1116:  STOP  
2363:  STOP  
1773:  STOP  
1479:  STOP  
3575:  STOP  
2627:  STOP  
1762:  STOP  
1736:  STOP  
1995:  STOP  
2903:  STOP  
  84:  STOP  
3050:  STOP  
1900:  STOP  
3635:  STOP  
2336:  STOP  
2450:  STOP  
 612:  STOP  
2273:  STOP  
1011:  STOP  
 714:  STOP  
3596:  STOP  
3249:  STOP  
3534:  STOP  
1234:  STOP  
  90:  STOP  
3424:  STOP  
2445:  STOP  
2634:  STOP  
 351:  STOP  
 175:  STOP  
1240:  STOP  
3437:  STOP  
3317:  STOP  
2044:  STOP  
2951:  STOP  
3185:  STOP  
 246:  STOP  
1260:  STOP  
3188:  STOP  
1962:  STOP  
2726:  STOP  
 890:  STOP  
3033:  STOP  
3696:  STOP  
2334:  STOP  
 900:  STOP  
 570:  STOP  
 642:  STOP  
2833:  STOP  
 558:  STOP  
2314:  STOP  
2832:  STOP  
2097:  STOP  
1155:  STOP  
2144:  STOP  
2976:  STOP  
1226:  STOP  
1708:  STOP  
1532:  STOP  
 877:  STOP  
 364:  STOP  
2459:  STOP  
2100:  STOP  
2149:  STOP  
3000:  STOP  
1728:  STOP  
2400:  STOP  
1876:  STOP  
3713:  STOP  
3342:  STOP  
3508:  STOP  
 284:  STOP  
2330:  STOP  
1018:  STOP  
 855:  STOP  
3218:  STOP  
1631:  STOP  
3270:  STOP  
  48:  STOP  
 302:  STOP  
1061:  STOP  
2872:  STOP  
 178:  STOP  
 466:  STOP  
1976:  STOP  
2442:  STOP  
1634:  STOP  
2921:  STOP  
3570:  STOP  
1666:  STOP  
2575:  STOP  
3323:  STOP  
2644:  STOP  
3149:  STOP  
3568:  STOP  
1329:  STOP  
3015:  STOP  
3122:  STOP  
3206:  STOP  
1024:  STOP  
 486:  STOP  
2356:  STOP  
3390:  STOP  
1482:  STOP  
 171:  STOP  
1330:  STOP  
1484:  STOP  
3697:  STOP  
  34:  STOP  
 160:  STOP  
1399:  STOP  
1770:  STOP  
2776:  STOP  
2904:  STOP  
3392:  STOP  
2028:  STOP  
 105:  STOP  
 424:  STOP  
3634:  STOP  
1376:  STOP  
1007:  STOP  
3719:  STOP  
2824:  STOP  
1167:  STOP  
3430:  STOP  
 162:  STOP  
1882:  STOP  
 851:  STOP  
2956:  STOP  
2226:  STOP  
2416:  STOP  
  55:  STOP  
2286:  STOP  
1953:  STOP  
1420:  STOP  
3470:  STOP  
2001:  STOP  
 409:  STOP  
2364:  STOP  
3379:  STOP  
3145:  STOP  
  62:  STOP  
1411:  STOP  
1301:  STOP  
 287:  STOP  
2166:  STOP  
3393:  STOP  
2643:  STOP  
1848:  STOP  
1839:  STOP  
 590:  STOP  
2437:  STOP  
 717:  STOP  
1218:  STOP  
  82:  STOP  
2630:  STOP  
2961:  STOP  
1727:  STOP  
 880:  STOP  
3704:  STOP  
3118:  STOP  
 885:  STOP  
1163:  STOP  
 735:  STOP  
 226:  STOP  
3397:  STOP  
3135:  STOP  
 968:  STOP  
2229:  STOP  
  13:  STOP  
1211:  STOP  
1716:  STOP  
2366:  STOP  
2477:  STOP  
2641:  STOP  
3224:  STOP  
1610:  STOP  
2862:  STOP  
 971:  STOP  
1869:  STOP  
1836:  STOP  
1875:  STOP  
 553:  STOP  
 965:  STOP  
2105:  STOP  
2344:  STOP  
 858:  STOP  
 792:  STOP  
2594:  STOP  
3336:  STOP  
1486:  STOP  
2472:  STOP  
3607:  STOP  
3631:  STOP  
3010:  STOP  
2331:  STOP  
3615:  STOP  
 724:  STOP  
2224:  STOP  
1791:  STOP  
2723:  STOP  
 366:  STOP  
1785:  STOP  
 484:  STOP  
1715:  STOP  
3150:  STOP  
3467:  STOP  
1902:  STOP  
 779:  STOP  
 665:  STOP  
1340:  STOP  
1647:  STOP  
2836:  STOP  
2093:  STOP  
1175:  STOP  
3523:  STOP  
1396:  STOP  
  40:  STOP  
2763:  STOP  
2154:  STOP  
1210:  STOP  
 227:  STOP  
2399:  STOP  
1539:  STOP  
 547:  STOP  
1911:  STOP  
3321:  STOP  
2022:  STOP  
1602:  STOP  
2452:  STOP  
2728:  STOP  
3517:  STOP  
2972:  STOP  
2782:  STOP  
1044:  STOP  
1832:  STOP  
1293:  STOP  
 291:  STOP  
1397:  STOP  
1593:  STOP  
3400:  STOP  
2940:  STOP  
3573:  STOP  
1841:  STOP  
2372:  STOP  
1040:  STOP  
2378:  STOP  
3155:  STOP  
3571:  STOP  
1847:  STOP  
1151:  STOP  
1587:  STOP  
3380:  STOP  
3715:  STOP  
 142:  STOP  
1037:  STOP  
1912:  STOP  
2208:  STOP  
 349:  STOP  
 975:  STOP  
 618:  STOP  
 149:  STOP  
1402:  STOP  
2342:  STOP  
1165:  STOP  
 713:  STOP  
2476:  STOP  
1111:  STOP  
 428:  STOP  
2950:  STOP  
2828:  STOP  
1359:  STOP  
3049:  STOP  
2343:  STOP  
 859:  STOP  
3014:  STOP  
2490:  STOP  
2475:  STOP  
2158:  STOP  
1295:  STOP  
1030:  STOP  
 729:  STOP  
2148:  STOP  
2713:  STOP  
2871:  STOP  
1413:  STOP  
 465:  STOP  
2087:  STOP  
2037:  STOP  
2439:  STOP  
 534:  STOP  
2098:  STOP  
 159:  STOP  
2718:  STOP  
2637:  STOP  
3567:  STOP  
1086:  STOP  
2453:  STOP  
1185:  STOP  
3707:  STOP  
1097:  STOP  
3008:  STOP  
3699:  STOP  
3077:  STOP  
2867:  STOP  
3510:  STOP  
 677:  STOP  
 992:  STOP  
1357:  STOP  
 843:  STOP  
 353:  STOP  
 163:  STOP  
3574:  STOP  
2079:  STOP  
1203:  STOP  
3628:  STOP  
2703:  STOP  
2419:  STOP  
2213:  STOP  
1535:  STOP  
3029:  STOP  
1528:  STOP  
 983:  STOP  
 594:  STOP  
2827:  STOP  
2655:  STOP  
 350:  STOP  
1173:  STOP  
2969:  STOP  
1968:  STOP  
 371:  STOP  
1344:  STOP  
1961:  STOP  
 669:  STOP  
3007:  STOP  
3223:  STOP  
 492:  STOP  
1459:  STOP  
1096:  STOP  
 298:  STOP  
 308:  STOP  
2881:  STOP  
 230:  STOP  
1522:  STOP  
2468:  STOP  
2595:  STOP  
3201:  STOP  
2766:  STOP  
1855:  STOP  
 545:  STOP  
2612:  STOP  
2844:  STOP  
3024:  STOP  
1013:  STOP  
2029:  STOP  
 290:  STOP  
 732:  STOP  
1227:  STOP  
3019:  STOP  
2395:  STOP  
3519:  STOP  
2911:  STOP  
2842:  STOP  
 727:  STOP  
3529:  STOP  
 783:  STOP  
3642:  STOP  
 528:  STOP  
1596:  STOP  
1524:  STOP  
  56:  STOP  
3530:  STOP  
2209:  STOP  
3382:  STOP  
  33:  STOP  
1048:  STOP  
2203:  STOP  
3277:  STOP  
2710:  STOP  
3159:  STOP  
1608:  STOP  
2864:  STOP  
 530:  STOP  
1480:  STOP  
2088:  STOP  
1893:  STOP  
 800:  STOP  
3256:  STOP  
3136:  STOP  
 656:  STOP  
3509:  STOP  
 852:  STOP  
2214:  STOP  
1238:  STOP  
3144:  STOP  
3402:  STOP  
 608:  STOP  
2716:  STOP  
3160:  STOP  
1478:  STOP  
3216:  STOP  
1160:  STOP  
3710:  STOP  
2462:  STOP  
 233:  STOP  
1714:  STOP  
2454:  STOP  
2876:  STOP  
2473:  STOP  
3583:  STOP  
3528:  STOP  
 651:  STOP  
1586:  STOP  
2461:  STOP  
1105:  STOP  
3465:  STOP  
1917:  STOP  
 415:  STOP  
2966:  STOP  
2897:  STOP  
2596:  STOP  
3694:  STOP  
2465:  STOP  
2328:  STOP  
3020:  STOP  
2700:  STOP  
 982:  STOP  
 658:  STOP  
3279:  STOP  
2845:  STOP  
1335:  STOP  
 110:  STOP  
 657:  STOP  
 359:  STOP  
1473:  STOP  
1373:  STOP  
2268:  STOP  
 550:  STOP  
2480:  STOP  
 860:  STOP  
1102:  STOP  
1170:  STOP  
 977:  STOP  
1098:  STOP  
2389:  STOP  
2080:  STOP  
2910:  STOP  
2290:  STOP  
3084:  STOP  
 591:  STOP  
 102:  STOP  
2267:  STOP  
1895:  STOP  
 404:  STOP  
3381:  STOP  
1050:  STOP  
 496:  STOP  
2781:  STOP  
2329:  STOP  
1984:  STOP  
 986:  STOP  
1908:  STOP  
2724:  STOP  
2874:  STOP  
2712:  STOP  
srun: Received task exit notification for 31 tasks of StepId=7593788.0 (status=0x0000).
 365:  STOP  
1485:  STOP  
 972:  STOP  
1161:  STOP  
srun: nid000083: tasks 2542-2572: Completed
 236:  STOP  
3194:  STOP  
1533:  STOP  
 595:  STOP  
2835:  STOP  
3522:  STOP  
1417:  STOP  
 615:  STOP  
1046:  STOP  
2642:  STOP  
 240:  STOP  
2660:  STOP  
3142:  STOP  
2397:  STOP  
2760:  STOP  
2859:  STOP  
2035:  STOP  
1299:  STOP  
1209:  STOP  
1215:  STOP  
3260:  STOP  
3196:  STOP  
1830:  STOP  
1860:  STOP  
3281:  STOP  
1093:  STOP  
3387:  STOP  
3636:  STOP  
3036:  STOP  
1536:  STOP  
  99:  STOP  
3691:  STOP  
1833:  STOP  
1168:  STOP  
3391:  STOP  
 103:  STOP  
3207:  STOP  
2040:  STOP  
3023:  STOP  
1652:  STOP  
1918:  STOP  
2326:  STOP  
 285:  STOP  
2345:  STOP  
2968:  STOP  
 719:  STOP  
 731:  STOP  
1711:  STOP  
1462:  STOP  
2773:  STOP  
2225:  STOP  
1296:  STOP  
3565:  STOP  
3452:  STOP  
2034:  STOP  
3197:  STOP  
1915:  STOP  
 363:  STOP  
 283:  STOP  
2970:  STOP  
1338:  STOP  
2698:  STOP  
3220:  STOP  
2939:  STOP  
 988:  STOP  
1670:  STOP  
2878:  STOP  
 219:  STOP  
2401:  STOP  
1043:  STOP  
 607:  STOP  
1423:  STOP  
2287:  STOP  
2912:  STOP  
2580:  STOP  
 970:  STOP  
1294:  STOP  
  96:  STOP  
3021:  STOP  
 292:  STOP  
 856:  STOP  
3434:  STOP  
 605:  STOP  
 248:  STOP  
1466:  STOP  
2869:  STOP  
3383:  STOP  
 276:  STOP  
3395:  STOP  
2699:  STOP  
3027:  STOP  
3132:  STOP  
3507:  STOP  
3429:  STOP  
2902:  STOP  
1047:  STOP  
3638:  STOP  
3147:  STOP  
2583:  STOP  
1585:  STOP  
2276:  STOP  
3266:  STOP  
 674:  STOP  
 234:  STOP  
3450:  STOP  
2769:  STOP  
2202:  STOP  
srun: Received task exit notification for 31 tasks of StepId=7593788.0 (status=0x0000).
1597:  STOP  
2837:  STOP  
 108:  STOP  
2761:  STOP  
srun: nid000087: tasks 2666-2696: Completed
1341:  STOP  
1025:  STOP  
1054:  STOP  
 663:  STOP  
 225:  STOP  
 548:  STOP  
1538:  STOP  
2313:  STOP  
 654:  STOP  
 299:  STOP  
2205:  STOP  
2958:  STOP  
1896:  STOP  
3701:  STOP  
2266:  STOP  
2714:  STOP  
3651:  STOP  
2884:  STOP  
 857:  STOP  
3258:  STOP  
1583:  STOP  
2413:  STOP  
2016:  STOP  
1278:  STOP  
3644:  STOP  
2096:  STOP  
1653:  STOP  
2870:  STOP  
2393:  STOP  
2458:  STOP  
 115:  STOP  
 671:  STOP  
2909:  STOP  
1088:  STOP  
 357:  STOP  
 343:  STOP  
3524:  STOP  
2849:  STOP  
2081:  STOP  
3533:  STOP  
1157:  STOP  
3032:  STOP  
 680:  STOP  
3134:  STOP  
 356:  STOP  
2574:  STOP  
3198:  STOP  
2722:  STOP  
1523:  STOP  
3158:  STOP  
3451:  STOP  
 552:  STOP  
 282:  STOP  
 551:  STOP  
 231:  STOP  
 243:  STOP  
2095:  STOP  
3211:  STOP  
2101:  STOP  
 850:  STOP  
1023:  STOP  
 344:  STOP  
3646:  STOP  
3035:  STOP  
2960:  STOP  
1526:  STOP  
 369:  STOP  
3468:  STOP  
 853:  STOP  
1891:  STOP  
 121:  STOP  
2704:  STOP  
 838:  STOP  
1297:  STOP  
3633:  STOP  
3463:  STOP  
3011:  STOP  
1537:  STOP  
 664:  STOP  
1520:  STOP  
2581:  STOP  
2973:  STOP  
1654:  STOP  
1282:  STOP  
1287:  STOP  
2866:  STOP  
 589:  STOP  
2085:  STOP  
1274:  STOP  
 360:  STOP  
3460:  STOP  
1273:  STOP  
3139:  STOP  
2019:  STOP  
2887:  STOP  
2727:  STOP  
2707:  STOP  
3012:  STOP  
1668:  STOP  
1272:  STOP  
3471:  STOP  
3148:  STOP  
1288:  STOP  
2264:  STOP  
 667:  STOP  
2281:  STOP  
2963:  STOP  
1582:  STOP  
1176:  STOP  
 279:  STOP  
 345:  STOP  
1899:  STOP  
3445:  STOP  
1607:  STOP  
3650:  STOP  
3647:  STOP  
3446:  STOP  
1174:  STOP  
1547:  STOP  
2953:  STOP  
 848:  STOP  
2471:  STOP  
1283:  STOP  
1277:  STOP  
 592:  STOP  
 606:  STOP  
1671:  STOP  
2082:  STOP  
1649:  STOP  
 840:  STOP  
1657:  STOP  
 109:  STOP  
 866:  STOP  
 120:  STOP  
1171:  STOP  
3018:  STOP  
3212:  STOP  
 119:  STOP  
1656:  STOP  
3210:  STOP  
3456:  STOP  
1169:  STOP  
3466:  STOP  
2852:  STOP  
1665:  STOP  
 841:  STOP  
1275:  STOP  
1540:  STOP  
 845:  STOP  
  98:  STOP  
1291:  STOP  
1026:  STOP  
1661:  STOP  
1664:  STOP  
1172:  STOP  
1148:  STOP  
1717:  STOP  
  94:  STOP  
 100:  STOP  
1921:  STOP  
1281:  STOP  
1298:  STOP  
1284:  STOP  
1545:  STOP  
 123:  STOP  
 118:  STOP  
1271:  STOP  
1881:  STOP  
 342:  STOP  
 113:  STOP  
2899:  STOP  
1276:  STOP  
srun: Received task exit notification for 31 tasks of StepId=7593788.0 (status=0x0000).
srun: nid000031: tasks 930-960: Completed
srun: Received task exit notification for 31 tasks of StepId=7593788.0 (status=0x0000).
srun: nid000015: tasks 434-464: Completed
srun: Received task exit notification for 31 tasks of StepId=7593788.0 (status=0x0000).
srun: nid000021: tasks 620-650: Completed
srun: Received task exit notification for 31 tasks of StepId=7593788.0 (status=0x0000).
srun: nid000055: tasks 1674-1704: Completed
srun: Received task exit notification for 31 tasks of StepId=7593788.0 (status=0x0000).
srun: nid000047: tasks 1426-1456: Completed
srun: Received task exit notification for 31 tasks of StepId=7593788.0 (status=0x0000).
srun: nid000007: tasks 186-216: Completed
1290:  STOP  
srun: Received task exit notification for 31 tasks of StepId=7593788.0 (status=0x0000).
srun: nid000091: tasks 2790-2820: Completed
srun: Received task exit notification for 31 tasks of StepId=7593788.0 (status=0x0000).
srun: nid000029: tasks 868-898: Completed
srun: Received task exit notification for 31 tasks of StepId=7593788.0 (status=0x0000).
srun: nid000013: tasks 372-402: Completed
srun: Received task exit notification for 31 tasks of StepId=7593788.0 (status=0x0000).
srun: nid000075: tasks 2294-2324: Completed
srun: Received task exit notification for 31 tasks of StepId=7593788.0 (status=0x0000).
srun: nid000045: tasks 1364-1394: Completed
srun: Received task exit notification for 31 tasks of StepId=7593788.0 (status=0x0000).
srun: nid000073: tasks 2232-2262: Completed
srun: Received task exit notification for 30 tasks of StepId=7593788.0 (status=0x0000).
srun: nid000001: tasks 1-30: Completed
srun: Received task exit notification for 31 tasks of StepId=7593788.0 (status=0x0000).
srun: nid000097: tasks 2976-3006: Completed
srun: Received task exit notification for 31 tasks of StepId=7593788.0 (status=0x0000).
srun: nid000061: tasks 1860-1890: Completed
srun: Received task exit notification for 31 tasks of StepId=7593788.0 (status=0x0000).
srun: nid000117: tasks 3596-3626: Completed
srun: Received task exit notification for 31 tasks of StepId=7593788.0 (status=0x0000).
srun: nid000101: tasks 3100-3130: Completed
srun: Received task exit notification for 31 tasks of StepId=7593788.0 (status=0x0000).
srun: nid000057: tasks 1736-1766: Completed
srun: Received task exit notification for 31 tasks of StepId=7593788.0 (status=0x0000).
srun: nid000051: tasks 1550-1580: Completed
srun: Received task exit notification for 31 tasks of StepId=7593788.0 (status=0x0000).
srun: nid000009: tasks 248-278: Completed
srun: Received task exit notification for 31 tasks of StepId=7593788.0 (status=0x0000).
srun: nid000111: tasks 3410-3440: Completed
srun: Received task exit notification for 31 tasks of StepId=7593788.0 (status=0x0000).
srun: nid000049: tasks 1488-1518: Completed
srun: Received task exit notification for 31 tasks of StepId=7593788.0 (status=0x0000).
srun: nid000027: tasks 806-836: Completed
srun: Received task exit notification for 31 tasks of StepId=7593788.0 (status=0x0000).
srun: nid000023: tasks 682-712: Completed
srun: Received task exit notification for 31 tasks of StepId=7593788.0 (status=0x0000).
srun: nid000099: tasks 3038-3068: Completed
srun: Received task exit notification for 31 tasks of StepId=7593788.0 (status=0x0000).
srun: nid000071: tasks 2170-2200: Completed
srun: Received task exit notification for 31 tasks of StepId=7593788.0 (status=0x0000).
srun: nid000069: tasks 2108-2138: Completed
srun: Received task exit notification for 31 tasks of StepId=7593788.0 (status=0x0000).
srun: nid000059: tasks 1798-1828: Completed
srun: Received task exit notification for 31 tasks of StepId=7593788.0 (status=0x0000).
srun: nid000003: tasks 62-92: Completed
srun: Received task exit notification for 31 tasks of StepId=7593788.0 (status=0x0000).
srun: nid000115: tasks 3534-3564: Completed
srun: Received task exit notification for 31 tasks of StepId=7593788.0 (status=0x0000).
srun: nid000067: tasks 2046-2076: Completed
srun: Received task exit notification for 31 tasks of StepId=7593788.0 (status=0x0000).
srun: nid000077: tasks 2356-2386: Completed
srun: Received task exit notification for 31 tasks of StepId=7593788.0 (status=0x0000).
srun: nid000025: tasks 744-774: Completed
srun: Received task exit notification for 31 tasks of StepId=7593788.0 (status=0x0000).
srun: nid000065: tasks 1984-2014: Completed
srun: Received task exit notification for 31 tasks of StepId=7593788.0 (status=0x0000).
srun: nid000039: tasks 1178-1208: Completed
srun: Received task exit notification for 31 tasks of StepId=7593788.0 (status=0x0000).
srun: nid000103: tasks 3162-3192: Completed
srun: Received task exit notification for 31 tasks of StepId=7593788.0 (status=0x0000).
srun: nid000095: tasks 2914-2944: Completed
srun: Received task exit notification for 31 tasks of StepId=7593788.0 (status=0x0000).
srun: nid000105: tasks 3224-3254: Completed
srun: Received task exit notification for 31 tasks of StepId=7593788.0 (status=0x0000).
srun: nid000119: tasks 3658-3688: Completed
srun: Received task exit notification for 31 tasks of StepId=7593788.0 (status=0x0000).
srun: nid000011: tasks 310-340: Completed
srun: Received task exit notification for 31 tasks of StepId=7593788.0 (status=0x0000).
srun: nid000017: tasks 496-526: Completed
srun: Received task exit notification for 31 tasks of StepId=7593788.0 (status=0x0000).
srun: nid000058: tasks 1767-1797: Completed
srun: Received task exit notification for 31 tasks of StepId=7593788.0 (status=0x0000).
srun: nid000063: tasks 1922-1952: Completed
srun: Received task exit notification for 31 tasks of StepId=7593788.0 (status=0x0000).
srun: nid000056: tasks 1705-1735: Completed
srun: Received task exit notification for 28 tasks of StepId=7593788.0 (status=0x0000).
srun: nid000019: tasks 558-559,562-564,566-588: Completed
srun: Received task exit notification for 31 tasks of StepId=7593788.0 (status=0x0000).
srun: nid000070: tasks 2139-2169: Completed
srun: Received task exit notification for 31 tasks of StepId=7593788.0 (status=0x0000).
srun: nid000046: tasks 1395-1425: Completed
srun: Received task exit notification for 31 tasks of StepId=7593788.0 (status=0x0000).
srun: nid000054: tasks 1643-1673: Completed
srun: Received task exit notification for 29 tasks of StepId=7593788.0 (status=0x0000).
srun: nid000035: tasks 1054-1058,1061-1084: Completed
srun: Received task exit notification for 31 tasks of StepId=7593788.0 (status=0x0000).
srun: nid000005: tasks 124-154: Completed
srun: Received task exit notification for 26 tasks of StepId=7593788.0 (status=0x0000).
srun: nid000107: tasks 3286,3291-3315: Completed
srun: Received task exit notification for 31 tasks of StepId=7593788.0 (status=0x0000).
srun: nid000030: tasks 899-929: Completed
srun: Received task exit notification for 31 tasks of StepId=7593788.0 (status=0x0000).
srun: nid000014: tasks 403-433: Completed
srun: Received task exit notification for 31 tasks of StepId=7593788.0 (status=0x0000).
srun: nid000006: tasks 155-185: Completed
srun: Received task exit notification for 31 tasks of StepId=7593788.0 (status=0x0000).
srun: nid000026: tasks 775-805: Completed
srun: Received task exit notification for 31 tasks of StepId=7593788.0 (status=0x0000).
srun: nid000108: tasks 3317-3347: Completed
srun: Received task exit notification for 25 tasks of StepId=7593788.0 (status=0x0000).
srun: nid000041: tasks 1240-1241,1243,1248-1269: Completed
srun: Received task exit notification for 31 tasks of StepId=7593788.0 (status=0x0000).
srun: nid000060: tasks 1829-1859: Completed
srun: Received task exit notification for 31 tasks of StepId=7593788.0 (status=0x0000).
srun: nid000109: tasks 3348-3378: Completed
srun: Received task exit notification for 31 tasks of StepId=7593788.0 (status=0x0000).
srun: nid000092: tasks 2821-2851: Completed
srun: Received task exit notification for 31 tasks of StepId=7593788.0 (status=0x0000).
srun: nid000053: tasks 1612-1642: Completed
srun: Received task exit notification for 31 tasks of StepId=7593788.0 (status=0x0000).
srun: nid000052: tasks 1581-1611: Completed
srun: Received task exit notification for 31 tasks of StepId=7593788.0 (status=0x0000).
srun: nid000033: tasks 992-1022: Completed
srun: Received task exit notification for 31 tasks of StepId=7593788.0 (status=0x0000).
srun: nid000080: tasks 2449-2479: Completed
srun: Received task exit notification for 31 tasks of StepId=7593788.0 (status=0x0000).
srun: nid000078: tasks 2387-2417: Completed
srun: Received task exit notification for 31 tasks of StepId=7593788.0 (status=0x0000).
srun: nid000098: tasks 3007-3037: Completed
srun: Received task exit notification for 31 tasks of StepId=7593788.0 (status=0x0000).
srun: nid000096: tasks 2945-2975: Completed
srun: Received task exit notification for 31 tasks of StepId=7593788.0 (status=0x0000).
srun: nid000044: tasks 1333-1363: Completed
srun: Received task exit notification for 31 tasks of StepId=7593788.0 (status=0x0000).
srun: nid000084: tasks 2573-2603: Completed
srun: Received task exit notification for 31 tasks of StepId=7593788.0 (status=0x0000).
srun: nid000079: tasks 2418-2448: Completed
srun: Received task exit notification for 31 tasks of StepId=7593788.0 (status=0x0000).
srun: nid000076: tasks 2325-2355: Completed
srun: Received task exit notification for 31 tasks of StepId=7593788.0 (status=0x0000).
srun: nid000037: tasks 1116-1146: Completed
srun: Received task exit notification for 31 tasks of StepId=7593788.0 (status=0x0000).
srun: nid000074: tasks 2263-2293: Completed
srun: Received task exit notification for 31 tasks of StepId=7593788.0 (status=0x0000).
srun: nid000118: tasks 3627-3657: Completed
srun: Received task exit notification for 31 tasks of StepId=7593788.0 (status=0x0000).
srun: nid000068: tasks 2077-2107: Completed
srun: Received task exit notification for 31 tasks of StepId=7593788.0 (status=0x0000).
srun: nid000102: tasks 3131-3161: Completed
srun: Received task exit notification for 31 tasks of StepId=7593788.0 (status=0x0000).
srun: nid000093: tasks 2852-2882: Completed
srun: Received task exit notification for 31 tasks of StepId=7593788.0 (status=0x0000).
srun: nid000066: tasks 2015-2045: Completed
srun: Received task exit notification for 31 tasks of StepId=7593788.0 (status=0x0000).
srun: nid000088: tasks 2697-2727: Completed
srun: Received task exit notification for 31 tasks of StepId=7593788.0 (status=0x0000).
srun: nid000072: tasks 2201-2231: Completed
srun: Received task exit notification for 27 tasks of StepId=7593788.0 (status=0x0000).
srun: nid000089: tasks 2728-2729,2732-2733,2736-2758: Completed
srun: Received task exit notification for 31 tasks of StepId=7593788.0 (status=0x0000).
srun: nid000100: tasks 3069-3099: Completed
srun: Received task exit notification for 25 tasks of StepId=7593788.0 (status=0x0000).
srun: nid000043: tasks 1302-1303,1309-1326,1328-1332: Completed
srun: Received task exit notification for 25 tasks of StepId=7593788.0 (status=0x0000).
srun: nid000113: tasks 3472,3478-3500,3502: Completed
srun: Received task exit notification for 31 tasks of StepId=7593788.0 (status=0x0000).
srun: nid000010: tasks 279-309: Completed
srun: Received task exit notification for 31 tasks of StepId=7593788.0 (status=0x0000).
srun: nid000032: tasks 961-991: Completed
srun: Received task exit notification for 31 tasks of StepId=7593788.0 (status=0x0000).
srun: nid000112: tasks 3441-3471: Completed
srun: Received task exit notification for 31 tasks of StepId=7593788.0 (status=0x0000).
srun: nid000002: tasks 31-61: Completed
srun: Received task exit notification for 31 tasks of StepId=7593788.0 (status=0x0000).
srun: nid000018: tasks 527-557: Completed
srun: Received task exit notification for 31 tasks of StepId=7593788.0 (status=0x0000).
srun: nid000050: tasks 1519-1549: Completed
srun: Received task exit notification for 27 tasks of StepId=7593788.0 (status=0x0000).
srun: nid000081: tasks 2480-2481,2483,2485,2488-2510: Completed
   0:  STOP  
srun: Received task exit notification for 26 tasks of StepId=7593788.0 (status=0x0000).
srun: nid000085: tasks 2604-2605,2607,2610,2612-2632,2634: Completed
srun: Received task exit notification for 31 tasks of StepId=7593788.0 (status=0x0000).
srun: nid000090: tasks 2759-2789: Completed
srun: Received task exit notification for 31 tasks of StepId=7593788.0 (status=0x0000).
srun: nid000114: tasks 3503-3533: Completed
srun: Received task exit notification for 31 tasks of StepId=7593788.0 (status=0x0000).
srun: nid000106: tasks 3255-3285: Completed
srun: Received task exit notification for 31 tasks of StepId=7593788.0 (status=0x0000).
srun: nid000116: tasks 3565-3595: Completed
srun: Received task exit notification for 31 tasks of StepId=7593788.0 (status=0x0000).
srun: nid000040: tasks 1209-1239: Completed
srun: Received task exit notification for 31 tasks of StepId=7593788.0 (status=0x0000).
srun: nid000012: tasks 341-371: Completed
srun: Received task exit notification for 31 tasks of StepId=7593788.0 (status=0x0000).
srun: nid000121: tasks 3689-3719: Completed
srun: Received task exit notification for 31 tasks of StepId=7593788.0 (status=0x0000).
srun: nid000008: tasks 217-247: Completed
srun: Received task exit notification for 31 tasks of StepId=7593788.0 (status=0x0000).
srun: nid000016: tasks 465-495: Completed
srun: Received task exit notification for 31 tasks of StepId=7593788.0 (status=0x0000).
srun: nid000034: tasks 1023-1053: Completed
srun: Received task exit notification for 31 tasks of StepId=7593788.0 (status=0x0000).
srun: nid000024: tasks 713-743: Completed
srun: Received task exit notification for 31 tasks of StepId=7593788.0 (status=0x0000).
srun: nid000022: tasks 651-681: Completed
srun: Received task exit notification for 31 tasks of StepId=7593788.0 (status=0x0000).
srun: nid000062: tasks 1891-1921: Completed
srun: Received task exit notification for 31 tasks of StepId=7593788.0 (status=0x0000).
srun: nid000064: tasks 1953-1983: Completed
srun: Received task exit notification for 31 tasks of StepId=7593788.0 (status=0x0000).
srun: nid000086: tasks 2635-2665: Completed
srun: Received task exit notification for 31 tasks of StepId=7593788.0 (status=0x0000).
srun: nid000028: tasks 837-867: Completed
srun: Received task exit notification for 31 tasks of StepId=7593788.0 (status=0x0000).
srun: nid000004: tasks 93-123: Completed
srun: Received task exit notification for 31 tasks of StepId=7593788.0 (status=0x0000).
srun: nid000048: tasks 1457-1487: Completed
srun: Received task exit notification for 31 tasks of StepId=7593788.0 (status=0x0000).
srun: nid000094: tasks 2883-2913: Completed
srun: Received task exit notification for 31 tasks of StepId=7593788.0 (status=0x0000).
srun: nid000038: tasks 1147-1177: Completed
srun: Received task exit notification for 31 tasks of StepId=7593788.0 (status=0x0000).
srun: nid000036: tasks 1085-1115: Completed
srun: Received task exit notification for 31 tasks of StepId=7593788.0 (status=0x0000).
srun: nid000104: tasks 3193-3223: Completed
srun: Received task exit notification for 1 task of StepId=7593788.0 (status=0x0000).
srun: nid000001: task 0: Completed
srun: Received task exit notification for 31 tasks of StepId=7593788.0 (status=0x0000).
srun: nid000042: tasks 1271-1301: Completed
srun: Received task exit notification for 31 tasks of StepId=7593788.0 (status=0x0000).
srun: nid000020: tasks 589-619: Completed
srun: Received task exit notification for 31 tasks of StepId=7593788.0 (status=0x0000).
srun: nid000110: tasks 3379-3409: Completed
	Command being timed: "srun -v -l --cpu-bind=cores --cpus-per-task=4 mpas.exe"
	User time (seconds): 0.24
	System time (seconds): 0.97
	Percent of CPU this job got: 0%
	Elapsed (wall clock) time (h:mm:ss or m:ss): 7:47.02
	Average shared text size (kbytes): 0
	Average unshared data size (kbytes): 0
	Average stack size (kbytes): 0
	Average total size (kbytes): 0
	Maximum resident set size (kbytes): 10484
	Average resident set size (kbytes): 0
	Major (requiring I/O) page faults: 3
	Minor (reclaiming a frame) page faults: 2988
	Voluntary context switches: 2776
	Involuntary context switches: 295
	Swaps: 0
	File system inputs: 536
	File system outputs: 976
	Socket messages sent: 0
	Socket messages received: 0
	Signals delivered: 0
	Page size (bytes): 4096
	Exit status: 0
+ grep 'Finished running the atmosphere core' /scratch/lus/arw/model/log/log.atmosphere.0000.out
Binary file /scratch/lus/arw/model/log/log.atmosphere.0000.out matches
+ '[' 0 -eq 0 ']'
++ /scratch/lus/dev/bin/smsdate 9 2026081800
+ ASSIM_DATE=2026081809
++ expr 2026081809
++ cut -c1-4
+ ASSIM_YEAR=2026
++ expr 2026081809
++ cut -c5-6
+ ASSIM_MONTH=08
++ expr 2026081809
++ cut -c7-8
+ ASSIM_DAY=18
++ expr 2026081809
++ cut -c9-10
+ ASSIM_HOUR=09
+ ASSIM_DIR=/scratch/lus/tmp/arw/day/assim
+ mkdir -p /scratch/lus/tmp/arw/day/assim
+ SRC_RESTART=/scratch/lus/tmp/arw/day/r12/RSTR.2026-08-18_09.nc
+ DST_RESTART=/scratch/lus/tmp/arw/day/assim/restart.2026-08-18_09:00:00.nc
+ '[' -s /scratch/lus/tmp/arw/day/r12/RSTR.2026-08-18_09.nc ']'
+ rm -f /scratch/lus/tmp/arw/day/assim/restart.2026-08-18_09:00:00.nc
+ mv -f /scratch/lus/tmp/arw/day/r12/RSTR.2026-08-18_09.nc /scratch/lus/tmp/arw/day/assim/restart.2026-08-18_09:00:00.nc
+ echo 'JEDI FGAT restart moved: /scratch/lus/tmp/arw/day/r12/RSTR.2026-08-18_09.nc -> /scratch/lus/tmp/arw/day/assim/restart.2026-08-18_09:00:00.nc'
JEDI FGAT restart moved: /scratch/lus/tmp/arw/day/r12/RSTR.2026-08-18_09.nc -> /scratch/lus/tmp/arw/day/assim/restart.2026-08-18_09:00:00.nc
+ touch /scratch/lus/tmp/arw/day//r12/OK.MPAS.2026081800
+ exit 0
